jurisdiccion,n_observaciones,suficiente_para_modelo_individual
Buenos Aires,13,False
CABA,13,False
Catamarca,13,False
Chaco,13,False
Chubut,13,False
Corrientes,13,False
Córdoba,13,False
Entre Ríos,13,False
Formosa,13,False
Jujuy,13,False
La Pampa,13,False
La Rioja,13,False
Mendoza,13,False
Misiones,13,False
Neuquén,13,False
Río Negro,13,False
Salta,13,False
San Juan,13,False
San Luis,13,False
Santa Cruz,13,False
Santa Fe,13,False
Santiago del Estero,13,False
"Tierra del Fuego, Antártida e Islas del Atlántico Sur",13,False
Tucumán,13,False
