jurisdiccion,tendencia_precipitacion_por_decada,precipitacion_p_valor,pbg_crecimiento_anual_pct,pbg_año_inicio,pbg_año_fin,pbg_n_años
Misiones,-0.2813047417698581,0.0394485471586781,1.6770611152461035,2004,2024,21
Chaco,-0.2391460283902144,0.0210068258631077,2.3352515428446408,2004,2024,21
Corrientes,-0.2391460283902144,0.0210068258631077,2.2385845499736767,2004,2024,21
CABA,-0.1812493707842544,0.0245958456921386,1.56169271863702,2004,2024,21
Buenos Aires,-0.1206747709654686,0.097104611303425,1.762432481967835,2004,2024,21
Córdoba,-0.1187669888251283,0.024099203144929,2.2266251358987743,2004,2024,21
Formosa,-0.1011426557938185,0.1996026795190663,1.5250133446945036,2004,2024,21
La Pampa,-0.0520172656800564,0.4582772745422361,2.4002552951644773,2004,2024,21
Jujuy,-0.0407152924594785,0.4683874865902528,2.572023117495559,2004,2024,21
Salta,-0.0330212423235678,0.4865328550821875,2.126777373232236,2004,2024,21
"Tierra del Fuego, Antártida e Islas del Atlántico Sur",-0.0270713782341689,0.3217004042900268,1.9210319944549248,2004,2024,21
Entre Ríos,-0.0131644518272425,0.8593528495123293,2.2279591141020516,2004,2024,21
Santa Fe,-0.0131644518272425,0.8593528495123293,1.6025019436352483,2004,2024,21
Mendoza,-0.0108439041578576,0.6977884755731498,0.9201114315956715,2004,2024,21
San Luis,-0.0101354072284304,0.8683789879675473,1.0915323535385157,2004,2024,21
San Juan,0.0083081647035135,0.6719494008897471,2.4054729085314586,2004,2024,21
Tucumán,0.0158310681566495,0.793152362878389,2.052902927048028,2004,2024,21
Santa Cruz,0.0268222087989529,0.2743847284239661,0.34894640373812624,2004,2024,21
Río Negro,0.0304741769858049,0.4263361965899539,1.8674908288586423,2004,2024,21
Neuquén,0.0398180308064029,0.3023502813526361,3.312566536139805,2004,2024,21
Catamarca,0.0558303130977549,0.2204264312664329,-0.033378165768871426,2004,2024,21
Santiago del Estero,0.0680723346421021,0.1693897662560685,2.990709302282535,2004,2024,21
Chubut,0.0734093425953891,0.0245862184052604,0.711106658476024,2004,2024,21
La Rioja,0.1014371287627101,0.0065610739070616,1.22984689084773,2004,2024,21
