cultivo,jurisdiccion,n,temp_pct_por_grado,temp_p,lluvia_pct_por_10pct,lluvia_p
Girasol,Buenos Aires,42,-7.987709607974125,0.04079278404773084,-2.056013031517411,0.016331189378347974
Girasol,Chaco,42,-10.261806210894875,0.12169944900136252,-4.45452581729023,0.059305796598185745
Girasol,Córdoba,42,-3.987325698885702,0.4121845751626985,0.3786943504416429,0.8056683815403606
Girasol,Entre Ríos,42,-10.98143676449661,0.03853117583256176,-2.202346468751767,0.06934375845274919
Girasol,La Pampa,42,-9.462250413946528,0.04009840434028435,-1.2001764452816983,0.3728721242240818
Girasol,San Luis,42,-7.705508914317977,0.20781833919696274,2.4687486959405542,0.1148296926873331
Girasol,Santa Fe,42,-7.965953010074411,0.1794588671516805,-2.936282850885673,0.034599512122651326
Girasol,Santiago del Estero,42,-11.082265549188275,0.18000015824195753,-1.105566324153047,0.6706488779933047
Maíz,Buenos Aires,42,-11.706953421207755,0.016235086556090496,1.5373129072283722,0.13608666342581047
Maíz,Catamarca,41,-14.464264040948304,0.01058521438917765,-1.6723886738375602,0.20829706706436674
Maíz,Chaco,42,-14.888415624888662,0.029936491227129172,-0.12521558111305928,0.9574793797029032
Maíz,Corrientes,39,-11.59240697529398,0.12027376952445727,0.0070929509592386475,0.9977969810521172
Maíz,Córdoba,42,-9.723338667418236,0.12027971531436574,3.2849545669813667,0.0993833799287569
Maíz,Entre Ríos,42,-31.503306780653652,0.000876917768958004,2.2255548787605584,0.274283856928647
Maíz,Formosa,42,-6.887372362773286,0.21177964563788018,1.1469848350690524,0.5771450306882987
Maíz,Jujuy,42,-9.181267840322239,0.19813370453577586,1.5366969170330802,0.37083050405980034
Maíz,La Pampa,42,-8.710414294188956,0.052892180453302594,0.819428067708613,0.5332886389457031
Maíz,Misiones,41,-16.774252445057698,0.5030702193393973,0.7296007391630667,0.9103136268841775
Maíz,Salta,42,-2.3635718532526773,0.7357699133735217,4.139756522934232,0.03600148995666108
Maíz,San Luis,42,-10.147729739413691,0.296298451250268,2.647100095508544,0.2843583449615753
Maíz,Santa Fe,42,-28.06816380581254,1.8794369464275123e-06,-0.08246446832925902,0.943129553395674
Maíz,Santiago del Estero,42,-13.761892442614954,0.0416216958523618,-0.9562087481580738,0.647549794898005
Maíz,Tucumán,42,-25.65085664709915,6.486695168843446e-05,-2.2193454609144108,0.255649088221928
Soja,Buenos Aires,42,-9.771602821651825,0.02001925728613436,2.392051848747215,0.015681197182585968
Soja,Catamarca,38,-22.141173401487357,0.006268539056949248,-2.489406372500072,0.2272076062177819
Soja,Chaco,40,-1.5527508516500754,0.8167899201369478,2.6929041854199394,0.31074109295731855
Soja,Corrientes,40,-9.49772403703355,0.08088712243447249,1.0432356029294356,0.6006183933077206
Soja,Córdoba,42,-9.852761397466537,0.011759645811785114,4.077004529789632,0.0031804783110749597
Soja,Entre Ríos,42,-19.758716246201047,2.1770689553599692e-05,2.6389423292773126,0.01194341380054575
Soja,Formosa,28,7.184020555332293,0.3596028887360218,5.716829554508834,0.03912507018100441
Soja,Jujuy,27,-13.260989469506113,0.05296599207415962,3.0862119135382886,0.10129155977808958
Soja,La Pampa,38,-13.034181811582163,0.008898256534722591,0.7603005208824979,0.5885944172777396
Soja,Misiones,21,-15.717813018017813,0.1413852438705033,-1.8552384751236728,0.5970485749621253
Soja,Salta,42,-2.222270941382967,0.792412856226467,6.589580985472946,0.00791734352571541
Soja,San Luis,25,-20.883368968764255,0.0065970497143190135,1.141307747039953,0.48908390431276105
Soja,Santa Fe,42,-17.25312062302271,3.78275568916832e-08,1.0276247371848153,0.10331777972836007
Soja,Santiago del Estero,42,-1.594895253052342,0.7973597717367463,4.503881492857107,0.04570081430906003
Soja,Tucumán,42,-12.79948371631977,0.005481734626783532,0.8759290128738532,0.5742268389249565
Trigo,Buenos Aires,43,-9.792537621688002,0.012470738754741586,0.12405553583627257,0.8600483737271566
Trigo,Catamarca,36,-4.283498030694766,0.6852563120774542,0.9819339646518748,0.4936197782849802
Trigo,Chaco,40,-14.764135628272578,0.007186918427815627,-1.235192976012928,0.424609125185069
Trigo,Córdoba,43,-16.751252430236807,0.0023467191348169993,1.4959383337733472,0.16712709705228287
Trigo,Entre Ríos,43,-10.738860841759879,0.014738409087543768,-2.0684696596480494,0.038551330072954984
Trigo,Jujuy,20,-4.874937448279049,0.6631837694475284,-1.6682530228879449,0.32166506549804225
Trigo,La Pampa,43,-21.545470957307817,0.001630391238825619,1.4969512683478785,0.17773283772040893
Trigo,Salta,42,2.849670148269828,0.6453095402696566,0.4760172989329969,0.6063916299653699
Trigo,San Luis,36,-11.069740999544608,0.14840218549536777,3.34756766856073,0.028261644829638784
Trigo,Santa Fe,43,-14.264686067342003,0.0005797672230820175,-1.3884558831091849,0.12025219904084791
Trigo,Santiago del Estero,43,-10.455748225784745,0.07220150903540815,1.4709084984427063,0.1888120671343362
Trigo,Tucumán,43,-1.2533352901485828,0.8358623551853747,2.3609157546386395,0.05452214037396029
