jurisdiccion,año,año_seco,precipitacion_mm,pbg_crecimiento_pct,crecimiento_relativo_a_su_promedio
Buenos Aires,2005,False,2.4891666666666663,9.3915431982442,7.2052496805222495
Buenos Aires,2006,False,3.0341666666666662,7.237765087865866,5.0514715701439155
Buenos Aires,2007,False,3.1016666666666666,7.181074895372541,4.9947813776505905
Buenos Aires,2008,True,1.9366666666666663,4.770106589718859,2.583813071996908
Buenos Aires,2009,False,2.8341666666666665,-6.315309006232783,-8.501602523954734
Buenos Aires,2010,False,2.855833333333333,12.002020623973198,9.815727106251249
Buenos Aires,2011,True,2.138333333333333,6.237461421816315,4.051167904094364
Buenos Aires,2012,False,3.53,-0.5055038621120111,-2.691797379833962
Buenos Aires,2013,False,2.6733333333333333,1.891728381764679,-0.29456513595727163
Buenos Aires,2014,False,4.31,-3.5096053044415987,-5.695898822163549
Buenos Aires,2015,False,2.556666666666666,3.1353693408298966,0.9490758231079459
Buenos Aires,2016,False,2.8666666666666667,-2.119759606257421,-4.306053123979371
Buenos Aires,2017,False,3.1533333333333338,2.5319236928946776,0.3456301751727269
Buenos Aires,2018,False,3.5308333333333337,-3.2382296821425793,-5.42452319986453
Buenos Aires,2019,False,2.8375,-2.541530996529162,-4.727824514251113
Buenos Aires,2020,True,2.245,-9.074730655298557,-11.261024173020509
Buenos Aires,2021,True,2.270833333333333,10.890446919017393,8.704153401295443
Buenos Aires,2022,True,1.655,5.415509115669237,3.2292155979472863
Buenos Aires,2023,True,2.108333333333333,-1.840703317435688,-4.026996835157639
CABA,2005,True,2.4825,9.05762792086553,7.143364910950273
CABA,2006,False,3.1591666666666662,8.709888828925582,6.795625819010325
CABA,2007,False,3.3633333333333333,10.266516728539932,8.352253718624675
CABA,2008,True,1.8616666666666664,4.5479295454595725,2.6336665355443154
CABA,2009,False,2.9516666666666667,-2.7388008942303754,-4.6530639041456325
CABA,2010,False,3.0383333333333336,5.902467024602509,3.988204014687252
CABA,2011,True,2.145,4.965889564266024,3.051626554350767
CABA,2012,False,3.803333333333333,-1.4732397436624356,-3.3875027535776923
CABA,2013,False,2.5875,0.0820855105684748,-1.832177499346782
CABA,2014,False,4.4625,-2.056098757480629,-3.970361767395886
CABA,2015,False,2.546666666666667,1.465348961585522,-0.4489140483297349
CABA,2016,False,3.0216666666666665,-0.8369138806885279,-2.7511768906037846
CABA,2017,False,3.124166666666667,2.2605863603032406,0.3463233503879837
CABA,2018,False,3.578333333333333,-1.5026716272386165,-3.416934637153873
CABA,2019,False,2.9458333333333333,-4.705694994590692,-6.619958004505949
CABA,2020,True,2.075,-12.072338501639912,-13.986601511555168
CABA,2021,True,2.3800000000000003,9.07041818449137,7.156155174576113
CABA,2022,True,1.6375,5.047399354050097,3.13313634413484
CABA,2023,True,1.655,0.3805976042632109,-1.533665405652046
Catamarca,2005,True,0.93,12.756706950836572,12.228907515325671
Catamarca,2006,True,0.9333333333333332,5.428806396822172,4.901006961311272
Catamarca,2007,False,1.0833333333333333,3.246405763955784,2.718606328444884
Catamarca,2008,False,1.5841666666666665,-3.7796037107320157,-4.307403146242915
Catamarca,2009,True,0.8691666666666666,-8.739315638756162,-9.267115074267062
Catamarca,2010,False,1.2033333333333334,2.4346710049654385,1.9068715694545386
Catamarca,2011,False,1.0608333333333333,-0.6429470456949526,-1.1707464812058526
Catamarca,2012,True,0.8650000000000001,2.226891263734143,1.6990918282232432
Catamarca,2013,False,1.2016666666666669,-4.350235541469505,-4.8780349769804054
Catamarca,2014,False,1.7091666666666667,3.0196707331929584,2.4918712976820583
Catamarca,2015,False,1.9283333333333332,-9.569627985484153,-10.097427420995054
Catamarca,2016,False,1.5016666666666667,0.05816150424855504,-0.4696379312623449
Catamarca,2017,False,1.5608333333333333,-1.5467674454027192,-2.0745668809136193
Catamarca,2018,False,1.419166666666667,-4.551428253981527,-5.079227689492427
Catamarca,2019,False,1.7516666666666667,-9.57590115821948,-10.10370059373038
Catamarca,2020,False,1.2441666666666666,-9.89693015127463,-10.42472958678553
Catamarca,2021,False,2.180833333333333,16.387396011079304,15.859596575568403
Catamarca,2022,False,1.7666666666666666,11.22010317525477,10.69230373974387
Catamarca,2023,False,1.7341666666666666,5.902133401632548,5.374333966121648
Chaco,2005,True,3.1425,11.747245812566543,8.724727534432914
Chaco,2006,False,3.749166666666667,9.646513217748321,6.6239949396146915
Chaco,2007,False,3.5133333333333336,8.990073913133113,5.967555634999483
Chaco,2008,True,2.375833333333333,5.609552223062075,2.587033944928445
Chaco,2009,False,3.75,-4.751142041018753,-7.773660319152382
Chaco,2010,False,3.525,12.61824907980824,9.59573080167461
Chaco,2011,True,3.4308333333333336,10.501357625956631,7.478839347823001
Chaco,2012,True,2.9525,-8.892050840100463,-11.914569118234093
Chaco,2013,False,3.93,4.913210680043134,1.890692401909504
Chaco,2014,False,4.3308333333333335,7.939160722750316,4.916642444616686
Chaco,2015,False,4.4375,-1.1396267810826255,-4.162145059216256
Chaco,2016,False,4.695833333333334,-1.2053245526014944,-4.227842830735124
Chaco,2017,False,4.371666666666667,3.9307875144714677,0.9082692363378375
Chaco,2018,False,4.493333333333333,-1.300912477515337,-4.3234307556489675
Chaco,2019,False,4.8133333333333335,-5.444027845466959,-8.466546123600589
Chaco,2020,True,2.655,-6.138394453313523,-9.160912731447153
Chaco,2021,True,3.0116666666666667,6.62468643208578,3.60216815395215
Chaco,2022,True,2.481666666666667,6.4176342006422304,3.3951159225086003
Chaco,2023,False,4.310833333333333,-2.6391451466297178,-5.661663424763348
Chubut,2005,False,0.9491666666666668,4.3896428261556375,3.4166426244247283
Chubut,2006,False,0.7666666666666666,10.373940638883482,9.400940437152572
Chubut,2007,True,0.5958333333333333,1.8548810560541584,0.881880854323249
Chubut,2008,True,0.4725,1.097412436607459,0.12441223487654951
Chubut,2009,True,0.4916666666666667,-5.361414020066513,-6.334414221797422
Chubut,2010,True,0.5516666666666666,6.896669313485138,5.923669111754228
Chubut,2011,True,0.5025000000000001,4.003885246034589,3.0308850443036794
Chubut,2012,False,0.6033333333333334,-3.5804259631198154,-4.553426164850725
Chubut,2013,False,0.815,3.0825499963694325,2.1095497946385233
Chubut,2014,False,0.8275,2.5981211579656716,1.6251209562347622
Chubut,2015,False,0.6983333333333333,0.8128921632477804,-0.16010803848312904
Chubut,2016,False,0.9358333333333334,-3.8738246647006314,-4.8468248664315405
Chubut,2017,False,1.1525,2.746031174459329,1.7730309727284197
Chubut,2018,False,0.6558333333333334,-0.4619571554561497,-1.434957357187059
Chubut,2019,False,0.8466666666666667,1.1527708614890164,0.17977065975810702
Chubut,2020,False,1.4858333333333336,-10.289198073717632,-11.262198275448542
Chubut,2021,False,1.3383333333333332,3.923215954758419,2.9502157530275097
Chubut,2022,False,1.3083333333333331,1.2604575036154086,0.28745730188449925
Chubut,2023,False,1.215833333333333,-2.1386466191774978,-3.1116468209084074
Corrientes,2005,True,3.1425,13.454366700259746,10.681297385030108
Corrientes,2006,False,3.749166666666667,5.233220496851088,2.46015118162145
Corrientes,2007,False,3.5133333333333336,6.695203821205942,3.922134505976304
Corrientes,2008,True,2.375833333333333,4.229799785412891,1.4567304701832535
Corrientes,2009,False,3.75,-3.099011299538701,-5.872080614768338
Corrientes,2010,False,3.525,5.704475580585289,2.931406265355651
Corrientes,2011,True,3.4308333333333336,9.733526151904393,6.960456836674755
Corrientes,2012,True,2.9525,0.5328044062784087,-2.2402649089512288
Corrientes,2013,False,3.93,2.6068462304522644,-0.16622308477737313
Corrientes,2014,False,4.3308333333333335,0.38363920348873926,-2.3894301117408983
Corrientes,2015,False,4.4375,2.7574922820015724,-0.01557703322806514
Corrientes,2016,False,4.695833333333334,-2.015265130048638,-4.7883344452782755
Corrientes,2017,False,4.371666666666667,4.81999342805568,2.0469241128260425
Corrientes,2018,False,4.493333333333333,1.2028208255761674,-1.57024848965347
Corrientes,2019,False,4.8133333333333335,-3.5561671831228936,-6.329236498352531
Corrientes,2020,True,2.655,-8.638173188452903,-11.41124250368254
Corrientes,2021,True,3.0116666666666667,9.112258634760995,6.339189319531357
Corrientes,2022,True,2.481666666666667,1.5359239650330814,-1.2371453501965561
Corrientes,2023,False,4.310833333333333,1.9945622786599948,-0.7785070365696427
Córdoba,2005,False,2.275,16.320587596145742,13.923962058057304
Córdoba,2006,False,2.5166666666666666,6.208180749754066,3.811555211665629
Córdoba,2007,True,1.9566666666666668,13.340697117825439,10.944071579737
Córdoba,2008,False,2.0383333333333336,2.3187598905065165,-0.07786564758192105
Córdoba,2009,True,1.5166666666666666,-9.129257018793824,-11.525882556882262
Córdoba,2010,False,2.025,12.781929713199315,10.385304175110877
Córdoba,2011,True,1.7908333333333333,4.498038674612959,2.101413136524521
Córdoba,2012,False,1.9891666666666667,-4.585644983122117,-6.982270521210555
Córdoba,2013,False,2.0925,7.4687875257691605,5.0721619876807225
Córdoba,2014,False,2.583333333333333,-1.3082237257577733,-3.704849263846211
Córdoba,2015,False,2.9616666666666664,3.9709713853608664,1.5743458472724288
Córdoba,2016,False,2.6666666666666665,-1.558019921051268,-3.9546454591397056
Córdoba,2017,False,2.095,2.100235392032457,-0.2963901460559808
Córdoba,2018,True,1.8258333333333332,-6.5604989505209215,-8.95712448860936
Córdoba,2019,False,2.333333333333333,2.3577784338942864,-0.03884710419415116
Córdoba,2020,True,1.6033333333333335,-11.014808349431416,-13.411433887519854
Córdoba,2021,False,2.0466666666666664,12.13976840935931,9.743142871270871
Córdoba,2022,True,1.4533333333333334,3.1509238340245327,0.7542982959360951
Córdoba,2023,True,1.6333333333333335,-6.964320550127012,-9.36094608821545
Entre Ríos,2005,False,3.575,12.175162148824548,9.668608201952281
Entre Ríos,2006,False,2.901666666666667,6.441090239311209,3.934536292438942
Entre Ríos,2007,False,3.4875000000000003,10.513352356350559,8.006798409478293
Entre Ríos,2008,True,1.6841666666666668,2.454545133072772,-0.05200881379949518
Entre Ríos,2009,False,3.244166666666666,-7.722849168309143,-10.229403115181409
Entre Ríos,2010,False,2.873333333333333,14.885228380280013,12.378674433407745
Entre Ríos,2011,False,2.7591666666666668,4.676392755060932,2.169838808188665
Entre Ríos,2012,False,3.6175,-0.37396648799805643,-2.8805204348703235
Entre Ríos,2013,True,2.556666666666666,3.322323567679719,0.8157696208074521
Entre Ríos,2014,False,3.464166666666667,-1.413455229664795,-3.920009176537062
Entre Ríos,2015,False,3.1825,3.543221416297637,1.0366674694253701
Entre Ríos,2016,False,4.176666666666667,-4.653778746248516,-7.160332693120783
Entre Ríos,2017,False,3.4225,5.005261984196796,2.498708037324529
Entre Ríos,2018,False,2.9633333333333334,-3.926638287521478,-6.433192234393745
Entre Ríos,2019,False,3.595833333333333,1.555111501573414,-0.951442445298853
Entre Ríos,2020,True,2.424166666666667,-6.720616478836616,-9.227170425708884
Entre Ríos,2021,False,2.8441666666666667,6.665478309784012,4.158924362911745
Entre Ríos,2022,True,2.0641666666666665,5.3024888570047946,2.7959349101325275
Entre Ríos,2023,True,2.5075,-4.103827260284731,-6.6103812071569985
Formosa,2005,True,3.000833333333333,12.993601011051403,10.511921999335165
Formosa,2006,False,3.8683333333333336,6.934070323835351,4.452391312119113
Formosa,2007,False,3.725,8.285638260260608,5.803959248544371
Formosa,2008,True,2.735,-0.4416379233036394,-2.923316935019877
Formosa,2009,False,3.6208333333333336,-0.06734984022122026,-2.5490288519374578
Formosa,2010,False,3.6075,5.224162048094483,2.7424830363782453
Formosa,2011,False,3.578333333333333,8.781543705062012,6.299864693345774
Formosa,2012,True,3.3666666666666667,0.08536654390736143,-2.396312467808876
Formosa,2013,True,3.3666666666666667,2.5082315796155275,0.026552567899289947
Formosa,2014,False,4.8933333333333335,-1.2074246887509466,-3.689103700467184
Formosa,2015,False,4.929166666666666,5.946755496429157,3.4650764847129194
Formosa,2016,False,4.383333333333334,-0.38350540738129046,-2.865184419097528
Formosa,2017,False,3.9675,2.560325376003836,0.0786463642875983
Formosa,2018,False,4.410833333333334,-0.5189265187717007,-3.000605530487938
Formosa,2019,False,3.818333333333333,-5.747061209175508,-8.228740220891744
Formosa,2020,True,2.9858333333333333,-6.499491778758193,-8.98117079047443
Formosa,2021,True,3.395,11.025819606782349,8.54414059506611
Formosa,2022,True,3.033333333333333,0.11915204171808469,-2.362526969998153
Formosa,2023,False,3.990833333333333,-2.447367403789158,-4.929046415505395
Jujuy,2005,True,1.6941666666666666,5.489403220001354,2.1079440944159424
Jujuy,2006,False,1.9841666666666669,6.254523878842311,2.873064753256899
Jujuy,2007,False,2.408333333333333,8.157757819070977,4.776298693485565
Jujuy,2008,False,2.779166666666667,4.713985483066163,1.3325263574807513
Jujuy,2009,False,2.1216666666666666,-1.2366693730325728,-4.618128498617985
Jujuy,2010,True,1.7658333333333331,10.446410147755048,7.064951022169636
Jujuy,2011,False,2.0325,5.074838144689009,1.6933790191035971
Jujuy,2012,True,1.755,2.4173178202937518,-0.9641413052916601
Jujuy,2013,True,1.5725,0.3940852146826934,-2.9873739109027184
Jujuy,2014,False,2.2158333333333333,0.838295466803407,-2.543163658782005
Jujuy,2015,False,2.1533333333333333,4.682335040583818,1.3008759149984064
Jujuy,2016,False,2.6175,-3.6374110582707675,-7.01887018385618
Jujuy,2017,True,1.850833333333333,3.020691215776683,-0.36076790980872886
Jujuy,2018,False,2.5091666666666668,-1.0839094570613828,-4.465368582646795
Jujuy,2019,False,2.4525,1.3551163044810854,-2.0263428211043264
Jujuy,2020,False,2.165833333333333,-8.80571539269277,-12.187174518278182
Jujuy,2021,False,2.2425,14.690145620495553,11.308686494910141
Jujuy,2022,False,3.763333333333333,8.665247911756179,5.283788786170767
Jujuy,2023,True,1.9108333333333332,2.811275378882283,-0.5701837467031288
La Pampa,2005,True,1.4016666666666666,20.425667206776964,17.665379920398777
La Pampa,2006,True,1.7466666666666668,0.19401958145182086,-2.5662677049263656
La Pampa,2007,False,1.92,12.012482405139192,9.252195118761005
La Pampa,2008,True,1.6233333333333333,7.905927644413691,5.145640358035504
La Pampa,2009,True,1.1975,-7.415785757952953,-10.17607304433114
La Pampa,2010,False,1.8858333333333333,6.789890095292561,4.029602808914374
La Pampa,2011,False,1.87,6.938496847875064,4.178209561496878
La Pampa,2012,False,2.849166666666666,0.07292533117857491,-2.6873619551996115
La Pampa,2013,True,1.4983333333333333,0.9459541722670828,-1.8143331141111037
La Pampa,2014,False,2.703333333333333,-4.684265641551988,-7.444552927930175
La Pampa,2015,False,2.044166666666667,5.430971050567024,2.6706837641888375
La Pampa,2016,False,2.813333333333333,3.4775031037958204,0.717215817417634
La Pampa,2017,False,3.135833333333333,-2.908943249299134,-5.66923053567732
La Pampa,2018,True,1.481666666666667,-1.6619320237521773,-4.422219310130364
La Pampa,2019,True,1.225833333333333,2.369872383679894,-0.3904149026982924
La Pampa,2020,False,2.76,-10.160466789344202,-12.920754075722389
La Pampa,2021,False,2.6941666666666664,8.01278180275029,5.252494516372103
La Pampa,2022,True,1.5658333333333332,9.705861249434754,6.945573963056567
La Pampa,2023,False,1.8341666666666665,-5.005500971536736,-7.765788257914922
La Rioja,2005,False,1.1266666666666667,7.8686954723832025,6.007742805731683
La Rioja,2006,False,0.8658333333333333,4.8937441186115205,3.03279145196
La Rioja,2007,False,1.2366666666666666,9.719187414393126,7.858234747741605
La Rioja,2008,False,1.7275,-1.449492576791045,-3.3104452434425653
La Rioja,2009,False,1.0466666666666666,-3.610942347940571,-5.471895014592091
La Rioja,2010,False,1.2133333333333334,10.453391173023686,8.592438506372165
La Rioja,2011,False,0.9941666666666666,5.415667226406118,3.5547145597545975
La Rioja,2012,True,0.8625000000000002,-3.6744042157283774,-5.535356882379897
La Rioja,2013,True,0.7425,4.680806984538388,2.819854317886868
La Rioja,2014,False,1.285,-3.5347623929983696,-5.3957150596498895
La Rioja,2015,False,1.5116666666666667,2.217707378050826,0.3567547113993057
La Rioja,2016,False,1.57,-1.4564045291994843,-3.3173571958510046
La Rioja,2017,False,1.5783333333333331,3.235215035091854,1.3742623684403337
La Rioja,2018,False,1.0783333333333334,-3.563325194592004,-5.4242778612435245
La Rioja,2019,False,1.5016666666666667,-2.4895073128332057,-4.350459979484726
La Rioja,2020,False,1.080833333333333,-11.641712876292253,-13.502665542943774
La Rioja,2021,False,1.5541666666666665,10.530659136370346,8.669706469718825
La Rioja,2022,False,1.4425,8.269496014472221,6.4085433478207
La Rioja,2023,False,1.0733333333333337,-0.505917840587089,-2.3668705072386094
Mendoza,2005,False,0.9,3.5986466649565063,2.4498331867096677
Mendoza,2006,False,0.8341666666666666,9.81778005409657,8.668966575849732
Mendoza,2007,False,0.6858333333333334,6.405519766301482,5.256706288054643
Mendoza,2008,False,0.95,3.7236012138653907,2.574787735618552
Mendoza,2009,True,0.4066666666666667,-5.76871137388697,-6.917524852133809
Mendoza,2010,True,0.535,4.488335402611643,3.339521924364804
Mendoza,2011,False,0.7025,5.666133272023588,4.51731979377675
Mendoza,2012,True,0.49,0.7465397348136449,-0.4022737434331938
Mendoza,2013,False,0.6641666666666667,0.6413138282207909,-0.5074996500260478
Mendoza,2014,False,0.9866666666666668,-2.5276736177989867,-3.6764870960458254
Mendoza,2015,False,0.8158333333333334,3.5590305603359296,2.410217082089091
Mendoza,2016,False,1.2833333333333334,-4.808286989279131,-5.9571004675259704
Mendoza,2017,False,0.9716666666666668,1.1996542641331542,0.050840785886315576
Mendoza,2018,False,0.7558333333333334,-0.0027302469401524476,-1.151543725186991
Mendoza,2019,False,0.6224999999999999,-1.4175029473913803,-2.566316425638219
Mendoza,2020,False,1.09,-12.813166999392678,-13.961980477639516
Mendoza,2021,False,0.9725,5.874281614710952,4.725468136464114
Mendoza,2022,True,0.4958333333333333,4.042368760955473,2.893555282708634
Mendoza,2023,True,0.475,-0.5976768756458917,-1.7464903538927303
Misiones,2005,True,4.274166666666667,6.6795092862405925,4.532464938047056
Misiones,2006,False,4.29,5.648223414470288,3.5011790662767512
Misiones,2007,False,5.531666666666666,4.710464126048763,2.5634197778552266
Misiones,2008,True,3.5683333333333334,-0.8470155290003722,-2.994059877193909
Misiones,2009,False,5.2225,-5.031630928419895,-7.178675276613431
Misiones,2010,False,4.633333333333334,8.083281606561886,5.936237258368349
Misiones,2011,True,3.810833333333333,6.520253518832364,4.373209170638827
Misiones,2012,True,3.6216666666666666,1.1827650983654348,-0.9642792498281021
Misiones,2013,True,3.810833333333333,4.355142189377559,2.208097841184022
Misiones,2014,False,6.954166666666667,0.8933978610922155,-1.2536464871013213
Misiones,2015,False,5.989999999999999,2.9262344910078175,0.7791901428142807
Misiones,2016,False,4.6866666666666665,-2.4144387881802176,-4.561483136373754
Misiones,2017,False,6.97,2.4346007222490806,0.2875563740555438
Misiones,2018,False,4.566666666666666,-1.4782186185591129,-3.6252629667526497
Misiones,2019,False,5.111666666666667,-2.1933029499349943,-4.340347298128531
Misiones,2020,True,4.213333333333334,-4.344231663826426,-6.491276012019963
Misiones,2021,True,3.5383333333333336,12.283012866198039,10.135968518004502
Misiones,2022,False,4.42,2.894731647565907,0.74768729937237
Misiones,2023,False,6.226666666666667,-1.5089357344117316,-3.6559800826052684
Neuquén,2005,False,0.6041666666666666,-1.3206975413155075,-4.459769113346566
Neuquén,2006,False,0.5241666666666667,3.2776473004314743,0.13857572840041676
Neuquén,2007,True,0.2316666666666666,2.3563761070333866,-0.782695464997671
Neuquén,2008,True,0.35,0.4960741670930746,-2.642997404937983
Neuquén,2009,True,0.3741666666666667,-4.912468272815795,-8.051539844846854
Neuquén,2010,False,0.7983333333333333,0.31414054367573385,-2.8249310283553237
Neuquén,2011,False,0.5616666666666666,0.016988154523289722,-3.122083417507768
Neuquén,2012,False,0.6091666666666666,-4.007636754447674,-7.146708326478731
Neuquén,2013,True,0.2825,-0.15904912325873655,-3.298120695289794
Neuquén,2014,False,1.57,3.5668420068797557,0.42777043484869814
Neuquén,2015,False,0.8191666666666667,5.274060257543334,2.134988685512276
Neuquén,2016,False,1.27,-1.811956273078008,-4.951027845109065
Neuquén,2017,False,0.4975,-0.6527024144250992,-3.791773986456157
Neuquén,2018,False,0.9408333333333334,6.0551231118291415,2.916051539798084
Neuquén,2019,False,0.5116666666666666,9.21415351674366,6.075081944712603
Neuquén,2020,False,1.4433333333333334,-7.529419415254923,-10.668490987285981
Neuquén,2021,False,0.5850000000000001,19.05130392319938,15.912232351168324
Neuquén,2022,False,0.5491666666666667,18.76570749041968,15.626635918388622
Neuquén,2023,False,0.5125,11.64787308381392,8.508801511782863
Río Negro,2005,False,0.9025,9.62898151644267,7.521131021713433
Río Negro,2006,False,1.149166666666667,9.554128732517642,7.446278237788405
Río Negro,2007,True,0.8166666666666668,4.833114332198729,2.7252638374694924
Río Negro,2008,True,0.5933333333333334,1.915130765079609,-0.1927197296496277
Río Negro,2009,True,0.5575,-3.113772550001326,-5.2216230447305625
Río Negro,2010,False,0.9691666666666668,5.8772296715254635,3.769379176796227
Río Negro,2011,False,0.9316666666666666,7.558830964469898,5.450980469740662
Río Negro,2012,False,1.1833333333333331,1.8716907368868219,-0.23615975784241483
Río Negro,2013,False,0.9791666666666666,3.2783304661415213,1.1704799714122847
Río Negro,2014,False,1.3541666666666667,-2.026750344554651,-4.1346008392838876
Río Negro,2015,False,1.1016666666666666,3.056835099467259,0.9489846047380222
Río Negro,2016,False,1.3091666666666668,-2.8889374178055705,-4.996787912534807
Río Negro,2017,False,1.1266666666666667,1.1801238251552215,-0.9277266695740152
Río Negro,2018,False,1.2608333333333333,0.5580622907766841,-1.5497882039525526
Río Negro,2019,False,0.8741666666666666,-1.6025517770883124,-3.710402271817549
Río Negro,2020,False,1.0933333333333333,-9.350233252980333,-11.45808374770957
Río Negro,2021,True,0.7658333333333333,6.421684700663488,4.313834205934251
Río Negro,2022,False,1.5033333333333336,3.352071938065948,1.2442214433367114
Río Negro,2023,False,1.7166666666666668,-0.05481029710526775,-2.1626607918345044
Salta,2005,True,1.5716666666666663,7.460571117220116,4.889423381387191
Salta,2006,True,1.8625,9.86241589377379,7.2912681579408645
Salta,2007,False,2.333333333333333,7.375823222474942,4.804675486642017
Salta,2008,False,2.873333333333333,4.211394790704759,1.6402470548718333
Salta,2009,True,1.6575,-4.2656308650139145,-6.83677860084684
Salta,2010,True,1.9608333333333332,7.955448767702511,5.384301031869585
Salta,2011,False,2.6175,5.475652647802076,2.9045049119691506
Salta,2012,True,1.8641666666666663,-5.081501802959931,-7.652649538792856
Salta,2013,False,2.0116666666666667,-4.1920281142683535,-6.763175850101279
Salta,2014,False,2.1675,5.450660740952973,2.8795130051200473
Salta,2015,False,2.0866666666666664,7.723156415528076,5.15200867969515
Salta,2016,False,2.9008333333333334,-3.3597424424509414,-5.930890178283867
Salta,2017,False,2.029166666666667,3.7263905585347423,1.1552428227018168
Salta,2018,False,2.535,-1.0894152383500333,-3.660562974182959
Salta,2019,False,2.1266666666666665,1.2772548044046816,-1.293892931428244
Salta,2020,False,2.043333333333333,-7.4559248167988095,-10.027072552631735
Salta,2021,False,1.9625,7.211989626172022,4.640841890339097
Salta,2022,False,2.7375000000000003,3.2365820685877456,0.66543433275482
Salta,2023,False,2.026666666666667,3.3287096068091326,0.7575618709762071
San Juan,2005,False,0.7383333333333333,9.714806759426931,6.923802285424117
San Juan,2006,True,0.2033333333333333,11.853395085437523,9.062390611434708
San Juan,2007,False,0.36,6.553878555383874,3.7628740813810593
San Juan,2008,False,0.8583333333333334,6.900480383046115,4.1094759090433
San Juan,2009,True,0.1641666666666666,1.0189150485966358,-1.772089425406179
San Juan,2010,False,0.3308333333333333,16.500279571201304,13.70927509719849
San Juan,2011,False,0.3633333333333333,5.276764432173753,2.485759958170938
San Juan,2012,True,0.185,0.8999304283118681,-1.8910740456909467
San Juan,2013,False,0.375,2.494170393803019,-0.29683408019979574
San Juan,2014,False,0.5658333333333333,-4.76880060118935,-7.559805075192164
San Juan,2015,True,0.2216666666666666,-3.2801288938483886,-6.071133367851203
San Juan,2016,False,0.4708333333333334,-4.739357983255554,-7.530362457258369
San Juan,2017,False,0.4308333333333333,2.326804422441464,-0.4642000515613507
San Juan,2018,False,0.4366666666666667,-1.4452608525067911,-4.236265326509606
San Juan,2019,True,0.3108333333333333,-3.0232121661182054,-5.81421664012102
San Juan,2020,False,0.6916666666666668,-10.085295837644903,-12.876300311647718
San Juan,2021,False,0.4083333333333334,11.546190860036877,8.755186386034062
San Juan,2022,False,0.355,6.519647932225414,3.7286434582225993
San Juan,2023,False,0.5358333333333334,-1.234122531468107,-4.025127005470922
San Luis,2005,False,1.5716666666666663,6.655404173959134,4.806512696117755
San Luis,2006,False,2.0033333333333334,3.4446799577392273,1.595788479897848
San Luis,2007,False,2.620833333333333,6.7682395470367585,4.9193480691953795
San Luis,2008,False,3.5050000000000003,3.5789143130428247,1.7300228352014453
San Luis,2009,True,1.5091666666666663,-5.1170212071322325,-6.9659126849736115
San Luis,2010,False,1.5841666666666667,7.073712174586477,5.224820696745098
San Luis,2011,False,1.5983333333333334,6.225657524422479,4.3767660465811
San Luis,2012,False,1.8475,-1.4308961092976857,-3.279787587139065
San Luis,2013,False,1.7383333333333333,7.047075318593565,5.198183840752186
San Luis,2014,False,2.0841666666666665,-2.301209000694582,-4.150100478535961
San Luis,2015,False,2.7983333333333333,5.624608865972758,3.7757173881313784
San Luis,2016,False,2.1408333333333336,-3.1217273092574604,-4.970618787098839
San Luis,2017,False,2.1991666666666667,1.373163680417333,-0.47572779742404636
San Luis,2018,True,1.4508333333333334,-5.5007835079590395,-7.349674985800419
San Luis,2019,True,1.1658333333333333,-2.4620211155452543,-4.310912593386634
San Luis,2020,True,0.9891666666666667,-12.784867741492034,-14.633759219333413
San Luis,2021,False,2.2275,17.67096802999606,15.822076552154682
San Luis,2022,True,1.1775,4.3973896804475165,2.548498202606137
San Luis,2023,True,1.2625,-2.0123491958496387,-3.861240673691018
Santa Cruz,2005,False,1.075,2.1196756177187748,1.382932384248471
Santa Cruz,2006,False,1.0,8.72835624260313,7.991613009132826
Santa Cruz,2007,False,1.0666666666666669,0.051261686645620586,-0.6854815468246832
Santa Cruz,2008,False,1.045,0.04586156898065408,-0.6908816644896497
Santa Cruz,2009,False,1.14,2.2097939130722555,1.4730506796019518
Santa Cruz,2010,True,0.8258333333333333,2.2191166521472905,1.4823734186769868
Santa Cruz,2011,False,0.98,-0.28536066007309735,-1.022103893543401
Santa Cruz,2012,False,1.1700000000000002,7.122615623976736,6.385872390506432
Santa Cruz,2013,False,1.1058333333333332,1.0582892206945305,0.32154598722422667
Santa Cruz,2014,False,1.1125,1.2122080704731086,0.47546483700280484
Santa Cruz,2015,False,0.8891666666666667,9.247626530892505,8.510883297422202
Santa Cruz,2016,True,0.7508333333333334,-7.597833132911836,-8.334576366382139
Santa Cruz,2017,False,1.425,-2.345169158825333,-3.081912392295637
Santa Cruz,2018,False,1.1125,-1.4059967869009093,-2.142740020371213
Santa Cruz,2019,False,1.3925,-2.1930640828201398,-2.9298073162904434
Santa Cruz,2020,False,1.5533333333333337,-13.442200204380327,-14.17894343785063
Santa Cruz,2021,True,0.6566666666666666,6.215036851543676,5.478293618073372
Santa Cruz,2022,True,0.8075,1.4584462666134002,0.7217030331430964
Santa Cruz,2023,True,0.7691666666666667,-0.4205427835142661,-1.1572860169845698
Santa Fe,2005,False,3.575,10.669681119483432,8.904460190976193
Santa Fe,2006,False,2.901666666666667,5.032433235916289,3.2672123074090513
Santa Fe,2007,False,3.4875000000000003,7.072755775624984,5.307534847117745
Santa Fe,2008,True,1.6841666666666668,2.8389367263957688,1.0737157978885308
Santa Fe,2009,False,3.244166666666666,-10.507823340979039,-12.273044269486277
Santa Fe,2010,False,2.873333333333333,15.702494653784772,13.937273725277533
Santa Fe,2011,False,2.7591666666666668,2.857444459848213,1.092223531340975
Santa Fe,2012,False,3.6175,-3.56363603395099,-5.328856962458228
Santa Fe,2013,True,2.556666666666666,4.393299998995404,2.6280790704881656
Santa Fe,2014,False,3.464166666666667,-3.441784772878953,-5.207005701386191
Santa Fe,2015,False,3.1825,1.9710349930786686,0.2058140645714306
Santa Fe,2016,False,4.176666666666667,-5.3307482977197225,-7.095969226226961
Santa Fe,2017,False,3.4225,5.840933779522306,4.0757128510150675
Santa Fe,2018,False,2.9633333333333334,-4.48159601141459,-6.246816939921828
Santa Fe,2019,False,3.595833333333333,1.0762702042624195,-0.6889507242448185
Santa Fe,2020,True,2.424166666666667,-9.129624127921698,-10.894845056428936
Santa Fe,2021,False,2.8441666666666667,14.369723399231148,12.60450247072391
Santa Fe,2022,True,2.0641666666666665,1.6922769958746642,-0.07294393263257382
Santa Fe,2023,True,2.5075,-3.5228751155155558,-5.288096044022794
Santiago del Estero,2005,False,1.6908333333333332,0.7124304068478748,-3.216782592016057
Santiago del Estero,2006,True,1.1241666666666663,23.170413192350225,19.241200193486293
Santiago del Estero,2007,False,1.555,11.811407313116717,7.882194314252786
Santiago del Estero,2008,False,2.2416666666666667,4.097181621543466,0.16796862267953472
Santiago del Estero,2009,False,1.6441666666666668,-14.494476521481603,-18.423689520345533
Santiago del Estero,2010,False,1.9225,31.56853057354587,27.63931757468194
Santiago del Estero,2011,False,2.111666666666667,5.9675367074824015,2.03832370861847
Santiago del Estero,2012,False,1.784166666666667,-7.956893476708526,-11.886106475572458
Santiago del Estero,2013,True,1.4008333333333336,12.343432235206153,8.414219236342221
Santiago del Estero,2014,False,2.4475,15.74977561514066,11.820562616276728
Santiago del Estero,2015,False,2.4341666666666666,-1.6148189247685352,-5.544031923632467
Santiago del Estero,2016,False,2.075833333333333,2.8208319026104878,-1.108381096253444
Santiago del Estero,2017,False,1.9483333333333333,5.966412678876187,2.0371996800122556
Santiago del Estero,2018,False,1.925,-11.791963819337226,-15.721176818201158
Santiago del Estero,2019,False,2.486666666666667,5.125847203822875,1.1966342049589436
Santiago del Estero,2020,True,1.5516666666666667,-9.671993406569001,-13.601206405432933
Santiago del Estero,2021,False,2.6183333333333336,7.506289596313165,3.577076597449233
Santiago del Estero,2022,False,1.9333333333333331,6.684550128752975,2.7553371298890434
Santiago del Estero,2023,False,1.945,-13.339446048329473,-17.268659047193403
"Tierra del Fuego, Antártida e Islas del Atlántico Sur",2005,False,1.9141666666666663,8.899258188031745,5.619806545350235
"Tierra del Fuego, Antártida e Islas del Atlántico Sur",2006,False,2.005,13.096463051318796,9.817011408637287
"Tierra del Fuego, Antártida e Islas del Atlántico Sur",2007,False,2.398333333333333,3.8600230709729066,0.5805714282913974
"Tierra del Fuego, Antártida e Islas del Atlántico Sur",2008,False,1.9583333333333333,-0.16874904692710802,-3.4482006896086173
"Tierra del Fuego, Antártida e Islas del Atlántico Sur",2009,False,2.056666666666666,-9.900237221376463,-13.179688864057972
"Tierra del Fuego, Antártida e Islas del Atlántico Sur",2010,False,1.8841666666666663,25.601907534734124,22.322455892052616
"Tierra del Fuego, Antártida e Islas del Atlántico Sur",2011,True,1.5175,24.008360942464524,20.728909299783016
"Tierra del Fuego, Antártida e Islas del Atlántico Sur",2012,False,2.0575,7.682997257674162,4.4035456149926535
"Tierra del Fuego, Antártida e Islas del Atlántico Sur",2013,False,1.845,0.08282055039376957,-3.1966310922877397
"Tierra del Fuego, Antártida e Islas del Atlántico Sur",2014,False,1.9933333333333332,-11.052411107535898,-14.331862750217407
"Tierra del Fuego, Antártida e Islas del Atlántico Sur",2015,False,1.8808333333333331,3.3658023042551832,0.08635066157367399
"Tierra del Fuego, Antártida e Islas del Atlántico Sur",2016,True,1.643333333333333,-4.735891779847046,-8.015343422528556
"Tierra del Fuego, Antártida e Islas del Atlántico Sur",2017,False,1.9341666666666668,0.6080119483001356,-2.6714396943813736
"Tierra del Fuego, Antártida e Islas del Atlántico Sur",2018,True,1.7183333333333335,-0.9360626838177954,-4.215514326499305
"Tierra del Fuego, Antártida e Islas del Atlántico Sur",2019,False,2.0875,-9.441535907044074,-12.720987549725583
"Tierra del Fuego, Antártida e Islas del Atlántico Sur",2020,False,2.2550000000000003,-6.414214829997844,-9.693666472679354
"Tierra del Fuego, Antártida e Islas del Atlántico Sur",2021,False,2.4566666666666666,14.470493328583123,11.191041685901613
"Tierra del Fuego, Antártida e Islas del Atlántico Sur",2022,True,1.545,7.586624851123225,4.307173208441716
"Tierra del Fuego, Antártida e Islas del Atlántico Sur",2023,True,1.5599999999999998,-4.304079240356784,-7.583530883038293
Tucumán,2005,True,2.0283333333333333,10.56151455833476,8.049228239726288
Tucumán,2006,False,2.5525,10.82540206596816,8.313115747359687
Tucumán,2007,False,2.786666666666666,7.474345596287391,4.962059277678918
Tucumán,2008,False,2.980833333333333,5.3684825761942445,2.8561962575857716
Tucumán,2009,True,1.9283333333333332,-4.344194735194529,-6.856481053803002
Tucumán,2010,False,2.2816666666666667,6.393671473410567,3.881385154802094
Tucumán,2011,False,2.77,8.51771269586903,6.005426377260557
Tucumán,2012,True,1.8033333333333332,-0.9600783522433542,-3.472364670851827
Tucumán,2013,True,2.1750000000000003,-0.44726348073520494,-2.959549799343678
Tucumán,2014,False,2.4875000000000003,-2.132821245818106,-4.64510756442658
Tucumán,2015,False,2.845,2.8358237496741934,0.3235374310657204
Tucumán,2016,False,3.2075,1.61648496014275,-0.895801358465723
Tucumán,2017,False,3.268333333333333,3.287252086030512,0.7749657674220392
Tucumán,2018,False,2.5508333333333333,1.051966171397689,-1.4603201472107838
Tucumán,2019,False,2.441666666666667,0.8229466161836063,-1.6893397024248666
Tucumán,2020,False,2.7541666666666664,-9.716551262159602,-12.228837580768074
Tucumán,2021,False,3.985833333333333,8.838903114676476,6.326616796068004
Tucumán,2022,True,2.0525,0.30752088131011934,-2.2047654372983536
Tucumán,2023,False,2.249166666666667,-2.5676774157677107,-5.079963734376184
