jurisdiccion,pendiente,intercepto,r_valor,r_cuadrado,p_valor,error_estandar,n_observaciones
Buenos Aires,0.014380764163372852,-28.767670619235826,0.4520495631528451,0.2043488075466781,0.001824611718071025,0.004327360150598781,45
CABA,0.03155204216073781,-63.21962933684672,0.7356382705074077,0.5411636650351299,8.586471975943334e-09,0.004430551939277856,45
Catamarca,-0.006383399209486169,12.897504172156355,-0.1374070425758435,0.018880695349439664,0.36806920656188724,0.007017294380373791,45
Chaco,0.015420289855072456,-30.87306280193235,0.3214386362359978,0.10332279686525811,0.03131084711505521,0.006927528112474127,45
Chubut,0.00216073781291173,-4.285846728151085,0.08250804124965433,0.00680757687085466,0.5900070047380259,0.003980047600751505,45
Corrientes,0.015420289855072456,-30.87306280193235,0.3214386362359978,0.10332279686525811,0.03131084711505521,0.006927528112474127,45
Córdoba,0.007833992094861655,-15.575819499341227,0.18962490031416213,0.03595760281915592,0.21217640699664944,0.006185881592654779,45
Entre Ríos,0.0033978919631093437,-6.680088713219125,0.07718835868906243,0.00595804271711136,0.614277257140083,0.0066930780588422235,45
Formosa,0.0056679841897233196,-11.263638998682477,0.11881180598236413,0.014116245240790937,0.4369552053576829,0.007223499718842951,45
Jujuy,0.010246376811594203,-20.469270531400962,0.2464368697691893,0.06073113078163637,0.10269899989535541,0.006145049360621388,45
La Pampa,0.012047430830039514,-24.103781730346924,0.2887730201198433,0.08338985714913542,0.05437413041974302,0.006091102784819174,45
La Rioja,-0.005322793148880101,10.814888010540175,-0.11398696235446595,0.012993027586798439,0.4559298837301776,0.00707473686413862,45
Mendoza,0.004350461133069803,-8.571751427316594,0.10590960292949053,0.01121684399268235,0.48867240037051585,0.0062289702293607035,45
Misiones,0.01858498023715414,-37.24771541501974,0.4185166212849163,0.17515616229174205,0.0042215812808556585,0.006150367012945677,45
Neuquén,0.0057536231884058,-11.422618357487929,0.14672318978793444,0.021527694421546232,0.33616489171569636,0.0059153806610364795,45
Río Negro,-0.0014808959156785242,3.0165678524374164,-0.05256872636321898,0.0027634709914509943,0.7316318515493356,0.004290045928759233,45
Salta,0.00624110671936759,-12.423270092226618,0.1771106113273301,0.03136816864474059,0.24446854850839222,0.005288861172393686,45
San Juan,0.0012582345191040876,-2.385799297321042,0.030161316223418153,0.0009097049963290271,0.8440784657697754,0.006358862703506576,45
San Luis,0.007575757575757553,-15.030131313131267,0.1706732637443382,0.029129362957144425,0.262312681760101,0.0066697112231384,45
Santa Cruz,0.00118313570487484,-2.2467097057531933,0.0353204550255277,0.0012475345432103248,0.8178266739248862,0.0051050849741925905,45
Santa Fe,0.0033978919631093437,-6.680088713219125,0.07718835868906243,0.00595804271711136,0.614277257140083,0.0066930780588422235,45
Santiago del Estero,-0.0069828722002634935,14.142915239349998,-0.13114510993177708,0.017199039859017894,0.390500920155084,0.008049715852953193,45
"Tierra del Fuego, Antártida e Islas del Atlántico Sur",0.00361133069828722,-7.174717610891523,0.11817992833182771,0.013966495460515933,0.43941493009153587,0.004627379791814542,45
Tucumán,-0.002312252964426879,4.7922204655248155,-0.04372471808154717,0.0019118509713107778,0.775493368589848,0.008056725156648577,45
