archivo,dataset,institucion,direccion,como_encontrarlo,filas,tamaño,bytes,descargado,sha256
argentina-clima-pbi/data/raw/ciam_anomalia_temp_precip_nacional.csv,Anomalía de temperatura y precipitación nacional,CIAM / SMN (Secretaría de Ambiente),https://ciam.ambiente.gob.ar/dt_csv.php?dt_id=467,Se descarga directo (CSV).,65 (años),2 KB,1604,2026-09-23,19e788766a88334d4e074f51e0bf014dbec2d398263b840baaf30e132901d08c
argentina-clima-pbi/data/raw/ciam_precipitacion_estaciones.csv,Precipitación anual por estación meteorológica,CIAM / SMN (Secretaría de Ambiente),https://ciam.ambiente.gob.ar/dt_csv.php?dt_id=623,Se descarga directo (CSV).,26 (estaciones),3 KB,3368,2026-09-23,c9ddf4ed035baa2be9d960fd968bf5399b171cc7df24b06baec620436bcd8d80
argentina-clima-pbi/data/raw/banco_mundial_pbi_crecimiento.csv,Crecimiento anual del PBI,Banco Mundial,https://api.worldbank.org/v2/country/ARG/indicator/NY.GDP.MKTP.KD.ZG?format=json&per_page=200,Respuesta de la API convertida a CSV; también visible en https://data.worldbank.org/indicator/NY.GDP.MKTP.KD.ZG?locations=AR.,66 (años),2 KB,1555,2026-09-23,8d9fbbf834740b06b7d5f1b790f873afb2a0ae6703dc127cd574d4b1ebac44ba
argentina-clima-pbi/data/raw/owid_co2_data_mundial.csv,"Emisiones de CO₂, población y PBI (archivo mundial completo)",Global Carbon Project / Our World in Data,https://owid-public.owid.io/data/co2/owid-co2-data.csv,Se descarga directo (CSV).,"50.411 (país-año, archivo mundial completo)",31.7 MB,33246106,2026-09-23,7ec10de1e9502c20c70bfff54476d7893922f7594aa299d9291d87fe49f3e342
argentina-clima-pbi/data/raw/owid_co2_data_argentina.csv,"Emisiones de CO₂, población y PBI (solo Argentina)",Global Carbon Project / Our World in Data,https://owid-public.owid.io/data/co2/owid-co2-data.csv,Es el mismo archivo mundial filtrando la columna iso_code = ARG.,175 (años; filtrados de 50.411 filas del archivo mundial),176 KB,179950,2026-09-23,5f0d45bd5aef79869e6126305086567c3bab40f68e77856a7cb74b18ba10fcad
argentina-clima-pbi/data/raw/nasa_power_temperatura_provincial.csv,Temperatura anual por provincia,NASA POWER,https://power.larc.nasa.gov/api/temporal/monthly/point,"API por coordenadas (latitud y longitud de cada capital provincial, en el código de descarga_datos.py).",1.080 (provincia-año),43 KB,44253,2026-09-23,bb9bd9fb10fe4dfcc86def816ddfed6bd7233777ee916c60d537b4a7eb32d5aa
argentina-clima-pbi/data/raw/nasa_power_clima_mensual_provincial.csv,"Clima mensual por provincia (temperatura, lluvia, viento)",NASA POWER,https://power.larc.nasa.gov/api/temporal/monthly/point,"API por coordenadas (latitud y longitud de cada capital provincial, en el código de descarga_datos.py).",12.384 (provincia-mes),640 KB,655616,2026-09-23,fe7f3d3ffd1c21be0204e933e00af01b5f8b0dffd5f764db71cea47d3673b659
argentina-clima-pbi/data/raw/cepal_pbg_provincial.xlsx,Producto bruto geográfico provincial (por sector),CEPAL,https://repositorio.cepal.org/server/api/core/bitstreams/539fcce5-8977-4061-a222-fbfd7358a35f/content,Se descarga directo (Excel).,1.350 (filas en 25 hojas),448 KB,458759,2026-09-23,3b00aca6d8d1dcb9437f76d7bab1651ba5699c3cd02b7eeffc1103f752c92af0
argentina-clima-pbi/data/raw/inventario-nacional-gei-emisiones_hasta_2022.xlsx,"Inventario Nacional de GEI, serie por gas y sector",Secretaría de Ambiente,https://inventariogei.ambiente.gob.ar/files/inventario-nacional-gei-emisiones_hasta_2022.xlsx,Se descarga directo (Excel). Portal: https://inventariogei.ambiente.gob.ar/resultados.,"7.780 (filas, hoja de la serie)",578 KB,591390,2026-09-23,e645bde0f04d801fc7fddcfab520a38126052219e72808c1e4bbef748399c686
argentina-clima-pbi/data/raw/desagregacion-provincial_hasta_2022.xlsx,Inventario de GEI desagregado por provincia,Secretaría de Ambiente,https://inventariogei.ambiente.gob.ar/files/desagregacion-provincial_hasta_2022.xlsx,Se descarga directo (Excel). Portal: https://inventariogei.ambiente.gob.ar/resultados.,876 (filas en 26 hojas),1.3 MB,1404150,2026-09-23,c60cc1c4fae9175afded6fc8fa9df435ff086cf0ac418be4289ff6961013518b
argentina-clima-pbi/data/raw/magyp_estimaciones_agricolas.csv,"Estimaciones agrícolas por cultivo, provincia y departamento","Ministerio de Economía - Secretaría de Agricultura, Ganadería y Pesca",https://datos.magyp.gob.ar/dataset/estimaciones-agricolas,"En esa página, el recurso ""Estimaciones agrícolas"" (CSV). Descarga directa por identificador: https://datos.magyp.gob.ar/dataset/9e1e77ba-267e-4eaa-a59f-3296e86b5f36/resource/95d066e6-8a0f-4a80-b59d-6f28f88eacd5/download/estimaciones-agricolas.csv. El Ministerio lo actualiza dos veces por año, por lo que una descarga posterior puede tener más campañas que este archivo.",160.499 (cultivo-departamento-año),14.8 MB,15471639,2026-09-25,7a47a6d356258a69ce0010031f9b2f45ea4c873901d8f812c7c394d9946f9395
argentina-clima-pbi/data/raw/indec_poblacion_provincial_2010_2040.xls,Población por provincia (proyecciones 2010-2040),INDEC,https://www.indec.gob.ar/ftp/cuadros/poblacion/c1_proyecciones_prov_2010_2040.xls,"Se descarga directo (Excel, una hoja por provincia).",744 (provincia-año),202 KB,207360,2026-09-25,c651e0f0b237abaf8709dd20e2c8bb62caa3f6ebbd6b77a2b5349a5f81287a5b
