metodo,coeficiente,p_valor,n_observaciones,jurisdiccion,variable_climatica,nota
pearson,0.16808044890100318,0.46644026951353657,21,Buenos Aires,anomalia_temperatura,
spearman,0.17484571196149556,0.4484214692976332,21,Buenos Aires,anomalia_temperatura,
pearson,0.07086220768764426,0.8018503143635501,15,Buenos Aires,precipitaciones_mm,
spearman,-0.0964285714285714,0.7324528633867309,15,Buenos Aires,precipitaciones_mm,
pearson,0.2760966668091009,0.22571072067274509,21,CABA,anomalia_temperatura,
spearman,0.2042944685296768,0.3743848165598481,21,CABA,anomalia_temperatura,
pearson,0.416179240823107,0.12282831614564353,15,CABA,precipitaciones_mm,
spearman,0.2571428571428571,0.3548603636506091,15,CABA,precipitaciones_mm,
pearson,-0.032677499490639535,0.8881744290678918,21,Catamarca,anomalia_temperatura,
spearman,-0.031178955850328947,0.8932737074692148,21,Catamarca,anomalia_temperatura,
pearson,-0.2584735987131287,0.3522877189867993,15,Catamarca,precipitaciones_mm,
spearman,-0.25357142857142856,0.3618161038158894,15,Catamarca,precipitaciones_mm,
pearson,-0.00928737323292062,0.9681292811075572,21,Chaco,anomalia_temperatura,
spearman,-0.014939916344949289,0.9487517950661536,21,Chaco,anomalia_temperatura,
pearson,0.2068057566493155,0.4595905379377079,15,Chaco,precipitaciones_mm,
spearman,0.09999999999999999,0.7228973252791182,15,Chaco,precipitaciones_mm,
pearson,-0.08742067908367786,0.7063193577015058,21,Chubut,anomalia_temperatura,
spearman,-0.01364522705207775,0.9531880445740508,21,Chubut,anomalia_temperatura,
pearson,0.1901485388286981,0.49727266909402257,15,Chubut,precipitaciones_mm,
spearman,0.2285714285714285,0.41256617049636035,15,Chubut,precipitaciones_mm,
pearson,0.07997856024675132,0.7303814863830336,21,Corrientes,anomalia_temperatura,
spearman,0.06820396592259458,0.7689463075817164,21,Corrientes,anomalia_temperatura,
pearson,0.2963558326790931,0.2834792233268224,15,Corrientes,precipitaciones_mm,
spearman,0.2964285714285714,0.28335542843426303,15,Corrientes,precipitaciones_mm,
pearson,0.09874799371733309,0.6702139430597404,21,Córdoba,anomalia_temperatura,
spearman,0.0012995454335312142,0.9955393876770641,21,Córdoba,anomalia_temperatura,
pearson,0.33568084088085454,0.2212604370947365,15,Córdoba,precipitaciones_mm,
spearman,0.28928571428571426,0.2956653610043777,15,Córdoba,precipitaciones_mm,
pearson,0.10075567933303843,0.6638842343565068,21,Entre Ríos,anomalia_temperatura,
spearman,0.16634181549199542,0.4711298002880552,21,Entre Ríos,anomalia_temperatura,
pearson,-0.16496333778252173,0.5568532719445888,15,Entre Ríos,precipitaciones_mm,
spearman,-0.2964285714285714,0.28335542843426303,15,Entre Ríos,precipitaciones_mm,
pearson,0.07617231657998001,0.7427844700575069,21,Formosa,anomalia_temperatura,
spearman,0.07012987012987014,0.7625997832797398,21,Formosa,anomalia_temperatura,
pearson,0.39625610556702967,0.14368467239945604,15,Formosa,precipitaciones_mm,
spearman,0.532142857142857,0.0411585803869344,15,Formosa,precipitaciones_mm,
pearson,0.38801777825673134,0.08219518239788913,21,Jujuy,anomalia_temperatura,
spearman,0.3207792207792208,0.15625650175659497,21,Jujuy,anomalia_temperatura,
pearson,0.15782644368310642,0.5742723526611493,15,Jujuy,precipitaciones_mm,
spearman,0.3607142857142856,0.18655437415416348,15,Jujuy,precipitaciones_mm,
pearson,-0.08428946100539882,0.7164119914280552,21,La Pampa,anomalia_temperatura,
spearman,-0.022734655307531524,0.9220784225152437,21,La Pampa,anomalia_temperatura,
pearson,-0.0733158256040852,0.7951216591093022,15,La Pampa,precipitaciones_mm,
spearman,-0.075,0.7905107941552678,15,La Pampa,precipitaciones_mm,
pearson,-0.0941428279537144,0.6848137356657942,21,La Rioja,anomalia_temperatura,
spearman,-0.1012987012987013,0.6621759840226068,21,La Rioja,anomalia_temperatura,
pearson,0.17403174805288743,0.5350531869068087,15,La Rioja,precipitaciones_mm,
spearman,0.1607142857142857,0.5671967045803447,15,La Rioja,precipitaciones_mm,
pearson,-0.048449427420324924,0.8347996436167358,21,Mendoza,anomalia_temperatura,
spearman,-0.11500977086751245,0.6195972249526596,21,Mendoza,anomalia_temperatura,
pearson,0.0046477384462151935,0.9868842665916112,15,Mendoza,precipitaciones_mm,
spearman,0.06428571428571428,0.8199479653196375,15,Mendoza,precipitaciones_mm,
pearson,0.16662786491021112,0.4703566155687863,21,Misiones,anomalia_temperatura,
spearman,0.15529567930698013,0.501473175140353,21,Misiones,anomalia_temperatura,
pearson,0.3797548318243704,0.16266861799526428,15,Misiones,precipitaciones_mm,
spearman,0.5107142857142856,0.051725498368269354,15,Misiones,precipitaciones_mm,
pearson,0.21429147726265932,0.35093628298462987,21,Neuquén,anomalia_temperatura,
spearman,0.17473206507788513,0.44872112617293475,21,Neuquén,anomalia_temperatura,
pearson,-0.24271489619873296,0.3834157456860322,15,Neuquén,precipitaciones_mm,
spearman,-0.10714285714285714,0.7039010016261618,15,Neuquén,precipitaciones_mm,
pearson,-0.07992295168989356,0.7305622347706686,21,Río Negro,anomalia_temperatura,
spearman,-0.12674689157060087,0.584050743722935,21,Río Negro,anomalia_temperatura,
pearson,0.0775677062980251,0.7834934677737193,15,Río Negro,precipitaciones_mm,
spearman,0.21428571428571427,0.44314093482351424,15,Río Negro,precipitaciones_mm,
pearson,0.3248790792683147,0.15073451507038224,21,Salta,anomalia_temperatura,
spearman,0.3468658838349095,0.12344101308215207,21,Salta,anomalia_temperatura,
pearson,0.13125867829356921,0.6410104997901754,15,Salta,precipitaciones_mm,
spearman,0.05714285714285713,0.8396998687415759,15,Salta,precipitaciones_mm,
pearson,0.1152608092370932,0.6188279477244696,21,San Juan,anomalia_temperatura,
spearman,0.054580908208311,0.8142241743068362,21,San Juan,anomalia_temperatura,
pearson,0.24059798736440996,0.38770657066810477,15,San Juan,precipitaciones_mm,
spearman,0.01608579730793425,0.9546262478858053,15,San Juan,precipitaciones_mm,
pearson,-0.01105323258542788,0.962073385337126,21,San Luis,anomalia_temperatura,
spearman,-0.07532467532467534,0.7455550758529895,21,San Luis,anomalia_temperatura,
pearson,0.49823976732917347,0.058726326686963266,15,San Luis,precipitaciones_mm,
spearman,0.3285714285714285,0.23180969720615974,15,San Luis,precipitaciones_mm,
pearson,-0.19296296044333772,0.4020086456736851,21,Santa Cruz,anomalia_temperatura,
spearman,-0.17473206507788513,0.44872112617293475,21,Santa Cruz,anomalia_temperatura,
pearson,0.1813440058212643,0.5177558293536924,15,Santa Cruz,precipitaciones_mm,
spearman,0.13928571428571426,0.6205460876279013,15,Santa Cruz,precipitaciones_mm,
pearson,0.036202666982945234,0.8761959983350028,21,Santa Fe,anomalia_temperatura,
spearman,0.04223522658976447,0.8557591749496121,21,Santa Fe,anomalia_temperatura,
pearson,-0.08204637383616183,0.7712909071650517,15,Santa Fe,precipitaciones_mm,
spearman,-0.42499999999999993,0.11429547548052223,15,Santa Fe,precipitaciones_mm,
pearson,-0.1158136316483937,0.6171352419235618,21,Santiago del Estero,anomalia_temperatura,
spearman,-0.18707373510197364,0.4167964447946993,21,Santiago del Estero,anomalia_temperatura,
pearson,0.3274437069885455,0.2335113742597137,15,Santiago del Estero,precipitaciones_mm,
spearman,0.42180535163027594,0.11733703105566831,15,Santiago del Estero,precipitaciones_mm,
pearson,-0.2632775986424197,0.2488696975857019,21,"Tierra del Fuego, Antártida e Islas del Atlántico Sur",anomalia_temperatura,
spearman,-0.2532467532467532,0.26801791447109463,21,"Tierra del Fuego, Antártida e Islas del Atlántico Sur",anomalia_temperatura,
pearson,-0.42221432020007976,0.11694458060106709,15,"Tierra del Fuego, Antártida e Islas del Atlántico Sur",precipitaciones_mm,
spearman,-0.3252905677826704,0.23678190990851958,15,"Tierra del Fuego, Antártida e Islas del Atlántico Sur",precipitaciones_mm,
pearson,0.03319264559164322,0.8864224496077857,21,Tucumán,anomalia_temperatura,
spearman,-0.07599870488517681,0.7433516904463788,21,Tucumán,anomalia_temperatura,
pearson,-0.07448763611975309,0.7919128483053554,15,Tucumán,precipitaciones_mm,
spearman,-0.021428571428571425,0.9395779040128779,15,Tucumán,precipitaciones_mm,
