año,anomalia_proyectada,ic95_inferior,ic95_superior,escenario
2026,0.5385714285714229,-0.02640284473814225,1.103545701880988,C
2027,0.5621428571428524,-0.01592135961605623,1.140207073901761,C
2028,0.5857142857142748,-0.006637653222836937,1.1780662246513864,C
2029,0.6092857142857042,0.0015327446524203703,1.2170386839189882,C
2030,0.6328571428571337,0.008672237317405962,1.2570420483968614,C
2031,0.6564285714285631,0.014860030913011912,1.2979971119441145,C
2032,0.6799999999999926,0.020171340630821044,1.3398286593691642,C
2033,0.7035714285714221,0.024676886731063608,1.3824659704117805,C
2034,0.7271428571428515,0.02844262827041255,1.4258430860152904,C
2035,0.750714285714281,0.031529683277460974,1.469898888151101,C
2036,0.7742857142857105,0.03399438878738259,1.5145770397840383,C
2037,0.7978571428571328,0.03588846075531593,1.5598258249589496,C
2038,0.8214285714285623,0.03725922105203505,1.6055979218050895,C
2039,0.8449999999999918,0.038149865646677106,1.6518501343533063,C
2040,0.8685714285714212,0.03859975422824535,1.6985431029145972,C
2041,0.8921428571428507,0.03864470671244724,1.745641007573254,C
2042,0.9157142857142802,0.03831729629940572,1.7931112751291547,C
2043,0.9392857142857096,0.03764713206416437,1.840924296507255,C
2044,0.962857142857132,0.03666112659667531,1.8890531591175885,C
2045,0.9864285714285614,0.03538374609536732,1.9374733967617557,C
2046,1.009999999999991,0.03383724168588498,1.9861627583140968,C
2047,1.0335714285714204,0.03204186170092327,2.0351009954419172,C
2048,1.0571428571428498,0.030016045311779038,2.0842696689739206,C
2049,1.0807142857142793,0.027776598327809987,2.133651973100749,C
2050,1.104285714285707,0.025338852236738152,2.183232576334676,C
