jurisdiccion,media,mediana,desvio_estandar,minimo,maximo,rango,percentil_25,percentil_75,coeficiente_variacion
Buenos Aires,0.036999999999997486,0.0009999999999976,0.4178211883743395,-0.7690000000000019,1.1509999999999962,1.9199999999999982,-0.1890000000000036,0.2909999999999968,11.292464550658591
CABA,-0.020888888888887732,-0.0126666666666643,0.5633232920030302,-1.152666666666665,1.307333333333336,2.460000000000001,-0.4026666666666649,0.3173333333333339,-26.967604404401875
Catamarca,0.1115555555555572,0.1466666666666682,0.6101513307898678,-1.0333333333333314,1.3366666666666696,2.370000000000001,-0.3533333333333317,0.5366666666666688,5.46948404094495
Chaco,0.01377777777777953,0.1640000000000014,0.6300703023144207,-1.105999999999998,1.5040000000000011,2.6099999999999994,-0.4859999999999971,0.3940000000000019,45.73090903894408
Chubut,0.04211111111111098,0.0636666666666663,0.34395398447225967,-0.7663333333333338,0.6836666666666673,1.450000000000001,-0.1563333333333325,0.3036666666666665,8.167772718338645
Corrientes,0.01377777777777953,0.1640000000000014,0.6300703023144207,-1.105999999999998,1.5040000000000011,2.6099999999999994,-0.4859999999999971,0.3940000000000019,45.73090903894408
Córdoba,0.11566666666666849,0.1623333333333363,0.5426031531590855,-0.9176666666666656,1.4023333333333348,2.3200000000000003,-0.1676666666666655,0.5223333333333358,4.691093543162048
Entre Ríos,0.1258888888888903,0.1129999999999995,0.5781656817518273,-1.296999999999997,1.6829999999999998,2.979999999999997,-0.2270000000000003,0.5330000000000013,4.592666492291603
Formosa,0.08933333333333301,0.0933333333333337,0.6265613225448013,-1.1966666666666654,1.763333333333332,2.9599999999999973,-0.2966666666666668,0.5333333333333314,7.013746147889592
Jujuy,0.0542222222222247,0.0213333333333345,0.5460836691729333,-0.8486666666666629,1.8213333333333352,2.669999999999998,-0.2986666666666657,0.3813333333333375,10.071215210156096
La Pampa,0.027222222222220673,-0.031666666666668,0.5479392062422379,-1.041666666666668,1.0383333333333304,2.0799999999999983,-0.2416666666666689,0.3683333333333323,20.128379004818047
La Rioja,0.15333333333333235,0.1306666666666665,0.6133084645814639,-1.139333333333333,1.3806666666666665,2.5199999999999996,-0.2593333333333341,0.6106666666666669,3.9998378124878338
Mendoza,0.14222222222222325,0.1046666666666666,0.5395037937163587,-1.0053333333333327,1.6246666666666665,2.629999999999999,-0.1653333333333329,0.5146666666666668,3.7933860495681198
Misiones,-0.02199999999999657,0.0713333333333352,0.5832354896297347,-1.2486666666666617,1.371333333333336,2.6199999999999974,-0.4686666666666639,0.3013333333333357,-26.510704074082984
Neuquén,0.10188888888888907,0.1663333333333341,0.5150355484445865,-1.113666666666667,1.0463333333333331,2.16,-0.2736666666666671,0.386333333333333,5.05487452126638
Río Negro,0.05033333333333279,0.0589999999999992,0.3699914003914637,-0.8010000000000002,0.9589999999999996,1.7599999999999998,-0.1810000000000009,0.2189999999999994,7.350822524333795
Salta,0.07766666666666619,0.041666666666666,0.462819422865785,-0.7783333333333342,1.5316666666666665,2.3100000000000005,-0.1783333333333345,0.3516666666666665,5.959048363078813
San Juan,0.13444444444444528,0.0620000000000011,0.5479057465209752,-1.017999999999999,1.5420000000000016,2.5600000000000005,-0.2079999999999984,0.4920000000000009,4.07533199891632
San Luis,0.1441111111111118,0.1436666666666681,0.5829819721037517,-1.516333333333332,1.5436666666666667,3.0599999999999987,-0.1863333333333336,0.5036666666666676,4.045364494166337
Santa Cruz,0.12311111111111107,0.0819999999999998,0.43994949205057116,-0.9080000000000004,0.9619999999999996,1.87,-0.1379999999999999,0.4119999999999999,3.573596957089478
Santa Fe,0.1258888888888903,0.1129999999999995,0.5781656817518273,-1.296999999999997,1.6829999999999998,2.979999999999997,-0.2270000000000003,0.5330000000000013,4.592666492291603
Santiago del Estero,0.1562222222222206,0.2666666666666657,0.6993209549125481,-1.1233333333333348,1.6266666666666652,2.75,-0.413333333333334,0.6666666666666643,4.476449924760312
"Tierra del Fuego, Antártida e Islas del Atlántico Sur",0.058777777777778005,0.1163333333333334,0.40134521275079366,-0.7036666666666664,0.8463333333333334,1.5499999999999998,-0.2236666666666664,0.3563333333333336,6.82817942298134
Tucumán,0.1607777777777765,0.1936666666666653,0.6945489779909569,-1.2063333333333333,1.6836666666666638,2.889999999999997,-0.3463333333333338,0.613666666666667,4.319931445693616
