jurisdiccion,año,vab_agro,vab_total,peso_agro_pct,crec_agro,crec_total,peso_agro_medio,lluvia_mm,temp,lluvia_rel,temp_anom,seco
Buenos Aires,2005,14010.091203537555,288500.0379050463,4.856183487971908,19.478765944869792,9.3915431982442,3.9821472398480107,29.869999999999997,16.718333333333334,-14.201068804275218,0.08746124031008051,0
Buenos Aires,2006,13419.318774290681,309380.9929270175,4.337473562073763,-4.216763621765029,7.237765087865844,3.9821472398480107,36.41,16.754166666666666,4.584502338009333,0.12329457364341323,0
Buenos Aires,2007,13772.964801848362,331597.8737411539,4.153514208779146,2.635350076303511,7.181074895372563,3.9821472398480107,37.22,15.871666666666668,6.911155644622569,-0.7592054263565853,0
Buenos Aires,2008,14239.863799747043,347415.4457678483,4.098799858559679,3.3899672627931254,4.770106589718859,3.9821472398480107,23.24,17.156666666666666,-33.24515698062792,0.5257945736434131,1
Buenos Aires,2009,9820.738861307304,325475.08683222753,3.0173550169047485,-31.033477571030144,-6.3153090062328054,3.9821472398480107,34.01,16.754166666666666,-2.3092852371409567,0.12329457364341323,0
Buenos Aires,2010,15337.361018330586,364538.67387972627,4.207334397499593,56.17318854448114,12.002020623973241,3.9821472398480107,34.27,16.48,-1.5624582498329875,-0.15087209302325277,0
Buenos Aires,2011,15699.489424605368,387276.633030575,4.05381788768183,2.3610867987131634,6.237461421816315,3.9821472398480107,25.66,16.488333333333333,-26.293921175684698,-0.1425387596899199,1
Buenos Aires,2012,14433.947075933238,385318.934693548,3.7459739909778507,-8.061041441823457,-0.5055038621120334,3.9821472398480107,42.36,16.855,21.675350701402806,0.22412790697674723,0
Buenos Aires,2013,15280.923744218599,392608.12234145903,3.892156803350206,5.867949105186798,1.8917283817646346,3.9821472398480107,32.08,16.579166666666666,-7.8530394121576474,-0.05170542635658748,0
Buenos Aires,2014,14050.862515773557,378829.1268540948,3.709023810406536,-8.049652292194864,-3.5096053044415543,3.9821472398480107,51.72,16.485833333333336,48.561122244488985,-0.14503875968991764,0
Buenos Aires,2015,15893.40722109845,390706.81915161165,4.067860206691479,13.113392172590444,3.1353693408298966,3.9821472398480107,30.68,17.12333333333333,-11.874415497661994,0.4924612403100781,0
Buenos Aires,2016,15710.846708316023,382424.7738203427,4.1082188665153625,-1.1486556044450813,-2.1197596062573765,3.9821472398480107,34.4,16.416666666666668,-1.1890447561790252,-0.21420542635658535,0
Buenos Aires,2017,15552.077044432868,392107.4772761987,3.9662791315448587,-1.0105735663445525,2.531923692894633,3.9821472398480107,37.84,17.273333333333333,8.692050768203075,0.6424612403100802,0
Buenos Aires,2018,13151.563298871846,379410.1365611404,3.466318379913006,-15.435325704101544,-3.238229682142557,3.9821472398480107,42.370000000000005,16.899166666666666,21.70407481629928,0.2682945736434128,0
Buenos Aires,2019,16175.167566601203,369767.3103364654,4.374417941889671,22.990455195457436,-2.541530996529162,3.9821472398480107,34.05,16.68,-2.194388777555123,0.049127906976746516,0
Buenos Aires,2020,14907.6553229597,336211.9228720893,4.434005550907029,-7.836161439580314,-9.074730655298534,3.9821472398480107,26.94,16.775833333333335,-22.617234468937873,0.1449612403100815,1
Buenos Aires,2021,14672.272637393286,372826.90386788186,3.9354114429984053,-1.5789383405175328,10.890446919017371,3.9821472398480107,27.25,16.979166666666668,-21.726786907147634,0.34829457364341465,1
Buenos Aires,2022,14933.984315189411,393017.37883251446,3.7998279769591496,1.783716021805204,5.415509115669259,3.9821472398480107,19.86,16.835833333333333,-42.95390781563127,0.20496124031008023,1
Buenos Aires,2023,11473.166839118821,385783.09490224556,2.973994192779762,-23.174106809196115,-1.840703317435688,3.9821472398480107,25.299999999999997,17.775833333333335,-27.327989311957257,1.1449612403100815,1
CABA,2005,188.4620425049427,186939.9092735125,0.10081423663750858,6.966715917414756,9.05762792086553,0.08331330732946192,29.79,17.800833333333333,-17.558887887759045,0.03988372093023074,1
CABA,2006,175.0233805320725,203222.16754812977,0.08612415793204309,-7.130699526679352,8.709888828925582,0.08331330732946192,37.91,18.024166666666666,4.912472647702404,0.26321705426356345,0
CABA,2007,198.19708734897029,224086.00537555997,0.08844688315845481,13.240349230171145,10.266516728539932,0.08331330732946192,40.36,17.27,11.692624533401986,-0.490949612403103,0
CABA,2008,208.48495095176983,234277.27902127523,0.08899068310112858,5.1907239104303615,4.547929545459595,0.08331330732946192,22.34,18.334166666666665,-38.176084438151626,0.5732170542635622,1
CABA,2009,137.5952652409729,227860.89080846193,0.06038564351819128,-34.00230346947022,-2.7388008942303865,0.08331330732946192,35.42,17.89,-1.9783755953147075,0.12905038759689802,0
CABA,2010,219.893398892808,241310.30475039693,0.09112474459814643,59.81174825144235,5.902467024602509,0.08331330732946192,36.46,17.805833333333332,0.8997296949414313,0.04488372093022974,0
CABA,2011,205.09864926241215,253293.50799149543,0.08097272247076247,-6.728146322213102,4.965889564266024,0.08331330732946192,25.74,17.754166666666666,-28.766894066160386,-0.006782945736436119,1
CABA,2012,177.65701646058264,249561.88736364793,0.07118755926128678,-13.379723806332578,-1.4732397436624356,0.08331330732946192,45.64,18.254166666666666,26.304543699317804,0.4932170542635639,0
CABA,2013,194.40184466987677,249766.7415130747,0.07783335903419322,9.42536835465171,0.0820855105684748,0.08331330732946192,31.05,17.979166666666668,-14.071952632256401,0.2182170542635653,0
CABA,2014,196.58475217653796,244631.2906442245,0.08035961044020234,1.1228841528577505,-2.056098757480629,0.08331330732946192,53.550000000000004,18.211666666666666,48.19474835886215,0.45071705426356345,0
CABA,2015,206.83176665076684,248215.99272139295,0.0833273329341525,5.212517431172281,1.4653489615855442,0.08331330732946192,30.560000000000002,18.53,-15.427983009396318,0.7690503875968986,0
CABA,2016,202.72184216606803,246138.6386242188,0.08236083668097498,-1.9870857128239772,-0.8369138806885279,0.08331330732946192,36.26,17.791666666666668,0.346247908353714,0.030717054263565302,0
CABA,2017,214.53339374461723,251702.81511639393,0.0852328145974098,5.826481967775954,2.2605863603032184,0.08331330732946192,37.49,18.778333333333332,3.750160895868193,1.0173837209302299,0
CABA,2018,176.2574721606851,247920.54832867908,0.07109433782270153,-17.84147489387885,-1.5026716272385832,0.08331330732946192,42.94,18.356666666666666,18.83253958038358,0.595717054263563,0
CABA,2019,214.36777142868812,236254.16349541454,0.09073608196236033,21.621948165272542,-4.705694994590726,0.08331330732946192,35.35,18.24083333333333,-2.172094220620413,0.47988372093022846,0
CABA,2020,193.84217252805576,207732.76115403033,0.09331324122935286,-9.574946254204274,-12.072338501639901,0.08331330732946192,24.9,18.13,-31.09151756982881,0.36905038759689646,1
CABA,2021,195.97527318388723,226574.9912968915,0.08649466212583538,1.1004316697506678,9.07041818449137,0.08331330732946192,28.560000000000002,18.2825,-20.962800875273512,0.5215503875968963,1
CABA,2022,194.3174799978789,238011.13594404986,0.08164217998756067,-0.8459195688696797,5.047399354050097,0.08331330732946192,19.65,18.031666666666666,-45.620414467756476,0.27071705426356374,1
CABA,2023,152.59920287136455,238917.00062533264,0.06387121990982517,-21.469132435728234,0.3805976042632331,0.08331330732946192,19.86,19.13416666666667,-45.039258591839356,1.3732170542635664,1
Catamarca,2005,200.77719604969658,8700.21553549086,2.307726690570648,3.9020134779500726,12.756706950836595,2.1320266228974405,11.16,18.335833333333333,-31.35745959090257,-0.28804263565891475,1
Catamarca,2006,203.40603205020474,9172.5333930189,2.2175556450414726,1.3093299698524907,5.42880639682215,2.1320266228974405,11.2,19.436666666666667,-31.111428980117285,0.8127906976744192,1
Catamarca,2007,194.09274698001636,9470.311045790633,2.0494865062144583,-4.578667100634304,3.246405763955762,2.1320266228974405,13.0,17.894166666666667,-20.040051494778986,-0.7297093023255812,0
Catamarca,2008,226.4124141518399,9112.37081808607,2.4846707697897963,16.651661473548597,-3.7796037107319713,2.1320266228974405,19.009999999999998,18.1225,16.926047775711652,-0.5013759689922495,0
Catamarca,2009,178.4248570884968,8316.01197011962,2.145557963716234,-21.194755262474708,-8.739315638756185,2.1320266228974405,10.43,19.0475,-35.84751823773422,0.42362403100775126,1
Catamarca,2010,200.85470162683748,8518.479502325577,2.3578703402644026,12.57103124774579,2.4346710049654385,2.1320266228974405,14.440000000000001,17.784166666666668,-11.182949506508344,-0.8397093023255806,0
Catamarca,2011,189.68750220980243,8463.710190027246,2.241186169551391,-5.559839688384438,-0.6429470456949415,2.1320266228974405,12.73,17.895833333333332,-21.70075811757972,-0.728042635658916,0
Catamarca,2012,148.8023369502236,8652.187812836739,1.719823242041214,-21.553958370097625,2.226891263734143,2.1320266228974405,10.38,19.14,-36.15505650121583,0.5161240310077524,1
Catamarca,2013,104.45247656475415,8275.79726348802,1.2621439752468067,-29.8045456102649,-4.350235541469516,2.1320266228974405,14.42,18.549166666666668,-11.305964811901003,-0.07470930232558004,0
Catamarca,2014,102.11966848873853,8525.699091391954,1.197786450050114,-2.233367893933491,3.0196707331929806,2.1320266228974405,20.51,18.444166666666664,26.15219568016025,-0.17970930232558402,0
Catamarca,2015,148.46404196085345,7709.82140518394,1.9256482628900975,45.38241668618974,-9.569627985484164,2.1320266228974405,23.14,18.607499999999998,42.32870833929341,-0.016375968992250023,0
Catamarca,2016,185.56984695276037,7714.305553288072,2.4055288667385604,24.993125946073103,0.05816150424855504,2.1320266228974405,18.02,17.8175,10.836790158775589,-0.8063759689922492,0
Catamarca,2017,149.70097480618435,7594.983186350918,1.9710507730315279,-19.329041186150786,-1.5467674454027192,2.1320266228974405,18.73,18.9525,15.203833500214593,0.3286240310077524,0
Catamarca,2018,149.56220371519882,7249.302975722196,2.063125299302296,-0.09269885594612726,-4.551428253981527,2.1320266228974405,17.03,18.448333333333334,4.7475325418395276,-0.17554263565891404,0
Catamarca,2019,187.40047883187063,6555.116888107175,2.858842672536744,25.29935650635684,-9.57590115821947,2.1320266228974405,21.02,18.065833333333334,29.289085967672747,-0.5580426356589143,0
Catamarca,2020,148.91665438031993,5906.361548356799,2.5212925616067277,-20.53560625428129,-9.896930151274663,2.1320266228974405,14.93,18.938333333333333,-8.169074524388487,0.3144573643410844,0
Catamarca,2021,169.47066580549833,6874.260405132143,2.4652930761682517,13.802359118735819,16.387396011079304,2.1320266228974405,26.169999999999998,18.1225,60.96552710627952,-0.5013759689922495,0
Catamarca,2022,175.3753810384057,7645.559515123658,2.293820101609257,3.484210795326792,11.220103175254792,2.1320266228974405,21.2,18.029999999999998,30.396223716206585,-0.5938759689922506,0
Catamarca,2023,137.45297122024098,8096.810637007467,1.6976186968236022,-21.623565174099333,5.90213340163257,2.1320266228974405,20.81,19.779166666666665,27.997425261049933,1.1552906976744168,0
Chaco,2005,1168.496622147336,12508.80054798521,9.341396224720725,20.50692356169932,11.747245812566543,7.038201761152898,37.71,21.95583333333333,-21.727230599911174,0.2578100775193768,1
Chaco,2006,1376.945862309064,13715.463646228382,10.039367955947379,17.839096511777907,9.646513217748343,7.038201761152898,44.99,22.410833333333333,-6.616497074781313,0.7128100775193786,0
Chaco,2007,1424.4648177149709,14948.493965553218,9.529152709279325,3.4510402120109474,8.990073913133134,7.038201761152898,42.160000000000004,21.365,-12.4905871676546,-0.33302325581395564,0
Chaco,2008,1402.0275807063388,15787.037541112208,8.880878233520468,-1.5751345157561936,5.609552223062075,7.038201761152898,28.509999999999998,22.290000000000003,-40.82321252727308,0.5919767441860486,1
Chaco,2009,835.097242059228,15036.972963465014,5.553626012949843,-40.43646119725351,-4.751142041018741,7.038201761152898,45.0,22.081666666666667,-6.59574057268636,0.3836434108527129,0
Chaco,2010,1575.6219229205403,16934.37566605845,9.304281149724094,88.67526361783764,12.61824907980824,7.038201761152898,42.3,20.611666666666668,-12.199996138325186,-1.086356589147286,0
Chaco,2011,1757.368413258254,18712.71501647422,9.391306455055343,11.534904896526953,10.501357625956608,7.038201761152898,41.17,21.71666666666667,-14.545480875055494,0.01864341085271448,1
Chaco,2012,903.2919024804452,17048.770883646226,5.298281668779502,-48.59974176924609,-8.892050840100419,7.038201761152898,35.43,22.97583333333333,-26.45971307756173,1.2778100775193764,1
Chaco,2013,895.6702647968714,17886.412915517612,5.007545498515356,-0.8437624274771793,4.913210680043112,7.038201761152898,47.16,20.99833333333333,-2.1123361201753177,-0.6996899224806228,0
Chaco,2014,1564.7399112579299,19306.443984415328,8.1047546224516,74.70044197713726,7.939160722750316,7.038201761152898,51.97,21.901666666666667,7.87154138749977,0.2036434108527132,0
Chaco,2015,1147.6029826778447,19086.422578294216,6.012666742393837,-26.658547249858245,-1.1396267810826255,7.038201761152898,53.25,21.958333333333332,10.528373655654466,0.26031007751937807,0
Chaco,2016,1117.2889881104547,18856.36924074476,5.925260445665338,-2.6415053833909186,-1.2053245526014944,7.038201761152898,56.35,20.63,16.962889305091643,-1.068023255813955,0
Chaco,2017,1074.926512078027,19597.573048542592,5.484998113875972,-3.7915415334103253,3.9307875144714677,7.038201761152898,52.46,21.861666666666665,8.888609990152752,0.1636434108527105,0
Chaco,2018,1164.0461984392919,19342.625775463923,6.018036082339358,8.290770146601044,-1.3009124775153147,7.038201761152898,53.92,21.813333333333333,11.919059296016709,0.1153100775193785,0
Chaco,2019,1119.6025637836804,18289.607842203193,6.121523071698684,-3.8180301361921742,-5.444027845466981,7.038201761152898,57.76,21.19,19.8895561004808,-0.5080232558139528,0
Chaco,2020,1262.3890209358367,17166.9195688846,7.353614117374575,12.753316379484847,-6.1383944533135,7.038201761152898,31.86,22.583333333333332,-33.86978432546195,0.8853100775193781,1
Chaco,2021,1112.924009364747,18304.17416037158,6.080165101216204,-11.839853570675707,6.62468643208578,7.038201761152898,36.14,22.093333333333334,-24.98600142881967,0.39531007751937963,1
Chaco,2022,1281.917994410175,19478.869101432698,6.581069915993676,15.184683197003634,6.417634200642208,7.038201761152898,29.78,22.214166666666667,-38.187136761213324,0.5161434108527132,1
Chaco,2023,868.8252668636654,18964.79347292388,4.581253511165788,-32.22458295677316,-2.6391451466297178,7.038201761152898,51.73,23.215,7.373385337220761,1.5169767441860458,0
Chubut,2005,278.28488241369433,19931.826325717848,1.3961835602321397,10.654371825608756,4.38964282615566,0.8357767162164494,11.39,12.745833333333332,15.916406323961008,-0.18750000000000178,0
Chubut,2006,263.09441640329464,21999.54215699316,1.1959085990326523,-5.458602665960766,10.37394063888344,0.8357767162164494,9.2,13.011666666666665,-6.37129603332387,0.07833333333333137,0
Chubut,2007,258.7750408357785,22407.607496881883,1.1548535062111749,-1.6417587368692144,1.8548810560542028,0.8357767162164494,7.15,12.411666666666667,-27.23421376502887,-0.5216666666666665,1
Chubut,2008,262.28406383709995,22653.511368298845,1.1578075450331216,1.3560129253533004,1.0974124366074367,0.8357767162164494,5.67,13.3025,-42.2962226640159,0.36916666666666664,1
Chubut,2009,202.1609410022389,21438.962833761514,0.9429604527504529,-22.92290349451138,-5.361414020066491,0.8357767162164494,5.9,13.2325,-39.95550506484899,0.29916666666666636,1
Chubut,2010,214.215821794319,22917.537204647022,0.9347244421659853,5.963011812428487,6.896669313485115,0.8357767162164494,6.62,12.76,-32.6280412761526,-0.17333333333333378,1
Chubut,2011,197.55821407941778,23835.129095538374,0.8288531322299324,-7.776086553912509,4.003885246034589,0.8357767162164494,6.03,13.214166666666666,-38.632490769667704,0.28083333333333194,1
Chubut,2012,171.8772805948037,22981.7299450586,0.7478866082131461,-12.999172727027409,-3.580425963119782,0.8357767162164494,7.24,12.945833333333333,-26.31828079144182,0.01249999999999929,0
Chubut,2013,168.16640851628082,23690.15326064563,0.7098578327715629,-2.159024197776993,3.0825499963694103,0.8357767162164494,9.78,12.900833333333333,-0.4686168702073279,-0.03250000000000064,0
Chubut,2014,163.14734255967065,24305.65214486496,0.6712321133672552,-2.9845829502413768,2.5981211579656716,0.8357767162164494,9.93,12.8575,1.057938085771104,-0.07583333333333364,0
Chubut,2015,168.3004481125151,24503.230886376827,0.6868500276267073,3.158559294926744,0.8128921632477581,0.8357767162164494,8.379999999999999,13.071666666666667,-14.716463126005873,0.13833333333333364,0
Chubut,2016,161.67293207211594,23554.018684651823,0.686392136461472,-3.9379075425684085,-3.873824664700609,0.8357767162164494,11.23,12.973333333333334,14.288081037584032,0.040000000000000924,0
Chubut,2017,161.93678368238878,24200.81938057034,0.6691376070200331,0.16320085674894624,2.7460311744593513,0.8357767162164494,13.83,13.131666666666666,40.74836694120989,0.19833333333333236,0
Chubut,2018,159.4041946027302,24089.02196376278,0.6617296245672515,-1.5639368783721297,-0.4619571554561386,0.8357767162164494,7.87,13.221666666666666,-19.90674997633247,0.2883333333333322,0
Chubut,2019,158.8635626323114,24366.713189778722,0.6519696004750901,-0.339157932302947,1.1527708614889942,0.8357767162164494,10.16,12.919166666666667,3.398655684938001,-0.014166666666666217,0
Chubut,2020,159.0977706737696,21859.573805627704,0.7278173494526694,0.14742716175908388,-10.289198073717653,0.8357767162164494,17.830000000000002,12.914166666666667,81.45649910063433,-0.019166666666666998,0
Chubut,2021,151.9487713734686,22717.172092812285,0.6688718593699662,-4.4934629002187805,3.923215954758441,0.8357767162164494,16.06,13.434166666666664,63.443150620088986,0.5008333333333308,0
Chubut,2022,143.00337840248469,23003.512393065364,0.6216588839085047,-5.887111090222241,1.2604575036154086,0.8357767162164494,15.7,12.655000000000001,59.7794187257408,-0.27833333333333243,0
Chubut,2023,124.96657349436467,22511.548552978995,0.555122066348597,-12.612852304338729,-2.1386466191774978,0.8357767162164494,14.59,12.966666666666667,48.48291205150053,0.033333333333333215,0
Corrientes,2005,337.01279537908056,10839.664268359273,3.109070419854359,6.933622062360123,13.45436670025979,2.270800663682294,37.71,21.95583333333333,-21.727230599911174,0.2578100775193768,1
Corrientes,2006,339.9525067127941,11406.927800640893,2.980228442347939,0.8722847838483094,5.233220496851088,2.270800663682294,44.99,22.410833333333333,-6.616497074781313,0.7128100775193786,0
Corrientes,2007,333.2505621671267,12170.644866631606,2.7381504087823934,-1.9714355427093433,6.695203821205964,2.270800663682294,42.160000000000004,21.365,-12.4905871676546,-0.33302325581395564,0
Corrientes,2008,347.0386553215059,12685.438777083753,2.7357244902591096,4.137455332322726,4.229799785412869,2.270800663682294,28.509999999999998,22.290000000000003,-40.82321252727308,0.5919767441860486,1
Corrientes,2009,325.10596256336385,12292.315595985863,2.644790235206208,-6.319956702754926,-3.099011299538701,2.270800663682294,45.0,22.081666666666667,-6.59574057268636,0.3836434108527129,0
Corrientes,2010,293.85694239056824,12993.52773744735,2.2615639749909677,-9.611949263066844,5.7044755805852665,2.270800663682294,42.3,20.611666666666668,-12.199996138325186,-1.086356589147286,0
Corrientes,2011,337.3692451241871,14258.25615782674,2.366132585849189,14.807308066176716,9.733526151904393,2.270800663682294,41.17,21.71666666666667,-14.545480875055494,0.01864341085271448,1
Corrientes,2012,287.23379077410374,14334.224774894106,2.00383205429556,-14.860706799645673,0.532804406278431,2.270800663682294,35.43,22.97583333333333,-26.45971307756173,1.2778100775193764,1
Corrientes,2013,325.16079192631275,14707.895973102986,2.2107906699975945,13.20422679030715,2.6068462304522644,2.270800663682294,47.16,20.99833333333333,-2.1123361201753177,-0.6996899224806228,0
Corrientes,2014,324.526952043214,14764.32122806415,2.198048572841604,-0.1949312152131788,0.38363920348871705,2.270800663682294,51.97,21.901666666666667,7.87154138749977,0.2036434108527132,0
Corrientes,2015,322.55441537507994,15171.44624641794,2.1260624078685764,-0.60781905962356,2.7574922820015946,2.270800663682294,53.25,21.958333333333332,10.528373655654466,0.26031007751937807,0
Corrientes,2016,295.9271520796324,14865.701380489807,1.9906706350769032,-8.255122864923193,-2.015265130048627,2.270800663682294,56.35,20.63,16.962889305091643,-1.068023255813955,0
Corrientes,2017,290.8859256757497,15582.227210063797,1.8667801576393441,-1.7035362819718847,4.819993428055658,2.270800663682294,52.46,21.861666666666665,8.888609990152752,0.1636434108527105,0
Corrientes,2018,284.61021951229606,15769.65348403504,1.8047969145322764,-2.157445792151935,1.2028208255761674,2.270800663682294,53.92,21.813333333333333,11.919059296016709,0.1153100775193785,0
Corrientes,2019,288.40306521258424,15208.858241943592,1.8962834725963507,1.3326456466628445,-3.5561671831228825,2.270800663682294,57.76,21.19,19.8895561004808,-0.5080232558139528,0
Corrientes,2020,295.0138488630827,13895.090727018207,2.1231516559258243,2.292202978364899,-8.638173188452924,2.270800663682294,31.86,22.583333333333332,-33.86978432546195,0.8853100775193781,1
Corrientes,2021,291.9503575021147,15161.247331598799,1.9256354778517268,-1.038422898712743,9.112258634760995,2.270800663682294,36.14,22.093333333333334,-24.98600142881967,0.39531007751937963,1
Corrientes,2022,274.3602555639382,15394.112562762763,1.7822414539672502,-6.025031820024084,1.5359239650330814,2.270800663682294,29.78,22.214166666666667,-38.187136761213324,0.5161434108527132,1
Corrientes,2023,266.3854960727563,15701.15772507409,1.6965977970360102,-2.906674465217285,1.994562278660017,2.270800663682294,51.73,23.215,7.373385337220761,1.5169767441860458,0
Córdoba,2005,9251.203885588668,75296.31104157699,12.286397245251965,35.23421910598778,16.320587596145742,10.105200609573949,27.3,16.040833333333335,1.400202126648753,-0.7669573643410814,0
Córdoba,2006,8493.226513424857,79970.84212893512,10.620403996410875,-8.193283615168955,6.208180749754066,10.105200609573949,30.2,17.198333333333334,12.1716521694063,0.39054263565891745,0
Córdoba,2007,10998.26864485372,90639.5099599307,12.134077787617962,29.49458756892045,13.340697117825439,10.105200609573949,23.48,16.00583333333333,-12.78839758484569,-0.8019573643410851,1
Córdoba,2008,9801.33115258716,92741.22256183323,10.56847309302218,-10.882962863674262,2.3187598905065165,10.105200609573949,24.46,16.918333333333333,-9.148390329017275,0.11054263565891631,0
Córdoba,2009,7538.180216119336,84274.63799179188,8.944779112374869,-23.090240511570126,-9.129257018793812,10.105200609573949,18.2,17.465833333333332,-32.39986524890084,0.6580426356589157,1
Córdoba,2010,9394.209111630887,95046.56298595588,9.883796758667621,24.62171031070197,12.781929713199315,10.105200609573949,24.3,16.0625,-9.74267722792803,-0.7452906976744167,0
Córdoba,2011,8450.84362261048,99321.79414795451,8.50854910053447,-10.041989461916856,4.498038674612914,10.105200609573949,21.49,16.581666666666667,-20.179840890048297,-0.2261240310077497,1
Córdoba,2012,7039.851762706078,94767.24927746196,7.428570330341257,-16.69646159502055,-4.585644983122117,10.105200609573949,23.87,17.195,-11.339823268750704,0.3872093023255836,0
Córdoba,2013,9504.375978120674,101845.21377001159,9.332177356496693,35.00818338918044,7.468787525769138,10.105200609573949,25.11,16.897499999999997,-6.734099802192306,0.08970930232558061,0
Córdoba,2014,10570.349159641333,100512.8505199236,10.516415667214696,11.215604096203236,-1.3082237257577511,10.105200609573949,31.0,16.675,15.143086663960116,-0.13279069767441598,0
Córdoba,2015,11794.189953621384,104504.18705268031,11.28585397987543,11.578054570352325,3.9709713853608664,10.105200609573949,35.54,16.7525,32.00597742055298,-0.05529069767441541,0
Córdoba,2016,11687.648162796137,102875.99100006688,11.36090943006181,-0.903341316734807,-1.558019921051268,10.105200609573949,32.0,16.206666666666667,18.857379782152385,-0.6011240310077497,0
Córdoba,2017,11386.717550017582,105036.62897295438,10.840711151297059,-2.57477474156409,2.1002353920324346,10.105200609573949,25.14,17.400833333333335,-6.62267100864653,0.593042635658918,0
Córdoba,2018,8241.068321127299,98145.70203152116,8.396769446389554,-27.6256016281481,-6.5604989505209215,10.105200609573949,21.91,17.41,-18.619837780407543,0.6022093023255835,1
Córdoba,2019,11526.801263894526,100459.7602278145,11.474048153962322,39.87023059065926,2.3577784338942864,10.105200609573949,28.0,16.780833333333334,4.00020730938333,-0.02695736434108298,0
Córdoba,2020,10208.564264789382,89394.3101704224,11.41970249037959,-11.436277670842355,-11.014808349431437,10.105200609573949,19.240000000000002,17.475,-28.537000405980873,0.6672093023255847,1
Córdoba,2021,10757.34647351508,100246.57239625603,10.73088706813166,5.375704109720081,12.13976840935933,10.105200609573949,24.56,16.9225,-8.776961017198047,0.11470930232558274,0
Córdoba,2022,9880.944792372187,103405.26553868232,9.555552844333521,-8.147006172020399,3.1509238340245327,10.105200609573949,17.44,16.9525,-35.22272801872695,0.14470930232558388,1
Córdoba,2023,6100.326849169408,96203.79138085846,6.341046191224415,-38.26170495478641,-6.964320550127012,10.105200609573949,19.6,18.109166666666667,-27.199854883431662,1.3013759689922502,1
Entre Ríos,2005,2803.235185384757,23408.519654886215,11.975277491755525,20.345798616773457,12.175162148824592,9.629104633856944,42.9,18.794999999999998,17.26750875676226,-0.5517829457364343,0
Entre Ríos,2006,2696.584813905535,24916.283529544333,10.822580384863882,-3.8045459772788837,6.441090239311187,9.629104633856944,34.82,19.9075,-4.819238813275939,0.5607170542635664,0
Entre Ríos,2007,3109.6412833350264,27535.820211112674,11.29307665249813,15.317762945911229,10.51335235635058,9.629104633856944,41.85,17.974999999999998,14.397324976002368,-1.3717829457364346,0
Entre Ríos,2008,2913.8600598825797,28211.69934595621,10.328552081001261,-6.295942380931974,2.454545133072772,9.629104633856944,20.21,20.086666666666666,-44.75579599127819,0.7398837209302336,1
Entre Ríos,2009,2069.5543069340415,26032.95235765115,7.949748758810271,-28.975507937830113,-7.722849168309165,9.629104633856944,38.93,19.480833333333333,6.415480557127151,0.13405038759690058,0
Entre Ríos,2010,3286.1138523827735,29908.016770217022,10.987401396856072,58.783649280072005,14.885228380280058,9.629104633856944,34.48,18.426666666666666,-5.748631656569636,-0.9201162790697666,0
Entre Ríos,2011,3027.4975484911174,31306.633099641855,9.670466762923004,-7.869973942142405,4.67639275506091,9.629104633856944,33.11,18.883333333333333,-9.493538113370658,-0.46344961240309956,0
Entre Ríos,2012,2802.8246824068333,31189.556783328684,8.986420364604179,-7.421075078863715,-0.37396648799806753,9.629104633856944,43.41,19.334166666666665,18.661598021702797,-0.0126162790697677,0
Entre Ríos,2013,3074.70897454311,32225.774778996067,9.541148337408249,9.700367413020095,3.3223235676797414,9.629104633856944,30.68,19.1825,-16.135963434557887,-0.16428294573643143,1
Entre Ríos,2014,3059.90403690544,31770.277880082343,9.631341747954233,-0.4815069575770048,-1.4134552296648062,9.629104633856944,41.57,19.18166666666667,13.631942634466387,-0.165116279069764,0
Entre Ríos,2015,3235.5476854564095,32895.96916994669,9.835696491387647,5.7401685292262306,3.543221416297637,9.629104633856944,38.19,19.6225,4.392684368782063,0.2757170542635663,0
Entre Ríos,2016,2734.2195301450556,31365.06354834325,8.71740471984308,-15.494383147706136,-4.653778746248516,9.629104633856944,50.12,18.639166666666664,37.003439134939974,-0.707616279069768,0
Entre Ríos,2017,3201.119545807431,32934.96715044764,9.719516437300962,17.076171482017234,5.005261984196796,9.629104633856944,41.07,19.525000000000002,12.265188453152142,0.1782170542635697,0
Entre Ríos,2018,2566.111180864581,31641.73012033554,8.109895290508753,-19.837071245106518,-3.9266382875215,9.629104633856944,35.56,19.7625,-2.7964426249308505,0.41571705426356687,0
Entre Ríos,2019,3178.752530848106,32133.7943047337,9.89224148478425,23.87431045669315,1.5551115015734363,9.629104633856944,43.15,19.023333333333333,17.950885847419396,-0.323449612403099,0
Entre Ríos,2020,2938.9972900463576,29974.205229414307,9.805088300263783,-7.5424317707984745,-6.720616478836606,9.629104633856944,29.09,19.518333333333334,-20.482241731137197,0.171550387596902,1
Entre Ríos,2021,2788.291778066819,31972.12937751106,8.721007428513913,-5.127786694119796,6.665478309784012,9.629104633856944,34.13,19.59,-6.70535958348959,0.24321705426356743,0
Entre Ríos,2022,2926.921354441018,33667.44797510073,8.693624050761635,4.971846112543998,5.302488857004772,9.629104633856944,24.77,19.385,-32.290997857692275,0.03821705426356914,1
Entre Ríos,2023,2263.8007002710256,32285.79406725638,7.011754753670216,-22.65590953319738,-4.103827260284698,9.629104633856944,30.089999999999996,20.925833333333333,-17.748733368508706,1.5790503875969009,1
Formosa,2005,175.51033180161602,5115.013467771432,3.4312779997055296,5.690661402233155,12.993601011051425,2.0743725847152295,36.01,22.790000000000003,-23.36174298667617,-0.006976744186044215,1
Formosa,2006,163.08122458594735,5469.692098700351,2.9815430492823705,-7.081695469482452,6.9340703238353285,2.0743725847152295,46.42,23.36583333333333,-1.2066678545267329,0.5688565891472841,0
Formosa,2007,171.71082405698968,5922.8909999487205,2.8991049144493175,5.291595947327665,8.28563826026063,2.0743725847152295,44.7,22.22,-4.867256637168127,-0.576976744186048,0
Formosa,2008,146.59111378634282,5896.733267137007,2.4859715904619173,-14.629077932972823,-0.4416379233036727,2.0743725847152295,32.82,22.852500000000003,-30.150858228900635,0.055523255813955785,1
Formosa,2009,137.52570600265437,5892.761826703318,2.333807305420871,-6.1841455116449335,-0.06734984022123136,2.0743725847152295,43.45,22.805833333333336,-7.527568252459849,0.008856589147288929,0
Formosa,2010,120.06228516717033,6200.609253638555,1.936298196773439,-12.698295717272657,5.224162048094549,2.0743725847152295,43.29,21.6075,-7.8680881392172,-1.1894767441860452,0
Formosa,2011,126.78198483995867,6745.118465226942,1.8796109437300008,5.5968447239131525,8.781543705061988,2.0743725847152295,42.94,22.459166666666665,-8.612975391498878,-0.3378100775193822,0
Formosa,2012,132.63244460419025,6750.876539743164,1.9646699776446546,4.6145828775411735,0.08536654390736143,2.0743725847152295,40.4,23.540833333333335,-14.018728593771657,0.7438565891472884,1
Formosa,2013,133.22444444230135,6920.204157013859,1.9251519379998911,0.44634617108789687,2.5082315796155275,2.0743725847152295,40.4,22.271666666666665,-14.018728593771657,-0.5253100775193822,1
Formosa,2014,113.14128061520191,6836.647903510104,1.654923322248501,-15.074683862387827,-1.2074246887509577,2.0743725847152295,58.72,22.635833333333334,24.970798439943785,-0.16114341085271278,0
Formosa,2015,128.19331106946964,7243.2066384836,1.7698419701071448,13.30374764402773,5.946755496429157,2.0743725847152295,59.15,22.983333333333334,25.885945635604134,0.18635658914728737,0
Formosa,2016,116.52551716193086,7215.428549357213,1.6149493597620275,-9.10171818654083,-0.38350540738131267,2.0743725847152295,52.6,21.83666666666667,11.94591277147552,-0.9603100775193774,0
Formosa,2017,118.29613768991933,7400.166997493832,1.598560380191176,1.519513125634031,2.560325376003836,2.0743725847152295,47.61,23.084166666666665,1.3259488032309807,0.2871899224806178,0
Formosa,2018,136.68671414028347,7361.7655685104455,1.8567110412338246,15.546218844921178,-0.5189265187717007,2.0743725847152295,52.93,22.505,12.648235037912547,-0.2919767441860479,0
Formosa,2019,121.58440206556955,6938.6803952121445,1.7522698141488935,-11.048851506675483,-5.747061209175486,2.0743725847152295,45.82,22.837500000000002,-2.483617429866758,0.04052325581395522,0
Formosa,2020,108.88769759910295,6487.701433371025,1.6783709718670676,-10.442708316827808,-6.499491778758193,2.0743725847152295,35.83,23.651666666666667,-23.74482785927817,0.8546899224806204,1
Formosa,2021,105.2493552189195,7203.023690041147,1.4611829663206102,-3.341371394938397,11.025819606782349,2.0743725847152295,40.74,22.834166666666665,-13.295123834412303,0.03718992248061781,1
Formosa,2022,105.39245531736175,7211.606239833267,1.461428311701589,0.13596292171538238,0.11915204171806248,2.0743725847152295,36.4,22.8125,-22.531725762705157,0.015523255813953085,1
Formosa,2023,107.97040663579648,7035.111739429964,1.5347362008573446,2.446049207860179,-2.447367403789147,2.0743725847152295,47.89,24.495,1.9218586050563369,1.698023255813954,0
Jujuy,2005,428.41348934206627,7710.824915479259,5.556000739713834,4.524878247810804,5.4894032200013765,3.674654612086148,20.33,19.984166666666667,-25.3065269957364,0.1567635658914739,1
Jujuy,2006,405.9038097080913,8193.100301073631,4.954215068682869,-5.254194882739127,6.254523878842311,3.674654612086148,23.810000000000002,20.357499999999998,-12.520826747097068,0.5300968992248052,0
Jujuy,2007,420.14251566455994,8861.473581508795,4.741226296056107,3.5079015313279616,8.157757819070998,3.674654612086148,28.9,19.026666666666667,6.180096892435705,-0.8007364341085257,0
Jujuy,2008,437.0743114641686,9279.202159726861,4.7102574546886915,4.03001247632051,4.713985483066141,3.674654612086148,33.35,19.100833333333334,22.52962738279347,-0.726569767441859,0
Jujuy,2009,379.3045700817421,9164.449108555742,4.138869293601414,-13.217372851060926,-1.2366693730325728,3.674654612086148,25.46,19.94333333333333,-6.458641284380162,0.11593023255813861,0
Jujuy,2010,435.1865918088519,10121.805050217758,4.299495886847668,14.732757297141696,10.44641014775507,3.674654612086148,21.189999999999998,19.267500000000002,-22.146842451532432,-0.5599031007751911,1
Jujuy,2011,399.452287114734,10635.470273837265,3.7558497821893875,-8.211260495317275,5.074838144688987,3.674654612086148,24.39,19.43583333333333,-10.389876705657198,-0.39156976744186167,0
Jujuy,2012,375.94930246510245,10892.56339203878,3.451430934428882,-5.883802748857669,2.417317820293774,3.674654612086148,21.06,20.27916666666667,-22.624469184958617,0.4517635658914756,1
Jujuy,2013,346.58962257582726,10935.489373866743,3.1694020333840314,-7.8094784846689524,0.3940852146826712,3.674654612086148,18.87,20.158333333333335,-30.670642617291964,0.330930232558142,1
Jujuy,2014,371.91144701100563,11027.161085560636,3.3726853550548017,7.305996136580362,0.838295466803407,3.674654612086148,26.59,20.161666666666665,-2.3069627553679695,0.3342635658914723,0
Jujuy,2015,381.92034775949526,11543.489713051466,3.3085345701628075,2.6912053471141117,4.682335040583818,3.674654612086148,25.84,20.185,-5.062501602057479,0.35759689922480575,0
Jujuy,2016,346.01641794913115,11123.605541718583,3.1106498396712476,-9.400894720847319,-3.6374110582707675,3.674654612086148,31.41,19.315833333333334,15.401966899356601,-0.5115697674418591,0
Jujuy,2017,371.9476782889674,11459.615317194925,3.245725689682334,7.49422830671822,3.020691215776683,3.674654612086148,22.21,20.419999999999998,-18.3993096200347,0.5925968992248052,1
Jujuy,2018,338.22927906543225,11335.403463028993,2.9838309696570096,-9.065360853614257,-1.0839094570613828,3.674654612086148,30.11,19.539166666666667,10.62569956509478,-0.2882364341085264,0
Jujuy,2019,351.3946083464739,11489.011363535214,3.058527816081369,3.892427443720714,1.3551163044810854,3.674654612086148,29.43,19.926666666666666,8.127344344096299,0.0992635658914729,0
Jujuy,2020,344.20881764396495,10477.321721428169,3.285274870771513,-2.0449348202359885,-8.805715392692804,3.674654612086148,25.990000000000002,20.370833333333334,-4.511393832719568,0.5434302325581406,0
Jujuy,2021,349.37194569433865,12016.455539433782,2.9074459148775005,1.4999987756601385,14.6901456204956,3.674654612086148,26.91,19.613333333333333,-1.1312661807804436,-0.21406976744185968,0
Jujuy,2022,332.80891086561076,13057.711202131675,2.5487538031265355,-4.740802755587792,8.665247911756158,3.674654612086148,45.16,19.499166666666667,65.92017908866423,-0.32823643410852554,0
Jujuy,2023,299.0525760296669,13424.799422202754,2.227612991633048,-10.142857878458301,2.811275378882261,3.674654612086148,22.93,21.616666666666664,-15.753992327212774,1.7892635658914706,1
La Pampa,2005,1134.2263023912312,9215.280789932405,12.308103553723086,44.1876309195036,20.425667206776964,8.641793847542445,16.82,15.741666666666667,-34.5910015826362,0.09397286821705642,1
La Pampa,2006,791.8976823166814,9233.160239150642,8.576669978701984,-30.181685908079892,0.19401958145182086,8.641793847542445,20.96,16.226666666666667,-18.491521591679827,0.5789728682170558,1
La Pampa,2007,852.2271857916434,10342.29198831692,8.24021587047005,7.6183457562938095,12.012482405139192,8.641793847542445,23.04,14.789166666666667,-10.402893963373261,-0.8585271317829442,0
La Pampa,2008,947.1558125627773,11159.946109687251,8.487100235552308,11.138887418025,7.905927644413713,8.641793847542445,19.48,16.517500000000002,-24.246891250282598,0.8698062015503911,1
La Pampa,2009,618.0444180743159,10332.348415489841,5.98164515191695,-34.7473340841318,-7.41578575795293,8.641793847542445,14.37,16.689166666666665,-44.11847162559348,1.0414728682170544,1
La Pampa,2010,709.7644150213318,11033.903517164303,6.432577681300409,14.840356819788836,6.789890095292539,8.641793847542445,22.63,15.546666666666667,-11.997286909337534,-0.10102713178294387,0
La Pampa,2011,735.4305728621304,11799.490564900323,6.23273156427447,3.6161516832352136,6.938496847875064,8.641793847542445,22.439999999999998,15.744166666666667,-12.736151933077089,0.09647286821705592,0
La Pampa,2012,924.7625084301615,11808.09538247216,7.831597547923532,25.744365621243315,0.07292533117857491,8.641793847542445,34.19,15.203333333333333,32.95681664028942,-0.4443604651162776,0
La Pampa,2013,866.4778185199511,11919.794553407934,7.269234504316356,-6.302665752437564,0.945954172267105,8.641793847542445,17.98,16.308333333333334,-30.080036174542148,0.6606395348837228,1
La Pampa,2014,851.9077715619976,11361.439712599058,7.498237838795116,-1.681525671694739,-4.68426564155201,8.641793847542445,32.44,15.375833333333333,26.151480895319935,-0.27186046511627815,0
La Pampa,2015,1057.867537758418,11978.476214317943,8.83140325055655,24.17629854682357,5.430971050567068,8.641793847542445,24.53,15.885,-4.60863667194209,0.23730620155038906,0
La Pampa,2016,1239.4227540511833,12395.028096458293,9.999354131398308,17.162377123082372,3.4775031037958204,8.641793847542445,33.76,14.8675,31.284648428668337,-0.780193798449611,0
La Pampa,2017,1055.8000944663713,12034.463763397636,8.773137841650636,-14.81517577312681,-2.908943249299145,8.641793847542445,37.629999999999995,15.624166666666667,46.33416233325798,-0.0235271317829433,0
La Pampa,2018,976.5474566692486,11834.45915622688,8.251728649174673,-7.5064056361141995,-1.6619320237521773,8.641793847542445,17.78,16.539166666666667,-30.85778883111009,0.8914728682170558,1
La Pampa,2019,1164.375674474974,12114.920735528178,9.611087846908726,19.23390578952087,2.369872383679894,8.641793847542445,14.709999999999999,16.221666666666668,-42.79629210942798,0.5739728682170568,1
La Pampa,2020,1094.6121433105066,10883.988237639463,10.057086790346512,-5.991496790408668,-10.160466789344202,8.641793847542445,33.12,15.441666666666665,28.795839927650935,-0.20602713178294607,0
La Pampa,2021,1053.2052612244745,11756.098466558518,8.958799249771765,-3.782790309707562,8.012781802750268,8.641793847542445,32.33,15.485833333333332,25.723716934207587,-0.16186046511627872,0
La Pampa,2022,1240.6307691543198,12897.129072069616,9.619433613648672,17.79572461610581,9.705861249434754,8.641793847542445,18.79,15.609166666666667,-26.930137915442,-0.03852713178294387,1
La Pampa,2023,991.1817151392671,12251.563151066828,8.0902469580215,-20.106631257025043,-5.005500971536714,8.641793847542445,22.009999999999998,16.573333333333334,-14.40832014469815,0.9256395348837234,0
La Rioja,2005,131.23783211117882,5437.3384429113175,2.413641039436752,13.238177688968156,7.868695472383225,1.9236175784575387,13.52,19.5425,1.269879979793398,-0.43827519379845015,0
La Rioja,2006,122.8317711644902,5703.4278731702925,2.153648190105247,-6.405211676742251,4.893744118611498,1.9236175784575387,10.39,20.671666666666667,-22.174996080617348,0.6908914728682163,0
La Rioja,2007,134.74680947263494,6257.7547172084505,2.1532772625633485,9.70029023858061,9.719187414393149,1.9236175784575387,14.84,19.24083333333333,11.15717595415191,-0.7399418604651196,0
La Rioja,2008,124.2971357478905,6167.049027108723,2.015504258219986,-7.755043526182059,-1.449492576791045,1.9236175784575387,20.73,19.313333333333333,55.275489051857775,-0.667441860465118,0
La Rioja,2009,110.22393561633677,5944.360442170597,1.8542606339007304,-11.322223997259373,-3.610942347940571,1.9236175784575387,12.56,20.298333333333336,-5.920880728830991,0.317558139534885,0
La Rioja,2010,114.05100549833777,6565.747691925168,1.73706043621814,3.472086040660094,10.45339117302364,1.9236175784575387,14.56,19.00583333333333,9.059870747469812,-0.974941860465119,0
La Rioja,2011,122.75771265167431,6921.326737845278,1.7736153385223767,7.634046815539408,5.415667226406162,1.9236175784575387,11.93,19.2975,-10.63981744386574,-0.6832751937984511,0
La Rioja,2012,98.96349146639363,6667.009216405555,1.484376101099028,-19.383076363435435,-3.6744042157283885,1.9236175784575387,10.350000000000001,20.474166666666665,-22.47461111014336,0.4933914728682147,1
La Rioja,2013,102.55269434503892,6979.079049466884,1.4694301872518938,3.6267949174611624,4.680806984538388,1.9236175784575387,8.91,20.19333333333333,-33.26075217307994,0.212558139534881,1
La Rioja,2014,109.68312308775182,6732.385187848699,1.6291866853625547,6.952941400761792,-3.5347623929983807,1.9236175784575387,15.42,19.910833333333333,15.501593882279142,-0.06994186046511786,0
La Rioja,2015,109.53024353557433,6881.689790878421,1.5916184376801619,-0.13938293136965818,2.217707378050826,1.9236175784575387,18.14,20.084166666666665,35.87541589004823,0.10339147286821415,0
La Rioja,2016,103.60159760110105,6781.464549078608,1.5277171597863373,-5.412793529074655,-1.4564045291995065,1.9236175784575387,18.84,19.216666666666665,41.118678906753516,-0.7641085271317856,0
La Rioja,2017,107.9249209377092,7000.8595097698235,1.5415952967931734,4.173027672077345,3.235215035091854,1.9236175784575387,18.939999999999998,20.100833333333334,41.86771648056853,0.12005813953488342,0
La Rioja,2018,113.22961008768134,6751.396119020207,1.6771288203441057,4.915166120931258,-3.563325194591971,1.9236175784575387,12.94,19.985833333333336,-3.074537948333844,0.005058139534884987,0
La Rioja,2019,130.1609486231307,6583.31961891886,1.9771324522825806,14.953101509700772,-2.489507312833228,1.9236175784575387,18.02,19.485,34.97657080147019,-0.49577519379845114,0
La Rioja,2020,129.17752490635172,5816.9084511557085,2.2207247370497405,-0.755544368093386,-11.641712876292265,1.9236175784575387,12.969999999999999,20.279166666666665,-2.8498266761893376,0.29839147286821444,0
La Rioja,2021,134.66908726638658,6429.467252421639,2.094560590780891,4.251174779835742,10.530659136370414,1.9236175784575387,18.65,19.658333333333335,39.695507516504925,-0.3224418604651156,0
La Rioja,2022,143.12095597479407,6961.151790612441,2.0559953335280214,6.2760273199810035,8.269496014472178,1.9236175784575387,17.310000000000002,19.456666666666667,29.658404027383423,-0.5241085271317836,0
La Rioja,2023,158.5162680320549,6925.934081793387,2.2887348646409444,10.756853846037906,-0.5059178405870557,1.9236175784575387,12.88,21.23,-3.5239604926228574,1.2492248062015499,0
Mendoza,2005,1647.6856960958635,33761.6490068055,4.880347212198466,2.9675557528411556,3.5986466649565063,3.6427142058800848,10.8,16.4025,14.190169416508901,-0.6028682170542616,0
Mendoza,2006,1803.539306152982,37076.29344892973,4.864400236332265,9.458940526485637,9.817780054096549,3.6427142058800848,10.01,17.500833333333333,5.837369986967955,0.4954651162790711,0
Mendoza,2007,1841.1335120569686,39451.22275441287,4.666860450734765,2.0844683437577283,6.405519766301482,3.6427142058800848,8.23,15.910000000000002,-12.982861639086273,-1.0953682170542596,0
Mendoza,2008,1739.7270845969322,40920.228963780915,4.2515086759089,-5.5078258472815556,3.7236012138653685,3.6427142058800848,11.4,16.926666666666666,20.53406771742605,-0.07870155038759563,0
Mendoza,2009,1482.4342590826654,38559.6590613267,3.8445211787919273,-14.789263660505547,-5.768711373886948,3.6427142058800848,4.88,17.611666666666668,-48.402960485873756,0.6062984496124066,1
Mendoza,2010,1616.194858606071,40290.34589010258,4.011370026493352,9.023037527895305,4.488335402611643,3.6427142058800848,6.42,16.745,-32.12028818018637,-0.2603682170542605,1
Mendoza,2011,1636.1095695815154,42573.250583995075,3.8430459200045015,1.2321973968300037,5.666133272023588,3.6427142058800848,8.43,16.530833333333334,-10.868228872113894,-0.4745348837209278,0
Mendoza,2012,1537.669232546343,42891.07681600639,3.5850562557396666,-6.01673255051931,0.7465397348136671,3.6427142058800848,5.88,17.291666666666668,-37.829796651011826,0.28629844961240636,1
Mendoza,2013,1467.598302383606,43166.143222700244,3.399882854514147,-4.556957288317531,0.6413138282207909,3.6427142058800848,7.97,17.133333333333333,-15.731884236150384,0.12796511627907137,0
Mendoza,2014,1426.1128342442187,42075.044008638724,3.3894506062819887,-2.826759071062468,-2.5276736177989867,3.6427142058800848,11.84,16.82166666666667,25.1862598047653,-0.1837015503875925,0
Mendoza,2015,1424.840349055813,43572.507683180964,3.270044403723413,-0.08922752518948363,3.5590305603359296,3.6427142058800848,9.790000000000001,16.995833333333334,3.511273943298354,-0.009534883720927922,0
Mendoza,2016,1175.1386562023215,41477.41646534792,2.8332011883721946,-17.524889228393846,-4.808286989279143,3.6427142058800848,15.4,16.229166666666668,62.8267230568738,-0.7762015503875936,0
Mendoza,2017,1162.2492048943598,41975.00206062673,2.7689080353484234,-1.0968451458840067,1.1996542641331542,3.6427142058800848,11.66,16.999166666666667,23.283090314490163,-0.006201550387594068,0
Mendoza,2018,1351.3073473414386,41973.85603941735,3.2194024443988076,16.266575330913025,-0.002730246940130243,3.6427142058800848,9.07,16.8875,-4.1014040178022455,-0.1178682170542622,0
Mendoza,2019,1333.484066892949,41378.87539292478,3.2226203690421134,-1.3189657026253299,-1.4175029473914025,3.6427142058800848,7.47,17.198333333333334,-21.01846615358135,0.19296511627907265,0
Mendoza,2020,1222.028837802579,36076.930986358726,3.3872860146131827,-8.358197286156066,-12.813166999392678,3.6427142058800848,13.08,17.393333333333334,38.29698295999411,0.38796511627907293,0
Mendoza,2021,1275.875744397997,38196.19151044235,3.340321885361761,4.406353183304934,5.874281614710952,3.6427142058800848,11.67,16.984166666666667,23.38882195283878,-0.021201550387594637,0
Mendoza,2022,1185.6893029488967,39740.2224239352,2.9836000672073895,-7.068591267220425,4.042368760955473,3.6427142058800848,5.95,16.9375,-37.08967518257149,-0.06786821705426149,1
Mendoza,2023,1049.112559553825,39502.70430417709,2.6557993383832454,-11.51876322535722,-0.5976768756459139,3.6427142058800848,5.7,18.51666666666667,-39.73296614128697,1.5112984496124078,1
Misiones,2005,486.945410466587,11490.814580497818,4.237692698418697,11.973674419107017,6.6795092862405925,2.9130241121449734,51.29,21.258333333333333,-17.66609798072939,0.35984496124030585,1
Misiones,2006,447.1513318688274,12139.841460146861,3.683337491158785,-8.172184754679023,5.648223414470288,2.9130241121449734,51.48,21.704166666666666,-17.361098148721954,0.8056782945736387,0
Misiones,2007,404.33710425843225,12711.684337086273,3.180830278162122,-9.574885404334388,4.710464126048763,2.9130241121449734,66.38,20.419166666666666,6.557309729755967,-0.47932170542636143,0
Misiones,2008,421.8087091024738,12604.014396753642,3.3466219239730246,4.321049109773156,-0.8470155290003945,2.9130241121449734,42.82,20.811666666666667,-31.262669439166157,-0.08682170542635959,1
Misiones,2009,331.71354938921684,11969.82691014409,2.77124767032428,-21.359245973124118,-5.031630928419895,2.9130241121449734,62.67,21.0,0.6017866942423344,0.10151162790697299,0
Misiones,2010,407.39535246311493,12937.381727109063,3.1489783717941657,22.815409021805344,8.08328160656191,2.9130241121449734,55.6,20.013333333333332,-10.747417580981743,-0.8851550387596951,0
Misiones,2011,406.1130178602807,13780.931814415671,2.9469198696380055,-0.31476417074500773,6.5202535188324084,2.9130241121449734,45.73,21.105,-26.591356222631212,0.20651162790697342,1
Misiones,2012,376.03023395479136,13943.927866146114,2.6967310614661137,-7.407490669466554,1.1827650983654125,2.9130241121449734,43.46,22.310833333333335,-30.235301583983208,1.4123449612403078,1
Misiones,2013,390.6149443439481,14551.20575150102,2.684416336451393,3.8786004613953873,4.355142189377581,2.9130241121449734,45.73,20.6475,-26.591356222631212,-0.25098837209302616,1
Misiones,2014,424.373441408075,14681.205912448058,2.8905898053527923,8.64239772516271,0.8933978610922155,2.9130241121449734,83.45,21.266666666666666,33.95913674221356,0.3681782945736387,0
Misiones,2015,400.3278228766349,15110.812423553994,2.6492806055392726,-5.666145942511502,2.9262344910078397,2.9130241121449734,71.88,20.885,15.386252235234377,-0.013488372093025447,0
Misiones,2016,379.7387735351735,14745.971107190551,2.575203564246794,-5.143047313952531,-2.4144387881802176,2.9130241121449734,56.24,20.220833333333335,-9.720049725798797,-0.677655038759692,0
Misiones,2017,376.50165816404547,15104.97662626885,2.4925669696785677,-0.8524584784935563,2.4346007222490584,2.9130241121449734,83.64,21.010833333333334,34.264136574220984,0.11234496124030713,0
Misiones,2018,385.21034248241693,14881.692049450343,2.588484838971283,2.3130533769328165,-1.4782186185591017,2.9130241121449734,54.8,21.3475,-12.031627399960431,0.44901162790697313,0
Misiones,2019,420.3432149517169,14555.291458729505,2.8879065468635257,9.120438522728303,-2.1933029499350054,2.9130241121449734,61.34,21.245,-1.5332121298097134,0.346511627906974,0
Misiones,2020,393.8787150245387,13922.975878417157,2.8289836775133237,-6.295926515720751,-4.344231663826415,2.9130241121449734,50.56,21.444166666666664,-18.837939440547423,0.5456782945736371,1
Misiones,2021,388.3249397528826,15633.13679692079,2.4839860662472404,-1.4100216792141462,12.283012866198062,2.9130241121449734,42.46,21.368333333333336,-31.84056385770656,0.46984496124030883,1
Misiones,2022,375.6178812770221,16085.674155288525,2.3351081070700994,-3.272274627518612,2.894731647565907,2.9130241121449734,53.04,21.020833333333332,-14.856889001713524,0.12234496124030514,0
Misiones,2023,339.3467412138708,15842.951669838343,2.1419414026233246,-9.656393337781733,-1.5089357344117427,2.9130241121449734,74.72,22.238333333333333,19.94519709260869,1.3398449612403063,0
Neuquén,2005,109.61079832881671,26391.778310626163,0.4153217605828552,7.848045658933778,-1.3206975413154964,0.30137523273254496,7.25,14.009166666666667,-7.426653996911725,-0.3331589147286831,0
Neuquén,2006,108.82002666399734,27256.807719960256,0.3992398074713205,-0.7214359140485183,3.277647300431452,0.30137523273254496,6.29,14.512500000000001,-19.684641881458585,0.17017441860465077,0
Neuquén,2007,105.38755431054521,27899.080624613427,0.37774561724291755,-3.154265311890192,2.3563761070333644,0.30137523273254496,2.78,13.879166666666665,-64.50291008433305,-0.46315891472868564,1
Neuquén,2008,96.65541410540301,28037.480756448607,0.34473644385176194,-8.28574138784095,0.4960741670930968,0.30137523273254496,4.2,15.299166666666666,-46.37130300510748,0.9568410852713161,1
Neuquén,2009,107.46524760855525,26660.148409791233,0.40309320847249097,11.18388825209944,-4.912468272815806,0.30137523273254496,4.49,14.592500000000001,-42.66836916498396,0.25017441860465084,1
Neuquén,2010,101.5171569493714,26743.898744950508,0.37958996897764863,-5.534896900670539,0.31414054367573385,0.30137523273254496,9.58,13.907499999999999,22.324504097873877,-0.43482558139535143,0
Neuquén,2011,94.02124596912053,26748.442039794852,0.3515017653336255,-7.3838858430493985,0.016988154523289722,0.30137523273254496,6.74,14.579166666666666,-13.938710060577241,0.23684108527131542,0
Neuquén,2012,71.45155383476512,25676.461645365904,0.27827648069904803,-24.004885174323242,-4.007636754447663,0.30137523273254496,7.31,14.594999999999999,-6.660529754127554,0.25267441860464857,0
Neuquén,2013,75.84518488855208,25635.623458235088,0.29585855406293177,6.149104978105058,-0.15904912325871434,0.30137523273254496,3.39,15.195833333333333,-56.713980282693896,0.8535077519379826,1
Neuquén,2014,70.47979406880187,26550.005644468933,0.2654605615252842,-7.074135065573639,3.5668420068797335,0.30137523273254496,18.84,13.585833333333333,140.56301223423216,-0.7564922480620169,0
Neuquén,2015,96.78305322512804,27950.26894053939,0.34626877269417894,37.32028378324874,5.274060257543378,0.30137523273254496,9.83,14.435,25.51668844280797,0.0926744186046502,0
Neuquén,2016,75.37654120193491,27443.8222891291,0.2746575910885149,-22.118037517786536,-1.8119562730780525,0.30137523273254496,15.24,13.915833333333333,94.59555766718142,-0.4264922480620168,0
Neuquén,2017,76.04180083172234,27264.695798437424,0.27890206952567725,0.882581794255044,-0.6527024144250881,0.30137523273254496,5.97,14.745,-23.770637842974217,0.4026744186046489,0
Neuquén,2018,77.52964873826896,28915.606695098522,0.26812388740718,1.9566184523156727,6.055123111829164,0.30137523273254496,11.290000000000001,14.224166666666667,44.15904501722299,-0.11815891472868323,0
Neuquén,2019,82.88006203038681,31579.935086282705,0.2624453210683996,6.901118964410924,9.21415351674364,0.30137523273254496,6.14,14.63,-21.59995248841904,0.2876744186046505,0
Neuquén,2020,85.05389057682183,29202.149322571233,0.29125900849729947,2.622860665376936,-7.529419415254923,0.30137523273254496,17.32,13.750833333333333,121.15453141703294,-0.5914922480620177,0
Neuquén,2021,78.57009191210277,34765.539542120794,0.22599992103361377,-7.623165290555178,19.051303923199402,0.30137523273254496,7.0200000000000005,14.984166666666667,-10.363463594251076,0.6418410852713166,0
Neuquén,2022,73.63938256359296,41289.539000061355,0.1783487642317429,-6.275555021656142,18.765707490419636,0.30137523273254496,6.590000000000001,14.225,-15.854020667537682,-0.11732558139535065,0
Neuquén,2023,76.2133163905571,46098.892099680364,0.1653257007256483,3.495322390490374,11.647873083813941,0.30137523273254496,6.1499999999999995,14.939166666666667,-21.47226511462168,0.5968410852713166,0
Río Negro,2005,703.6170137433844,12812.753710955916,5.491536242843225,18.37253394005327,9.62898151644267,3.5319024609396683,10.83,14.145833333333334,-15.68016802766664,-0.22362403100775374,0
Río Negro,2006,655.3053055423106,14036.900694681077,4.668447257667227,-6.86619386078312,9.554128732517642,3.5319024609396683,13.79,14.369166666666667,7.365695558492802,-0.00029069767442102545,0
Río Negro,2007,635.8699862334315,14715.320153952209,4.321142724595434,-2.9658418975861967,4.833114332198707,3.5319024609396683,9.8,13.7025,-23.699505694472112,-0.6669573643410871,1
Río Negro,2008,634.7940288498535,14997.137777400509,4.232767867255561,-0.16921027991138038,1.915130765079609,3.5319024609396683,7.12,14.856666666666667,-44.56535515761648,0.4872093023255797,1
Río Negro,2009,592.1220146900097,14530.16101800193,4.07512355820702,-6.722182664061716,-3.113772550001337,3.5319024609396683,6.6899999999999995,15.012500000000001,-47.913233989389646,0.6430426356589134,1
Río Negro,2010,551.9005473458766,15384.131952672366,3.5874662869750433,-6.792766751830703,5.8772296715254635,3.5319024609396683,11.63,14.055833333333332,-9.451556247623538,-0.3136240310077554,0
Río Negro,2011,620.5232487665025,16546.992482325877,3.7500666627442656,12.433888995152609,7.5588309644699425,3.5319024609396683,11.18,14.619166666666667,-12.955150373897794,0.24970930232557897,0
Río Negro,2012,586.0505239353334,16856.701007850927,3.4766620328757285,-5.555428406541607,1.8716907368867997,3.5319024609396683,14.2,14.256666666666666,10.557859095764876,-0.11279069767442174,0
Río Negro,2013,563.1572717859091,17409.319372577687,3.2348034965282277,-3.906361519088153,3.2783304661415213,3.5319024609396683,11.75,14.328333333333333,-8.517264480617081,-0.041124031007754525,0
Río Negro,2014,541.5145221859688,17056.475932209345,3.174832388227254,-3.8431093202980215,-2.026750344554673,3.5319024609396683,16.25,13.973333333333334,26.51867678212532,-0.3961240310077532,0
Río Negro,2015,583.4320043898747,17577.864275237313,3.3191290776535363,7.740786347648587,3.0568350994673033,3.5319024609396683,13.219999999999999,14.276666666666666,2.927809665212089,-0.09279069767442216,0
Río Negro,2016,470.0009007643438,17070.0507769389,2.7533655693590564,-19.442043421007003,-2.8889374178055927,3.5319024609396683,15.71,14.114166666666668,22.314363830596218,-0.25529069767442003,0
Río Negro,2017,468.6385081182825,17271.498513123654,2.71336333533648,-0.2898702202156711,1.1801238251552437,3.5319024609396683,13.52,14.783333333333333,5.263539082728252,0.41387596899224555,0
Río Negro,2018,477.3658224606044,17367.884233377445,2.74855483860957,1.8622699993998681,0.5580622907766397,3.5319024609396683,15.129999999999999,14.510833333333332,17.79862029006498,0.1413759689922447,0
Río Negro,2019,512.4288452230668,17089.554895952817,2.998491466529776,7.345105391443485,-1.6025517770882902,3.5319024609396683,10.49,14.215000000000002,-18.32732803418495,-0.15445736434108603,0
Río Negro,2020,534.5845989591744,15491.641651285106,3.4507937311784387,4.323674192553106,-9.350233252980345,3.5319024609396683,13.12,14.407499999999999,2.149233192706701,0.038042635658911195,0
Río Negro,2021,500.1382432135565,16486.4660330873,3.033629173224938,-6.443574284160869,6.4216847006635325,3.5319024609396683,9.19,15.086666666666666,-28.448822176754984,0.7172093023255783,1
Río Negro,2022,455.5203266604716,17039.10423456119,2.6733818890345127,-8.921116742922875,3.352071938065926,3.5319024609396683,18.040000000000003,14.076666666666668,40.455195639971755,-0.2927906976744197,0
Río Negro,2023,463.6070581350517,17029.76505090615,2.722333847526471,1.7752734622987987,-0.05481029710526775,3.5319024609396683,20.6,14.425833333333335,60.386753336109635,0.056375968992247394,0
Salta,2005,1127.3457145102832,15612.65912291775,7.220715610548735,10.302820395426204,7.460571117220116,6.960047083515066,18.86,13.834166666666667,-28.133917019655097,-0.1062209302325563,1
Salta,2006,1476.0785489023247,17152.444497697114,8.605645388332276,30.93397437036698,9.86241589377379,6.960047083515066,22.35,14.449166666666665,-14.835262215763056,0.5087790697674421,1
Salta,2007,1496.6185094607326,18417.578482180383,8.126033022792658,1.3915221905827613,7.375823222474942,6.960047083515066,28.0,13.491666666666667,6.694078655867308,-0.44872093023255566,0
Salta,2008,1584.1889031571964,19193.215422952893,8.25390049685311,5.851216802605053,4.211394790704781,6.960047083515066,34.480000000000004,13.124166666666667,31.386136859082313,-0.8162209302325554,0
Salta,2009,1329.2649943718388,18374.5037018828,7.2342906014687705,-16.091762054216453,-4.265630865013925,6.960047083515066,19.89,13.969999999999999,-24.20909912624284,0.029612403100776064,1
Salta,2010,1600.4289906350643,19836.277930205684,8.068192007927111,20.39954391421912,7.955448767702489,6.960047083515066,23.53,13.300833333333335,-10.338868900980081,-0.6395542635658877,1
Salta,2011,1617.7679096152972,20922.44360791638,7.732213024119162,1.0833919581369589,5.475652647802121,6.960047083515066,31.41,13.362499999999999,19.687893235028287,-0.5778875968992239,0
Salta,2012,1155.4777474621824,19859.26925875683,5.8183296293879545,-28.575802462483434,-5.081501802959942,6.960047083515066,22.369999999999997,14.211666666666666,-14.75905215958031,0.2712790697674432,1
Salta,2013,726.3439160302758,19026.76310814149,3.817485464563731,-37.13908228647663,-4.1920281142683535,6.960047083515066,24.14,13.836666666666666,-8.014462187405835,-0.1037209302325568,0
Salta,2014,1273.1515089723828,20063.847415151085,6.345500355086287,75.28218807567113,5.450660740952995,6.960047083515066,26.009999999999998,14.183333333333332,-0.888821934317563,0.242945736434109,0
Salta,2015,1566.3653619648169,21613.409733996083,7.247192281285702,23.030554566840202,7.723156415528032,6.960047083515066,25.04,14.343333333333334,-4.585009659181527,0.4029457364341109,0
Salta,2016,1336.4220634303815,20887.254833902196,6.398265708240553,-14.680055121111668,-3.3597424424509303,6.960047083515066,34.81,13.563333333333333,32.64360278609788,-0.3770542635658902,0
Salta,2017,1470.544615189684,21665.595525969817,6.787464546852598,10.03594264337655,3.7263905585347423,6.960047083515066,24.35,14.331666666666665,-7.214256597486823,0.3912790697674424,0
Salta,2018,1344.5122325636084,21429.567226830615,6.274098857583223,-8.570456232626356,-1.0894152383500444,6.960047083515066,30.419999999999998,13.975,15.915495453981542,0.034612403100776845,0
Salta,2019,1604.228509511041,21703.27740379844,7.39164173071056,19.31676563866038,1.2772548044046816,6.960047083515066,25.52,14.295,-2.7559683107952315,0.35461240310077713,0
Salta,2020,1538.9066012238675,20085.097357789942,7.661932495572432,-4.071858086294899,-7.45592481679882,6.960047083515066,24.52,14.469166666666666,-6.5664711199333485,0.5287790697674435,0
Salta,2021,1571.9817282657818,21533.632495640308,7.30012332375434,2.1492614961564405,7.211989626172044,6.960047083515066,23.55,13.799999999999999,-10.262658844797324,-0.14038759689922387,0
Salta,2022,1446.7489754313792,22230.586183709787,6.507920949432873,-7.966552701128404,3.2365820685877456,6.960047083515066,32.85,13.449166666666665,25.175017280187184,-0.49122093023255786,0
Salta,2023,1458.880371305057,22970.577841656923,6.351082595142171,0.8385280431984166,3.328709606809155,6.960047083515066,24.32,15.417499999999999,-7.328571681760976,1.4771124031007759,0
San Juan,2005,668.1955179603626,10513.710319820064,6.355468218490905,17.883786185104643,9.714806759426931,3.358472523424121,8.86,16.37666666666667,87.27817922626946,-0.6548643410852719,0
San Juan,2006,571.3554985859429,11759.941942166755,4.8584891098592555,-14.492766977847982,11.853395085437546,3.358472523424121,2.44,17.7825,-48.42451949073392,0.7509689922480582,1
San Juan,2007,573.4940837033288,12530.674255240014,4.576721667339712,0.3743002601145351,6.553878555383852,3.358472523424121,4.32,15.924166666666666,-8.686034508184626,-1.1073643410852743,0
San Juan,2008,569.7147498178236,13395.35097408626,4.25307818302003,-0.6590013729697364,6.900480383046093,3.358472523424121,10.3,16.455833333333334,117.71616772354125,-0.5756976744186062,0
San Juan,2009,375.81080512748605,13531.838220973563,2.777233949966983,-34.03526848345454,1.018915048596658,3.358472523424121,1.97,17.381666666666664,-58.35914073637123,0.35013565891472354,1
San Juan,2010,562.8387004278737,15764.629358556873,3.5702628182778735,49.76650291812188,16.500279571201304,3.358472523424121,3.97,16.4175,-16.084156712382637,-0.6140310077519402,0
San Juan,2011,508.17287998916174,16596.49171341322,3.061929525614491,-9.71251983865976,5.276764432173731,3.358472523424121,4.36,16.375833333333333,-7.840534827704859,-0.655697674418608,0
San Juan,2012,397.2127225746085,16745.84859237448,2.372007129907327,-21.835119854668317,0.8999304283118681,3.358472523424121,2.22,17.2525,-53.07476773337265,0.22096899224806066,1
San Juan,2013,553.6612378217869,17163.518590156564,3.225802651790273,39.38658213994963,2.494170393803019,3.358472523424121,4.5,16.996666666666666,-4.88128594602566,-0.034864341085274475,0
San Juan,2014,534.4822909147761,16345.024612443933,3.269999914884554,-3.4640219681017714,-4.76880060118935,3.358472523424121,6.79,16.906666666666666,43.52357076144129,-0.12486434108527433,0
San Juan,2015,462.5697685256687,15808.886737424531,2.9260110228421254,-13.454612736752757,-3.2801288938483775,3.358472523424121,2.66,17.31,-43.77427124809516,0.2784689922480581,1
San Juan,2016,474.0492601021469,15059.647001770572,3.1478112338649944,2.4816778694955355,-4.739357983255554,3.358472523424121,5.65,16.588333333333335,19.42682986776778,-0.4431976744186059,0
San Juan,2017,435.55512114364353,15410.055534211844,2.826434467913942,-8.120282468157159,2.326804422441464,3.358472523424121,5.17,17.1475,9.280833702010515,0.11596899224806023,0
San Juan,2018,468.7704122755444,15187.340034226323,3.0865866650718248,7.6259673045944165,-1.4452608525068023,3.358472523424121,5.24,16.865,10.760458142850116,-0.16653100775194218,0
San Juan,2019,428.3788224028784,14728.194522601854,2.9085630404017904,-8.61649729055931,-3.0232121661181943,3.358472523424121,3.73,17.195,-21.157154795261267,0.16346899224805966,1
San Juan,2020,342.3012422069831,13242.812533453645,2.5848077313053452,-20.093799154931556,-10.085295837644903,3.358472523424121,8.3,17.609166666666667,75.44118369955268,0.5776356589147262,0
San Juan,2021,351.8738832863627,14771.852943803087,2.3820565004607404,2.7965545838104733,11.546190860036877,3.358472523424121,4.9,17.029166666666665,3.5737108587720723,-0.002364341085275612,0
San Juan,2022,346.77930274180625,15734.925748805123,2.203882676523847,-1.4478427603023758,6.519647932225392,3.358472523424121,4.26,16.6575,-9.954284028904304,-0.37403100775194176,0
San Juan,2023,324.023810078635,15540.737484829344,2.0849963548701766,-6.561952366607593,-1.234122531468096,3.358472523424121,6.430000000000001,18.466666666666665,35.91407363712334,1.4351356589147244,0
San Luis,2005,293.1510715056244,9570.22909985089,3.063156257253986,33.60305446699379,6.655404173959112,3.5351738689486374,18.86,16.421666666666667,-14.025527945042827,-0.28501937984496095,0
San Luis,2006,220.44483068816206,9899.892863563182,2.2267395589654826,-24.801628881669423,3.4446799577392273,3.5351738689486374,24.04,17.27,9.587821219574245,0.5633139534883718,0
San Luis,2007,295.08586673036393,10569.941327469136,2.7917455507865077,33.85928162125425,6.7682395470367585,3.5351738689486374,31.45,15.095833333333333,43.366762785175126,-1.6108527131782946,0
San Luis,2008,349.3086186867521,10948.230470518156,3.1905486427910397,18.375245333567403,3.5789143130428025,3.5351738689486374,42.06,16.1325,91.73310151810705,-0.5741860465116275,0
San Luis,2009,325.0919435511348,10388.007195536029,3.1294928606791346,-6.932744810781188,-5.1170212071322325,3.5351738689486374,18.11,17.059166666666666,-17.44444915613603,0.35248062015503834,1
San Luis,2010,269.0414413358172,11122.82492522358,2.418822944211802,-17.24143071743064,7.073712174586477,3.5351738689486374,19.01,16.174166666666668,-13.341743702824182,-0.5325193798449597,0
San Luis,2011,322.74545940978834,11815.293912109104,2.731590613069872,19.961243817058595,6.225657524422501,3.5351738689486374,19.18,16.281666666666666,-12.566788228309722,-0.4250193798449615,0
San Luis,2012,276.5839414388321,11646.229331218648,2.3748797449611154,-14.302762943705805,-1.4308961092976857,3.5351738689486374,22.169999999999998,16.825833333333332,1.0633109999151902,0.11914728682170406,0
San Luis,2013,496.9464545836982,12466.94788396576,3.9861115904947426,79.67292388650857,7.047075318593543,3.5351738689486374,20.86,16.770833333333332,-4.908404715460946,0.06414728682170434,0
San Luis,2014,453.88776037545,12180.057357148038,3.7264829472176464,-8.66465467478168,-2.301209000694582,3.5351738689486374,25.009999999999998,16.635,14.00962598592146,-0.07168604651162624,0
San Luis,2015,559.2945097098565,12865.137943138754,4.347365043280705,23.223086969169504,5.624608865972758,3.5351738689486374,33.58,16.340833333333332,53.07649902467983,-0.3658527131782954,0
San Luis,2016,627.6139296612026,12463.523418594148,5.0356059725845626,12.215285286241784,-3.1217273092574604,3.5351738689486374,25.69,16.013333333333332,17.10944788397932,-0.6933527131782959,0
San Luis,2017,634.8286373439233,12634.667995478596,5.024497973125223,1.149545499510407,1.3731636804173775,3.5351738689486374,26.39,16.566666666666666,20.30044101433297,-0.14001937984496138,0
San Luis,2018,470.27820025985125,11939.662262097927,3.938789807754732,-25.920449614960518,-5.500783507959062,3.5351738689486374,17.41,17.026666666666667,-20.635442286489692,0.3199806201550395,1
San Luis,2019,515.3069923667035,11645.70525608029,4.424867202419182,9.574926518382455,-2.462021115545243,3.5351738689486374,13.99,17.2,-36.22572300907472,0.4933139534883715,1
San Luis,2020,388.7859459420279,10156.817241526438,3.827832446885678,-24.552557659578678,-12.784867741492034,3.5351738689486374,11.870000000000001,17.843333333333334,-45.88987363243151,1.136647286821706,1
San Luis,2021,504.7074846445173,11951.625169141704,4.222919289233051,29.81628834900696,17.670968029996082,3.5351738689486374,26.73,16.730833333333333,21.85035196336189,0.024147286821705194,0
San Luis,2022,506.21102724609864,12477.184700975307,4.05709332175334,0.29790376551286357,4.397389680447494,3.5351738689486374,14.13,17.066666666666666,-35.587524383003974,0.3599806201550386,1
San Luis,2023,374.47897660670037,12226.100174980558,3.0629470660892557,-26.023149151066526,-2.0123491958496276,3.5351738689486374,15.15,18.135833333333334,-30.937791535917224,1.4291472868217063,1
Santa Cruz,2005,116.28256377163373,15170.050988169955,0.7665271782033841,11.52733552600096,2.1196756177187526,0.5351795671035307,12.9,6.626666666666666,4.605114279248679,-0.23674418604651226,0
Santa Cruz,2006,124.02029612810365,16494.14708060197,0.7519048758450709,6.6542498767622416,8.728356242603175,0.5351795671035307,12.0,7.001666666666666,-2.692916949536106,0.13825581395348774,0
Santa Cruz,2007,133.3690921618732,16502.602258593295,0.8081700696168979,7.5381178126787685,0.05126168664559838,0.5351795671035307,12.8,6.7508333333333335,3.7942219204948335,-0.11257751937984484,0
Santa Cruz,2008,117.75079110087628,16510.170610911722,0.7132015402860448,-11.710585119707206,0.04586156898065408,0.5351795671035307,12.54,7.279166666666666,1.685901787734756,0.4157558139534876,0
Santa Cruz,2009,103.75843768149102,16875.011356109495,0.6148644021144668,-11.88302285578542,2.2097939130722555,0.5351795671035307,13.68,6.626666666666666,10.930074677528845,-0.23674418604651226,0
Santa Cruz,2010,109.2394302556598,17249.487543164672,0.6332908730320357,5.282454802368819,2.2191166521473127,0.5351795671035307,9.91,6.465833333333333,-19.6405672474919,-0.397577519379845,1
Santa Cruz,2011,106.32156482421293,17200.264291652267,0.6181391345004712,-2.6710734618608067,-0.28536066007311955,0.5351795671035307,11.76,7.160833333333334,-4.639058610545388,0.2974224806201553,0
Santa Cruz,2012,73.36674596631264,18425.373003454784,0.39818323326510824,-30.99542309444584,7.122615623976736,0.5351795671035307,14.040000000000001,6.802499999999999,13.849287169042768,-0.060910852713178976,0
Santa Cruz,2013,74.33403023865348,18620.366739823105,0.3992081964727171,1.3184232987312638,1.0582892206945305,0.5351795671035307,13.27,7.2725,7.605416006637977,0.40908914728682166,0
Santa Cruz,2014,72.84632696922118,18846.08432819493,0.3865329566643108,-2.0013757691543788,1.2122080704731086,0.5351795671035307,13.35,6.4525,8.254129893641071,-0.4109108527131786,0
Santa Cruz,2015,74.54207870689623,20588.89982256346,0.362049839230386,2.3278479619041503,9.247626530892505,0.5351795671035307,10.67,6.645833333333333,-13.477785320962521,-0.21757751937984526,0
Santa Cruz,2016,80.94219238577918,19024.589570142707,0.42546091250667656,8.585907168015217,-7.597833132911836,0.5351795671035307,9.01,7.47,-26.9385984762767,0.6065891472868215,1
Santa Cruz,2017,81.60766719293751,18578.430762950615,0.43926028109801796,0.8221605908407037,-2.3451691588253554,0.5351795671035307,17.1,6.935,38.662593346911066,0.07158914728682131,0
Santa Cruz,2018,71.34400704894863,18317.21862336692,0.38949148621252166,-12.576833154320488,-1.4059967869009093,0.5351795671035307,13.35,6.8075,8.254129893641071,-0.055910852713178194,0
Santa Cruz,2019,87.77341954185354,17915.51028076622,0.48992977685980604,23.02844089151428,-2.1930640828201398,0.5351795671035307,16.71,6.895,35.500113147770975,0.03158914728682127,0
Santa Cruz,2020,87.00388286908925,15507.271521189288,0.5610521667219555,-0.8767308790987083,-13.442200204380306,0.5351795671035307,18.64,6.996666666666666,51.15033567172058,0.13325581395348784,0
Santa Cruz,2021,75.85714562222327,16471.054160900138,0.46054821313317634,-12.811769865073686,6.215036851543654,0.5351795671035307,7.88,7.715,-36.10168213019538,0.8515891472868216,1
Santa Cruz,2022,76.87195027020252,16711.275635381655,0.46000049276577504,1.3377838562936173,1.4584462666134002,0.5351795671035307,9.69,7.086666666666666,-21.42453043675041,0.2232558139534877,1
Santa Cruz,2023,71.871822008668,16640.997571663876,0.43189611499643876,-6.504489926376545,-0.4205427835142883,0.5351795671035307,9.23,6.72,-25.15463528701819,-0.14341085271317855,1
Santa Fe,2005,8808.177912509482,77332.8741961712,11.389952855192833,18.275545281459628,10.669681119483432,8.796006473904056,42.9,18.794999999999998,17.26750875676226,-0.5517829457364343,0
Santa Fe,2006,8342.943152983747,81224.59945950864,10.271448807996643,-5.281850164095825,5.032433235916289,8.796006473904056,34.82,19.9075,-4.819238813275939,0.5607170542635664,0
Santa Fe,2007,8923.945490887401,86969.41700900932,10.261015651010922,6.963997323844473,7.072755775625028,8.796006473904056,41.85,17.974999999999998,14.397324976002368,-1.3717829457364346,0
Santa Fe,2008,8545.170945962005,89438.42372921036,9.554250387768377,-4.244473986446673,2.8389367263957466,8.796006473904056,20.21,20.086666666666666,-44.75579599127819,0.7398837209302336,1
Santa Fe,2009,6118.701539851175,80040.39216478865,7.644517192336937,-28.395797128639664,-10.507823340979062,8.796006473904056,38.93,19.480833333333333,6.415480557127151,0.13405038759690058,0
Santa Fe,2010,9398.174374283632,92608.73046533295,10.148259593950199,53.59752903574739,15.702494653784772,8.796006473904056,34.48,18.426666666666666,-5.748631656569636,-0.9201162790697666,0
Santa Fe,2011,8189.023349680376,95254.9735033504,8.596950950169907,-12.865807511636241,2.857444459848235,8.796006473904056,33.11,18.883333333333333,-9.493538113370658,-0.46344961240309956,0
Santa Fe,2012,7252.172711700431,91860.43294345452,7.894773058782086,-11.440321977058598,-3.563636033951001,8.796006473904056,43.41,19.334166666666665,18.661598021702797,-0.0126162790697677,0
Santa Fe,2013,8586.006516212596,95896.13734303648,8.953443542255531,18.392195794788478,4.393299998995404,8.796006473904056,30.68,19.1825,-16.135963434557887,-0.16428294573643143,1
Santa Fe,2014,8140.255917546409,92595.59869018476,8.791190977427403,-5.1915939945362695,-3.441784772878953,8.796006473904056,41.57,19.18166666666667,13.631942634466387,-0.165116279069764,0
Santa Fe,2015,8590.412306935496,94420.690342419,9.098018957266834,5.53000291328396,1.9710349930786686,8.796006473904056,38.19,19.6225,4.392684368782063,0.2757170542635663,0
Santa Fe,2016,6743.018845514857,89387.3609992953,7.543593154705638,-21.50529445401753,-5.330748297719712,8.796006473904056,50.12,18.639166666666664,37.003439134939974,-0.707616279069768,0
Santa Fe,2017,7886.262027760814,94608.41756252668,8.335687490543625,16.95447111209527,5.840933779522306,8.796006473904056,41.07,19.525000000000002,12.265188453152142,0.1782170542635697,0
Santa Fe,2018,6474.042128988496,90368.45049458204,7.164051274041311,-17.907341828119506,-4.481596011414579,8.796006473904056,35.56,19.7625,-2.7964426249308505,0.41571705426356687,0
Santa Fe,2019,8126.40931427945,91341.05920130886,8.896775869841242,25.5229600359292,1.0762702042624195,8.796006473904056,43.15,19.023333333333333,17.950885847419396,-0.323449612403099,0
Santa Fe,2020,7735.349886050145,83001.96382176693,9.319478154348898,-4.8122044202492775,-9.129624127921698,8.796006473904056,29.09,19.518333333333334,-20.482241731137197,0.171550387596902,1
Santa Fe,2021,8184.074405313475,94929.11643888472,8.62124784505118,5.800959567098007,14.369723399231127,8.796006473904056,34.13,19.59,-6.70535958348959,0.24321705426356743,0
Santa Fe,2022,7006.063942407422,96535.58003876705,7.25749401370345,-14.393936376497695,1.6922769958746642,8.796006473904056,24.77,19.385,-32.290997857692275,0.03821705426356914,1
Santa Fe,2023,5328.418633312001,93134.75211196273,5.72119269390055,-23.94561800871816,-3.5228751155155447,8.796006473904056,30.089999999999996,20.925833333333333,-17.748733368508706,1.5790503875969009,1
Santiago del Estero,2005,827.6050312066609,10404.982711773147,7.953929901971225,-11.616467812108633,0.7124304068478526,11.289305751447555,20.29,21.204166666666666,-9.571733587612197,-0.47755813953488513,0
Santiago del Estero,2006,1144.2071376364986,12815.86019868359,8.928055705180277,38.255217705507064,23.170413192350182,11.289305751447555,13.489999999999998,22.626666666666665,-39.877904686884605,0.9449418604651143,1
Santiago del Estero,2007,1349.228861348094,14329.593647429721,9.415681243620632,17.91823499153249,11.811407313116739,11.289305751447555,18.66,20.724166666666665,-16.836301071702486,-0.9575581395348856,0
Santiago del Estero,2008,1342.3671385581445,14916.703124794074,8.99908731391794,-0.5085662622939635,4.097181621543489,11.289305751447555,26.900000000000002,21.11916666666667,19.887647436827606,-0.5625581395348824,0
Santiago del Estero,2009,582.1483748489345,12754.60509259168,4.5642210842503195,-56.63270068766519,-14.494476521481625,11.289305751447555,19.73,21.948333333333334,-12.067535913434623,0.2666085271317833,0
Santiago del Estero,2010,1978.395852233606,16781.046500781522,11.789466480183277,239.84391912920705,31.56853057354585,11.289305751447555,23.07,20.4925,2.81814224414918,-1.1892248062015511,0
Santiago del Estero,2011,2294.3570545965304,17782.461610615355,12.902359104359878,15.970575454159208,5.967536707482424,11.289305751447555,25.34,20.837500000000002,12.935055243465099,-0.8442248062015487,0
Santiago del Estero,2012,1404.1807613933456,16367.530082722102,8.579063269146683,-38.79850746943679,-7.9568934767085375,11.289305751447555,21.41,21.991666666666664,-4.580128935967331,0.30994186046511274,0
Santiago del Estero,2013,1359.7660346496903,18387.845067059883,7.394917836704992,-3.163034843148216,12.34343223520613,11.289305751447555,16.810000000000002,21.940833333333334,-25.08136232665159,0.259108527131783,1
Santiago del Estero,2014,2418.567072709021,21283.889405581525,11.36336985511103,77.86641312393895,15.74977561514066,11.289305751447555,29.37,21.590833333333336,30.895918409651557,-0.09089147286821486,0
Santiago del Estero,2015,2091.407766072912,20940.193131533393,9.987528543485617,-13.526989196527007,-1.614818924768513,11.289305751447555,29.21,21.825,30.18283203084513,0.14327519379844844,0
Santiago del Estero,2016,2364.0510844589057,21530.880779855932,10.979815961224807,13.036353924320675,2.8208319026104656,11.289305751447555,24.91,20.68,11.018635600422888,-1.0017248062015511,0
Santiago del Estero,2017,2791.498728490206,22815.501980578974,12.235096693758424,18.08115090411153,5.966412678876187,11.289305751447555,23.380000000000003,22.145833333333332,4.199747103086593,0.4641085271317813,0
Santiago del Estero,2018,2408.422714466162,20125.10624182893,11.96725465955746,-13.722951406509587,-11.791963819337248,11.289305751447555,23.1,21.528333333333336,2.9518459401753683,-0.15339147286821486,0
Santiago del Estero,2019,3381.9270389223866,21156.688437392106,15.985143652941472,40.42082474180646,5.1258472038228975,11.289305751447555,29.84,20.973333333333333,32.990609647395374,-0.7083914728682181,0
Santiago del Estero,2020,3324.852907376277,19110.414926679194,17.398119926399918,-1.6876216100834562,-9.671993406569001,11.289305751447555,18.62,21.897499999999997,-17.014572666404092,0.21577519379844645,1
Santiago del Estero,2021,3130.9578032045515,20544.898014132785,15.239587955368645,-5.831689688935226,7.50628959631312,11.289305751447555,31.42,21.091666666666665,40.03233763810867,-0.5900581395348858,0
Santiago del Estero,2022,3418.477746156091,21918.232020788666,15.596503143655868,9.183130563345877,6.684550128752975,11.289305751447555,23.2,21.141666666666666,3.397524926929374,-0.5400581395348851,0
Santiago del Estero,2023,2335.3954438833657,18994.461285627898,12.295139139589264,-31.683175456988067,-13.339446048329417,11.289305751447555,23.34,23.050833333333333,4.021475508384986,1.3691085271317824,0
"Tierra del Fuego, Antártida e Islas del Atlántico Sur",2005,25.987722376637926,7252.5191742720335,0.3583268344719189,6.7432849406195094,8.899258188031745,0.19664003254527918,22.97,3.6616666666666666,-2.5013572873994416,0.13374031007751874,0
"Tierra del Fuego, Antártida e Islas del Atlántico Sur",2006,24.792084959532055,8202.342668220383,0.3022561475709605,-4.60077801269998,13.096463051318818,0.19664003254527918,24.06,3.8541666666666665,2.1252652879917067,0.32624031007751864,0
"Tierra del Fuego, Antártida e Islas del Atlántico Sur",2007,26.058436053823293,8518.954987573943,0.3058877067883687,5.107884618652658,3.8600230709728844,0.19664003254527918,28.78,3.3516666666666666,22.159814421795577,-0.1762596899224813,0
"Tierra del Fuego, Antártida e Islas del Atlántico Sur",2008,26.793020464457594,8504.579332224264,0.31504227802235363,2.8189888645543837,-0.1687490469270858,0.19664003254527918,23.5,3.8783333333333334,-0.2517151177138355,0.3504069767441855,0
"Tierra del Fuego, Antártida e Islas del Atlántico Sur",2009,20.622115396361394,7662.605803653909,0.2691266642808084,-23.031763351512545,-9.90023722137645,0.19664003254527918,24.68,3.1158333333333332,4.756922165737132,-0.41209302325581465,0
"Tierra del Fuego, Antártida e Islas del Atlántico Sur",2010,20.935447819782713,9624.379056256552,0.21752517951974404,1.519400010129912,25.601907534734103,0.19664003254527918,22.61,3.403333333333333,-4.029416119638718,-0.124593023255815,0
"Tierra del Fuego, Antártida e Islas del Atlántico Sur",2011,20.277416512867454,11935.034718553585,0.16989826163928318,-3.1431441666772475,24.008360942464524,0.19664003254527918,18.21,3.61,-22.705690735896546,0.08207364341085199,1
"Tierra del Fuego, Antártida e Islas del Atlántico Sur",2012,18.945726935024133,12852.003108682518,0.14741458412988429,-6.567353276973275,7.6829972576741845,0.19664003254527918,24.69,3.0825,4.799368244410451,-0.44542635658914786,0
"Tierra del Fuego, Antártida e Islas del Atlántico Sur",2013,18.778666512979278,12862.647208393753,0.14599379279192948,-0.8817841754914069,0.08282055039376957,0.19664003254527918,22.14,3.6566666666666667,-6.024381817284441,0.12874031007751885,0
"Tierra del Fuego, Antártida e Islas del Atlántico Sur",2014,16.979406023587647,11441.014559610087,0.14840821970045906,-9.58140711507941,-11.052411107535898,0.19664003254527918,23.92,3.108333333333333,1.531020186565324,-0.41959302325581493,0
"Tierra del Fuego, Antártida e Islas del Atlántico Sur",2015,17.070748446931155,11826.09649128761,0.14434812416343235,0.5379600630117221,3.365802304255139,0.19664003254527918,22.57,2.8716666666666666,-4.199200434331962,-0.6562596899224813,0
"Tierra del Fuego, Antártida e Islas del Atlántico Sur",2016,14.541722925906582,11266.025359679941,0.12907589377483614,-14.814965664140068,-4.735891779847035,0.19664003254527918,19.72,3.984166666666667,-16.296332856226247,0.456240310077519,1
"Tierra del Fuego, Antártida e Islas del Atlántico Sur",2017,14.723689065305914,11334.524139965317,0.1299012546401526,1.251338237748656,0.6080119483001134,0.19664003254527918,23.21,3.9066666666666667,-1.4826513992399204,0.37874031007751885,0
"Tierra del Fuego, Antártida e Islas del Atlántico Sur",2018,16.142583956533162,11228.425889102782,0.14376533376953207,9.636816459067,-0.9360626838177954,0.19664003254527918,20.62,3.5991666666666666,-12.476185775628046,0.07124031007751874,1
"Tierra del Fuego, Antártida e Islas del Atlántico Sur",2019,15.633117167794882,10168.290026987312,0.15374381657391323,-3.156042366637901,-9.441535907044063,0.19664003254527918,25.05,3.526666666666667,6.327427076649728,-0.0012596899224810443,0
"Tierra del Fuego, Antártida e Islas del Atlántico Sur",2020,16.132020465015525,9516.0740601191,0.16952390621488736,3.191323213827202,-6.414214829997844,0.19664003254527918,27.060000000000002,3.9633333333333334,14.859088889985706,0.4354069767441855,0
"Tierra del Fuego, Antártida e Islas del Atlántico Sur",2021,14.237838876303895,10893.09692213166,0.1307051518781282,-11.741750469629142,14.4704933285831,0.19664003254527918,29.48,4.18,25.13103992892749,0.6520736434108518,0
"Tierra del Fuego, Antártida e Islas del Atlántico Sur",2022,14.45637169440622,11719.515320283042,0.12335298260489053,1.5348735155728654,7.586624851123247,0.19664003254527918,18.54,3.8674999999999997,-21.304970139677216,0.33957364341085183,1
"Tierra del Fuego, Antártida e Islas del Atlántico Sur",2023,14.123691008173271,11215.098094312307,0.12593461857757665,-2.301273744653909,-4.304079240356784,0.19664003254527918,18.72,3.301666666666667,-20.540940723557576,-0.2262596899224807,1
Tucumán,2005,1050.3451888388452,16400.679817340057,6.404278362463607,16.55099209056172,10.56151455833476,4.442809442235317,24.34,21.555000000000003,-20.607154777437266,-0.39182170542635575,1
Tucumán,2006,1199.4846924330207,18176.11934911921,6.599234244636197,14.19909427671573,10.82540206596816,4.442809442235317,30.630000000000003,22.485,-0.0902691385744947,0.5381782945736404,0
Tucumán,2007,1151.2425609942582,19534.66532526604,5.893331376940698,-4.021904718175994,7.474345596287391,4.442809442235317,33.44,20.633333333333333,9.075461965591526,-1.3134883720930262,0
Tucumán,2008,1088.1195505903277,20583.38042957081,5.286398676415156,-5.483033075967503,5.368482576194267,4.442809442235317,35.77,21.27,16.675516582213202,-0.6768217054263594,0
Tucumán,2009,966.751798014691,19689.19830062433,4.910061767136734,-11.153898715429955,-4.34419473519454,4.442809442235317,23.14,22.42833333333333,-24.521345996298205,0.481511627906972,1
Tucumán,2010,985.715387041813,20948.06095571459,4.705520902987977,1.9615778389102,6.393671473410589,4.442809442235317,27.380000000000003,20.968333333333334,-10.691203689656204,-0.9784883720930253,0
Tucumán,2011,1070.4358553413135,22732.356603277876,4.708864435053614,8.59482051444398,8.51771269586903,4.442809442235317,33.24,20.953333333333333,8.423096762448058,-0.9934883720930259,0
Tucumán,2012,792.3130026786888,22514.10816857504,3.5191844897706903,-25.98220633911258,-0.9600783522433654,4.442809442235317,21.64,22.4375,-29.41408501987438,0.490678294573641,1
Tucumán,2013,747.9821639717258,22413.410784723783,3.337208116854419,-5.595116899140528,-0.44726348073520494,4.442809442235317,26.1,21.98,-14.866340989774551,0.03317829457364141,1
Tucumán,2014,713.9068467416466,21935.372797594704,3.2545918108122107,-4.55563232272036,-2.1328212458181173,4.442809442235317,29.85,22.129166666666666,-2.634493430834106,0.1823449612403074,0
Tucumán,2015,820.9028114947992,22557.42130896847,3.639169567526858,14.98738459247091,2.8358237496742156,4.442809442235317,34.14,22.194999999999997,11.358740176593752,0.24817829457363771,0
Tucumán,2016,929.701943071397,22922.05863182398,4.055926904316698,13.253594707329984,1.61648496014275,4.442809442235317,38.49,21.050833333333333,25.547683344964668,-0.8959883720930257,0
Tucumán,2017,919.3329505651031,23675.564482359747,3.8830455394213823,-1.115302875676305,3.28725208603049,4.442809442235317,39.22,22.021666666666665,27.928816336438402,0.07484496124030571,0
Tucumán,2018,905.9982248822167,23924.623411601628,3.7868860432840767,-1.4504783794260567,1.0519661713977335,4.442809442235317,30.61,21.853333333333335,-0.15550565888885481,-0.09348837209302374,0
Tucumán,2019,1035.4235843871113,24121.51029040207,4.292532150439624,14.285387757986001,0.8229466161836063,4.442809442235317,29.3,21.386666666666667,-4.4284977394787095,-0.5601550387596923,0
Tucumán,2020,888.2907215361099,21777.73137782805,4.078894656770725,-14.209919985364483,-9.716551262159602,4.442809442235317,33.05,22.206666666666667,7.8033498194617135,0.259844961240308,0
Tucumán,2021,913.0241222484063,23702.643954888772,3.851992731216347,2.7843812968715076,8.838903114676476,4.442809442235317,47.83,21.59,56.013138331765646,-0.35682170542635916,0
Tucumán,2022,864.9273429843353,23775.534534472645,3.6378881060707977,-5.267854166396868,0.30752088131011934,4.442809442235317,24.63,21.752499999999998,-19.66122523287921,-0.1943217054263613,1
Tucumán,2023,827.8663965095325,23165.055503752934,3.573772557442874,-4.284862396294253,-2.567677415767733,4.442809442235317,26.990000000000002,23.5,-11.963315835786014,1.553178294573641,0
