jurisdiccion,peso_agro_medio_pct,crec_agro_secos,crec_agro_normales,crec_total_secos,crec_total_normales,n_secos,n_normales,perdida_agro_pp,perdida_total_pp
Buenos Aires,3.9821472398480107,-4.175739417663745,3.946431633629573,2.73301501224793,1.9339605202484254,6,13,-8.122171051293318,0.7990544919995048
CABA,0.08331330732946192,-3.622896154774215,3.493334178679897,2.999646238822278,1.2811227930528306,7,12,-7.116230333454112,1.7185234457694476
Catamarca,2.1320266228974405,-9.384342546192443,2.561788667352135,2.9182722431591754,-0.1096599798619715,4,15,-11.946131213544577,3.0279322230211467
Chaco,7.038201761152898,-0.2907002601376047,6.878515131750775,3.6957187144141845,2.629818023636644,7,12,-7.16921539188838,1.0659006907775406
Chubut,0.8357767162164494,-5.004344809502263,-2.736589432141875,1.6982868064229706,0.7139692714837466,5,14,-2.267755377360388,0.984317534939224
Corrientes,2.270800663682294,0.8923467029774235,-1.5266428305678206,4.280072350742376,1.8939842111805438,7,12,2.4189895335452443,2.3860881395618323
Córdoba,10.105200609573949,-12.729747547194828,10.304406836720203,-1.8113178917728996,4.851259205507546,7,12,-23.03415438391503,-6.662577097280446
Entre Ríos,9.629104633856944,-4.364414031872747,3.7232864521477675,0.050982763727196456,3.3835436551383675,5,14,-8.087700484020514,-3.332560891411171
Formosa,2.0743725847152295,-2.5036577531659177,-1.4571183966933539,2.8272915830018372,2.2800716784663053,7,12,-1.0465393564725638,0.5472199045355319
Jujuy,3.674654612086148,0.4859541232809663,-2.231329205282991,4.096530499565306,3.0514261837485366,6,13,2.7172833285639575,1.0451043158167694
La Pampa,8.641793847542445,1.702257170298977,4.252752340773117,4.0586980570398925,1.8159885440787684,8,11,-2.5504951704741403,2.242709512961124
La Rioja,1.9236175784575387,-7.878140722987137,3.2078054943736887,0.5032013844049998,2.0206881116217015,2,17,-11.085946217360826,-1.5174867272167016
Mendoza,3.6427142058800848,-6.0740626351414395,-0.34739832576984314,0.5821711297695842,1.351185745560141,5,14,-5.726664309371596,-0.7690146157905569
Misiones,2.9130241121449734,0.6778744221612999,-1.7337780988138574,3.6899193951696065,1.2470339041241683,7,12,2.4116525209751574,2.4428854910454385
Neuquén,0.30137523273254496,1.4732466326183387,-1.3139443345754482,-0.5547667804870148,4.124095132702544,4,15,2.787190967193787,-4.678861913189558
Río Negro,3.5319024609396683,-4.075202281430041,-0.11755719427582853,2.514039311985128,1.9995334767943327,4,15,-3.9576450871542126,0.5145058351907952
Salta,6.960047083515066,3.3937548326624842,4.753669070542138,3.1862606221445056,2.3514645621502206,5,14,-1.3599142378796536,0.834796059994285
San Juan,3.358472523424121,-18.486853068656583,5.01828223796151,1.4937799004759005,3.25429896454814,5,14,-23.505135306618094,-1.7605190640722395
San Luis,3.5351738689486374,-12.2593451587486,14.374267539363363,-3.9132755145884506,4.508353166655147,6,13,-26.63361269811196,-8.421628681243597
Santa Cruz,0.5351795671035307,-0.8220227929545153,-1.392747741138606,0.3748447707756485,0.8659926844326772,5,14,0.5707249481840907,-0.4911479136570287
Santa Fe,8.796006473904056,-5.800807399424666,2.146961300811021,-0.7455971044342856,2.6619416545577836,5,14,-7.947768700235686,-3.4075387589920694
Santiago del Estero,11.289305751447555,11.134853750758465,16.24997217824736,8.613950673662437,3.0508246848392075,3,16,-5.115118427488897,5.563125988823229
"Tierra del Fuego, Antártida e Islas del Atlántico Sur",0.19664003254527918,-1.8175387201662716,-2.742192772819972,4.323790417913232,2.9064735086701794,5,14,0.9246540526537006,1.4173169092430524
Tucumán,4.442809442235317,-6.289616805903641,2.4960790879359545,1.023499774294354,3.043995798720661,5,14,-8.785695893839595,-2.020496024426307
