,0
año,0.5112397045591998
"prov_Tierra del Fuego, Antártida e Islas del Atlántico Sur",0.11054290505063312
prov_Santiago del Estero,0.09301746014964797
emisiones_gei_co2eq,0.09048594063618796
anomalia_temperatura,0.08318845596559096
precipitaciones_mm,0.07016678829819654
prov_Catamarca,0.009533504613680587
prov_Santa Cruz,0.006247124774822679
prov_Neuquén,0.006020881841687241
prov_San Juan,0.00376932097644154
prov_Chaco,0.002785918572056791
prov_Entre Ríos,0.0023233866751529025
prov_Buenos Aires,0.0020154779673210482
prov_Santa Fe,0.0019902687759417036
prov_Salta,0.0016717174271050409
prov_Córdoba,0.0010942697961671846
prov_San Luis,0.0006693387035953765
prov_Chubut,0.0006409785498525491
prov_Río Negro,0.0005223847025383735
prov_La Pampa,0.0005066328972982477
prov_La Rioja,0.0004389849136762139
prov_Mendoza,0.0002602236464493611
prov_Jujuy,0.0002564100833643034
prov_Corrientes,0.00014082599619574766
prov_Tucumán,0.00013845081046487927
prov_Formosa,0.00013306102795206391
prov_CABA,0.00013113074220500785
prov_Misiones,6.84518465748063e-05
