"nombre_fuente","url","institucion","variable","unidad","cobertura_temporal","cobertura_geografica","metodologia","frecuencia","fecha_consulta","limitaciones","por_que","para_que","conteo_claves"
"Serie de anomalias climaticas anuales de Argentina (temperatura y precipitacion)","https://ciam.ambiente.gob.ar/dt_csv.php?dt_id=467 (portal: https://www.argentina.gob.ar/ambiente/ciam/datos)","Secretaria de Ambiente y Desarrollo Sostenible de la Nacion - Centro de Informacion Ambiental (CIAM), en base a datos del Servicio Meteorologico Nacional (SMN)","anomalia de temperatura media anual y anomalia de precipitacion anual","grados C (temperatura); % (precipitacion)","1961-2025","Nacional (Argentina)","Desvio respecto de un periodo climatologico de referencia del SMN (1991-2020)","Anual","2026-09-23","Solo nivel nacional, sin desagregacion provincial","Es la serie oficial más larga y homogénea de temperatura y lluvia de Argentina (1961-2025), publicada por el organismo ambiental del Estado a partir de estaciones del Servicio Meteorológico Nacional.","Medir cuánto se calentó el país y cómo varió la lluvia año a año, y ser el clima nacional de todos los análisis y modelos.","Anomalía de temperatura y precipitación nacional"
"Precipitacion anual acumulada por estacion meteorologica representativa","https://ciam.ambiente.gob.ar/dt_csv.php?dt_id=623","Servicio Meteorologico Nacional (SMN), republicado via CIAM - Secretaria de Ambiente","precipitacion anual acumulada","mm/año","2010-2024","26 estaciones meteorologicas, aproximadamente una por provincia o ciudad capital","Dato puntual de estacion meteorologica (no promedio espacial de toda la provincia)","Anual","2026-09-23","Representa un unico punto de medicion por provincia, no un promedio espacial; serie corta (15 años); CABA y Provincia de Buenos Aires diferenciadas por estacion 'Buenos Aires' vs 'La Plata'","Da la lluvia medida en una estación representativa de cada provincia, sin depender de estimaciones satelitales.","Describir la lluvia provincial (2010-2024) y cruzar su tendencia con el crecimiento económico de cada provincia.","Precipitación anual por estación meteorológica"
"Inventario Nacional de GEI - serie nacional larga, por gas y sector","https://inventariogei.ambiente.gob.ar/resultados -> inventario-nacional-gei-emisiones_hasta_2022.xlsx, hoja 'Serie INGEI 1990-2022'","Secretaria de Ambiente y Desarrollo Sostenible de la Nacion, bajo compromisos de reporte ante la CMNUCC","emisiones/absorciones de GEI desagregadas por gas (permite aislar CO2 puro)","Millones de toneladas de CO2 equivalente (MtCO2e) por fila gas-sector-año","1990-2022, unicamente a nivel Total Pais","Nacional (Argentina) unicamente","Inventario Nacional GEI, metodologia IPCC","Periodica (bienal/trienal), no anual estricto","2026-09-23","Ultimo año con dataset descargable: 2022. Rezago estructural del tipo de inventario, no discontinuacion","Es el inventario oficial de emisiones de gases de efecto invernadero de Argentina (1990-2022), con detalle por gas y sector.","Mostrar cómo evolucionaron las emisiones del país. No alcanza para modelar porque el tramo comparable con las demás series es corto.","Inventario Nacional de GEI, serie por gas y sector"
"Inventario Nacional de GEI - desagregacion provincial","https://inventariogei.ambiente.gob.ar/resultados -> desagregacion-provincial_hasta_2022.xlsx","Secretaria de Ambiente y Desarrollo Sostenible de la Nacion","emisiones y absorciones de GEI totales por sector, en CO2 equivalente","Millones de toneladas de CO2 equivalente (MtCO2e)","2010-2022 unicamente","23 provincias + CABA + categoria Sin Asignar (~12% no distribuido)","Igual metodologia IPCC que la serie nacional, agregada por sector","Periodica","2026-09-23","Es CO2 equivalente total, no CO2 puro; no mezclar con series de solo CO2 sin documentar","Es el único dato oficial de emisiones desagregado por provincia (2010-2022).","Comparar las emisiones de cada provincia con su clima y su economía.","Inventario de GEI desagregado por provincia"
"CO2 and Greenhouse Gas Emissions dataset (owid-co2-data)","https://github.com/owid/co2-data (CSV: https://owid-public.owid.io/data/co2/owid-co2-data.csv)","Global Carbon Project, publicado via Our World in Data","emisiones de CO2 (total, per capita, territorial)","Millones de toneladas de CO2 (Mt)","1850-2024","Multipais - filtrado exclusivamente iso_code == ARG","Global Carbon Project; emisiones territoriales de combustibles fosiles y cemento","Anual","2026-09-23","Solo nivel nacional; metodologia distinta a la del Inventario Nacional GEI argentino","Ofrece una serie larga (1850-2024) de emisiones de CO2 fósil del Global Carbon Project; el inventario oficial es demasiado corto para modelar.","Medir la relación entre emisiones, temperatura y PBI, y usar el CO2 como variable de los modelos nacionales.","Emisiones de CO₂, población y PBI (solo Argentina)"
"GDP growth (annual %) - Argentina","https://data.worldbank.org/indicator/NY.GDP.MKTP.KD.ZG?locations=AR (API: https://api.worldbank.org/v2/country/ARG/indicator/NY.GDP.MKTP.KD.ZG?format=json)","Banco Mundial, en base a fuentes oficiales argentinas","crecimiento real anual del PBI","% anual","1961-2025 (ultimo año preliminar)","Nacional (Argentina)","Cuentas nacionales a precios constantes","Anual","2026-09-23","Sin desagregacion provincial; no confundir con PBI nominal/per capita/en niveles","Es la fuente internacional estándar del crecimiento real anual del PBI de Argentina.","Ser la variable económica nacional contra la que se compara el clima: ¿el calor o la sequía cambian el crecimiento del país?","Crecimiento anual del PBI"
"Desagregacion provincial del Valor Agregado Bruto en Argentina (PBG)","https://repositorio.cepal.org/server/api/core/bitstreams/539fcce5-8977-4061-a222-fbfd7358a35f/content","CEPAL, sobre la desagregacion subnacional de INDEC (año base 2004)","Valor Agregado Bruto a precios basicos por jurisdiccion (equivalente a PBG)","millones de pesos a precios constantes de 2004","2004-2024 (2023-2024 marcados como preliminares por CEPAL)","24 jurisdicciones (23 provincias + CABA)","Desagregacion subnacional con año base 2004, actualizada por CEPAL","Anual","2026-09-23","Estimacion de CEPAL, no releva directamente cada provincia","INDEC discontinuó el PBG provincial en 2017; CEPAL publica la continuación (2004-2024) con el valor agregado por sector y provincia.","Medir la economía de cada provincia y, sobre todo, la producción del campo, que es donde se busca el efecto del clima.","Producto bruto geográfico provincial (por sector)"
"Producto interno bruto por provincia (serie oficial discontinuada)","https://www.indec.gob.ar/ftp/cuadros/economia/PIB_provincial_06_17.xls","INDEC","Producto Bruto Geografico provincial","millones de pesos","2006-2017 (DISCONTINUADA)","Provincias con datos disponibles segun INDEC","Serie oficial INDEC","Anual mientras se publico","2026-09-23","DISCONTINUADA por falta de Censo Economico actualizado y decisiones provinciales independientes (ej. Misiones/IPEC); se prioriza CEPAL para el analisis principal","Es la serie oficial histórica del PBG provincial, discontinuada en 2017.","Se cita como referencia y como justificación de por qué se adoptó CEPAL. No se descargó ni se usa en ningún análisis.",""
"NASA POWER - Temperatura a 2m por punto geografico (adoptada para temperatura provincial)","https://power.larc.nasa.gov/ (API: https://power.larc.nasa.gov/api/temporal/monthly/point?parameters=T2M&community=RE&longitude=...&latitude=...&start=...&end=...&format=JSON)","NASA Langley Research Center - proyecto POWER","temperatura media anual a 2m, usada para derivar anomalia provincial vs base 1991-2020","grados C","1981-2025","24 puntos (capital de cada provincia + CABA)","Reanalisis satelital/modelo (MERRA-2), NO estacion en tierra","Mensual, agregado a anual","2026-09-23","No es dato de estacion; el punto no representa el promedio espacial de la provincia; -999.0 es codigo de dato faltante","Da temperatura y lluvia mensual de las 24 jurisdicciones con el mismo método desde 1981; no existe una serie provincial homogénea de estaciones en tierra.","Calcular el calentamiento de cada provincia, definir años secos y el calor de cada temporada de cultivo, y cruzarlos con la economía y el rendimiento.","Temperatura anual por provincia | Clima mensual por provincia (temperatura, lluvia, viento)"
"Unidades Territoriales - Provincias (geometria/shapefile oficial)","http://www.ign.gob.ar/descargas/geodatos/SHAPES/ign_provincia.zip (catalogado en https://datos.gob.ar/dataset/unidades-territoriales)","Instituto Geografico Nacional (IGN)","limites geograficos de las 23 provincias + CABA, para mapas coropleticos","grados decimales, EPSG:4326","Archivo de 2019 (los limites provinciales cambian muy raramente)","23 provincias + CABA (24 features)","Cartografia oficial IGN, columna IN1 = codigo de jurisdiccion INDEC","Sin actualizacion regular","2026-09-23","El poligono de Tierra del Fuego incluye el sector antartico reclamado; se recorta el encuadre visual de los mapas, no el dato","Es el límite oficial de cada provincia (Instituto Geográfico Nacional).","Dibujar los mapas de temperatura, lluvia y producción.","Límites de provincias (mapa)"
"Poblacion y PBI (Maddison Project Database), columnas population y gdp del mismo dataset owid-co2-data","https://github.com/owid/co2-data (CSV: https://owid-public.owid.io/data/co2/owid-co2-data.csv)","Maddison Project Database 2020 (Bolt & van Zanden), publicado via Our World in Data","poblacion total y PBI (usado para derivar PBI per capita = gdp / population)","personas (poblacion); dolares internacionales de 2011, PPA (gdp)","1850-2024 (poblacion); 1900-2022 sin huecos (gdp)","Nacional (Argentina), filtrado iso_code == ARG","Maddison Project Database, series historicas de PBI en PPA a precios constantes de 2011","Anual","2026-09-24","gdp llega solo a 2022 (2 años menos que el resto del dataset nacional); metodologia PPA-2011, no comparable en nivel con el PBI a precios constantes de 2004 usado para el PBG provincial (CEPAL)","Trae población y PBI históricos del país y es la única fuente usada para el PBI per cápita.","Calcular el PBI per cápita nacional y su crecimiento (1961-2022), la variable central de la pregunta original.","Emisiones de CO₂, población y PBI (solo Argentina)"
"Estimaciones agricolas: superficie sembrada, cosechada, produccion y rendimiento por cultivo, provincia y departamento","https://datos.magyp.gob.ar/dataset/estimaciones-agricolas (recurso 95d066e6-8a0f-4a80-b59d-6f28f88eacd5)","Ministerio de Economia - Secretaria de Agricultura, Ganaderia y Pesca (Direccion de Estimaciones Agricolas)","superficie sembrada, superficie cosechada, produccion y rendimiento de 41 cultivos","hectareas (superficies); toneladas (produccion); kg/ha (rendimiento)","1969/1970 a 2024/2025 (56 campanias)","23 provincias con datos (sin CABA), con detalle por departamento","Estimaciones oficiales de campania agricola; el rendimiento es produccion / superficie cosechada","Semestral (el archivo se actualiza dos veces por anio)","2026-09-25","Cada campania abarca dos anios calendario (siembra y cosecha), hay que alinearla con el clima; hay departamentos con superficies muy chicas o rendimiento 0 (siniestros); no cubre ganaderia ni forestal","Es el registro oficial de superficie, producción y rendimiento de cada cultivo por provincia y departamento desde 1969.","Medir el efecto del clima sobre el rendimiento (kilos por hectárea) de soja, maíz, trigo y girasol: el efecto más directo, sin distorsión de precios.","Estimaciones agrícolas por cultivo, provincia y departamento"
"Poblacion estimada al 1 de julio por anio calendario y sexo, por provincia (proyecciones 2010-2040)","https://www.indec.gob.ar/ftp/cuadros/poblacion/c1_proyecciones_prov_2010_2040.xls","INDEC - Instituto Nacional de Estadistica y Censos","poblacion total, varones y mujeres por provincia","personas","2010-2040 (valores 2010-2025 son estimados; 2026-2040 proyectados)","24 jurisdicciones (una hoja por provincia, mas el total del pais)","Proyecciones basadas en el Censo Nacional de Poblacion 2010 (metodo de componentes: fecundidad, mortalidad, migracion)","Estatica (revision con cada censo)","2026-09-25","Parte del Censo 2010: no incorpora los resultados del Censo 2022; no hay poblacion anual anterior a 2010; son proyecciones, no conteos","Es la proyección oficial de población por provincia (2010-2040).","Permitiría calcular el PBI per cápita de cada provincia. Está descargada y verificada, pero todavía no se usa en ningún análisis.","Población por provincia (proyecciones)"
