año,jurisdiccion,tipo_jurisdiccion,anomalia_temperatura,anomalia_precipitacion_pct,emisiones_gei_co2eq,emisiones_co2_fosil,pbi_crecimiento_pct,poblacion,pib_per_capita,pib_per_capita_crecimiento_pct
1961,Argentina,nacional,-0.24,-9.8,,51.126708984375,5.42784287621933,20726280.0,9445.121772937546,5.403105147121168
1962,Argentina,nacional,-0.46,-24.4,,53.6401252746582,-0.852021521903339,21072543.0,9139.711054569922,-3.23352864801274
1963,Argentina,nacional,-0.4,11.24,,50.03266143798828,-5.30819682539126,21421702.0,8774.028243787538,-4.001032511848823
1964,Argentina,nacional,-0.84,-14.48,,55.670040130615234,10.1302976615431,21769451.0,9524.014186301712,8.547794942935184
1965,Argentina,nacional,-0.32,-7.2,,58.80485153198242,10.5694333376394,22112634.0,10233.2845798922,7.44717909608561
1966,Argentina,nacional,-0.56,-2.18,,63.07266616821289,-0.659726170629824,22453898.0,10146.769038631955,-0.8454327697506203
1967,Argentina,nacional,-0.13,-9.46,,65.47598266601562,3.19199662339177,22799063.0,10260.469520830746,1.120558492717194
1968,Argentina,nacional,-0.09,-15.36,,69.00921630859375,4.82250077932424,23150580.0,10534.789445836777,2.6735611313800867
1969,Argentina,nacional,0.02,-9.18,,77.24887084960938,9.67952601078326,23508716.0,11260.567561665213,6.889346194909041
1970,Argentina,nacional,-0.01,-13.62,,82.64800262451172,3.04564331917115,23878330.0,11679.935539336293,3.7242170554417697
1971,Argentina,nacional,-0.6,-5.56,,88.85015869140625,5.65813108184925,24257212.0,12055.750196024177,3.217608996404109
1972,Argentina,nacional,-0.4,5.21,,90.07261657714844,1.62841651825939,24644332.0,12236.89697647313,1.5025757626322855
1973,Argentina,nacional,-0.6,4.56,,93.98442840576172,2.81175403849035,25046007.0,12774.009395349925,4.389286106677681
1974,Argentina,nacional,-0.63,-6.36,,95.49219512939452,5.5338043957736,25461352.0,13380.53036653356,4.7480861522179785
1975,Argentina,nacional,-0.37,-0.94,,94.8604507446289,-0.0284121037110907,25874106.0,13049.959276080881,-2.4705380235112373
1976,Argentina,nacional,-0.94,5.81,,99.71804809570312,-2.01825151683394,26282282.0,12816.28140026045,-1.790640651643538
1977,Argentina,nacional,0.0,11.15,,100.72888946533205,6.93414775653342,26701815.0,13375.79295871835,4.365631035898843
1978,Argentina,nacional,-0.09,4.23,,102.58340454101562,-4.50612480201359,27132162.0,12585.312528761991,-5.90978368457119
1979,Argentina,nacional,-0.31,6.79,,110.64904022216795,10.2227634638681,27568894.0,13272.438270465256,5.459743173901588
1980,Argentina,nacional,-0.04,5.63,,108.69522094726562,1.51878394990179,28011597.0,13247.262148994932,-0.1896872372452285
1981,Argentina,nacional,-0.14,5.05,,102.00861358642578,-5.18978914135593,28463956.0,12288.594038017765,-7.236726352923428
1982,Argentina,nacional,-0.07,4.13,,103.38813018798828,-0.735659159103619,28924268.0,11712.016359411411,-4.691974336710702
1983,Argentina,nacional,-0.4,-1.58,,105.18211364746094,4.34909327926756,29391334.0,11932.31310970778,1.8809464018494593
1984,Argentina,nacional,-0.92,17.58,,106.49176025390624,1.57073870182023,29863090.0,11982.830544327462,0.4233666528460578
1985,Argentina,nacional,0.01,8.36,,100.56929779052734,-5.18902435343904,30336448.0,11015.509792049485,-8.072556385568653
1986,Argentina,nacional,0.02,1.11,,104.19874572753906,6.15337706275693,30811982.0,11639.454904264192,5.664241818976401
1987,Argentina,nacional,-0.18,4.93,,114.93594360351562,2.70486882770558,31291764.0,11756.883536511397,1.0088842923751118
1988,Argentina,nacional,-0.5,-24.45,,121.46444702148438,-1.08993334133791,31780534.0,11356.673742486517,-3.4040465977400847
1989,Argentina,nacional,0.14,-17.32,,117.06697845458984,-7.15694965597953,32270958.0,10489.951863220174,-7.631828640316085
1990,Argentina,nacional,-0.19,5.86,,112.18829345703124,-2.46721377810472,32755907.0,10341.68108976497,-1.4134552320975935
1991,Argentina,nacional,-0.34,6.9,,117.7269287109375,9.13311056738961,33230293.0,11316.720271590744,9.428246465565039
1992,Argentina,nacional,-0.74,16.88,,121.51416778564452,7.93729155643076,33693532.0,12366.760102265325,9.278658528925376
1993,Argentina,nacional,-0.41,-0.45,,118.0209732055664,8.20697907221228,34152719.0,13023.27529553357,5.308708083922364
1994,Argentina,nacional,0.12,-0.55,,118.50676727294922,5.83620070368526,34613492.0,13663.075427090685,4.912743661162855
1995,Argentina,nacional,-0.2,-17.65,,125.41549682617188,-2.84520961057079,35070016.0,13162.270304324926,-3.6653908956162273
1996,Argentina,nacional,-0.19,-3.22,,131.44554138183594,5.52668982715234,35513795.0,13780.74304410441,4.698830258608688
1997,Argentina,nacional,0.18,16.45,,136.61700439453125,8.1110467707457,35947790.0,14786.06556389141,7.295125644310518
1998,Argentina,nacional,-0.07,-1.36,,139.5052947998047,3.85017885156228,36372862.0,15246.72649644672,3.1155071683184987
1999,Argentina,nacional,-0.32,1.63,,148.34457397460938,-3.38545704063269,36794687.0,14629.029462704764,-4.051341997155333
2000,Argentina,nacional,-0.66,17.99,,143.3548126220703,-0.78899893905691,37213986.0,14416.111343031085,-1.455449387237151
2001,Argentina,nacional,-0.03,14.74,,135.00396728515625,-4.40883968258557,37624817.0,13684.2460987385,-5.07671747864501
2002,Argentina,nacional,-0.19,18.64,,124.93011474609376,-10.8944848285903,38029345.0,12110.609356195853,-11.499623225043543
2003,Argentina,nacional,0.08,-8.43,,134.42098999023438,8.83704079576924,38424283.0,13093.390906344302,8.1150462478228
2004,Argentina,nacional,0.12,-4.35,,157.2351531982422,9.02957330068152,38815915.0,14177.337495947217,8.278578080775812
2005,Argentina,nacional,-0.19,-4.11,,161.7279510498047,8.85165992013437,39216786.0,15326.35586562346,8.104613225189183
2006,Argentina,nacional,0.24,-4.49,,174.34165954589844,8.04715150043027,39622113.0,16462.94871530451,7.415936701759551
2007,Argentina,nacional,-0.6,-7.88,,173.76358032226562,9.00765087504757,40016767.0,17860.643216429755,8.489940200238255
2008,Argentina,nacional,0.19,-10.42,,187.5955352783203,4.05723310346406,40424151.0,18482.946432517532,3.484215033842286
2009,Argentina,nacional,0.23,-13.64,,178.37844848632812,-5.91852507634947,40854832.0,17278.76003425984,-6.515121399362678
2010,Argentina,nacional,-0.17,-14.51,400.375753691017,186.1212921142578,10.1253981561002,41288694.0,19031.485232979274,10.143813533171242
2011,Argentina,nacional,0.06,-12.28,386.165165890239,189.88381958007807,6.00395169280579,41730655.0,20074.994600587986,5.4830684774955785
2012,Argentina,nacional,0.44,-0.92,426.50366627792,191.71456909179688,-1.0264204544321,42161718.0,19665.88292127944,-2.0379167588745584
2013,Argentina,nacional,0.3,-15.3,428.300900342597,189.5248413085937,2.40532378079436,42582453.0,19939.865807824644,1.3931888420262162
2014,Argentina,nacional,0.32,17.74,399.873090813688,188.5391845703125,-2.51261532081394,43024071.0,19239.24833126554,-3.5136519137665134
2015,Argentina,nacional,0.45,6.73,384.213521211795,191.8087921142578,2.73115982828944,43477011.0,19558.765004245575,1.6607544508939753
2016,Argentina,nacional,-0.09,7.94,379.136701575747,190.0204925537109,-2.08032784377811,43900312.0,18967.27472563293,-3.0241698720969934
2017,Argentina,nacional,0.51,7.06,386.834228257355,187.0680084228516,2.81850297775918,44288898.0,19330.852478560202,1.9168687024705866
2018,Argentina,nacional,0.18,-1.28,386.273572770241,182.48345947265625,-2.61739646282038,44654876.0,18670.681862491343,-3.4151138280169135
2019,Argentina,nacional,0.17,-6.48,346.997363331535,180.4276580810547,-2.00086100285785,44973469.0,18167.465059611033,-2.695224558944753
2020,Argentina,nacional,0.49,-16.32,392.961661599818,164.6127166748047,-9.9004848136464,45191960.0,16281.97251148213,-10.378401950642147
2021,Argentina,nacional,0.42,-12.91,398.351729338895,190.19692993164065,10.4418119882506,45312282.0,17927.240654222624,10.104845353228797
2022,Argentina,nacional,0.03,-12.54,400.920592292019,183.7681427001953,6.02074537534855,45407904.0,18827.43506335373,5.02137739150097
2023,Argentina,nacional,0.83,-8.32,,178.40699768066406,-1.85578803046339,45538402.0,,
2024,Argentina,nacional,0.54,-4.6,,171.05926513671875,-1.34293072157739,45696153.0,,
2025,Argentina,nacional,0.6,7.5,,,4.36733330217022,,,
