año,jurisdiccion,tipo_jurisdiccion,temperatura_media_c,anomalia_temperatura,precipitaciones_mm,emisiones_gei_co2eq,pbg,pbg_preliminar
1981,Buenos Aires,provincia,16.54,-0.04900000000000304,,,,
1982,Buenos Aires,provincia,16.78,0.19099999999999895,,,,
1983,Buenos Aires,provincia,16.42,-0.16900000000000048,,,,
1984,Buenos Aires,provincia,15.82,-0.7690000000000019,,,,
1985,Buenos Aires,provincia,16.88,0.2909999999999968,,,,
1986,Buenos Aires,provincia,16.59,0.0009999999999976694,,,,
1987,Buenos Aires,provincia,16.38,-0.20900000000000318,,,,
1988,Buenos Aires,provincia,15.97,-0.6190000000000015,,,,
1989,Buenos Aires,provincia,17.29,0.700999999999997,,,,
1990,Buenos Aires,provincia,16.08,-0.5090000000000039,,,,
1991,Buenos Aires,provincia,16.56,-0.029000000000003467,,,,
1992,Buenos Aires,provincia,16.0,-0.5890000000000022,,,,
1993,Buenos Aires,provincia,16.01,-0.5790000000000006,,,,
1994,Buenos Aires,provincia,16.54,-0.04900000000000304,,,,
1995,Buenos Aires,provincia,16.18,-0.4090000000000025,,,,
1996,Buenos Aires,provincia,16.89,0.3009999999999984,,,,
1997,Buenos Aires,provincia,17.14,0.5509999999999984,,,,
1998,Buenos Aires,provincia,16.59,0.0009999999999976694,,,,
1999,Buenos Aires,provincia,16.33,-0.2590000000000039,,,,
2000,Buenos Aires,provincia,16.16,-0.42900000000000205,,,,
2001,Buenos Aires,provincia,16.88,0.2909999999999968,,,,
2002,Buenos Aires,provincia,16.4,-0.1890000000000036,,,,
2003,Buenos Aires,provincia,16.27,-0.3190000000000026,,,,
2004,Buenos Aires,provincia,16.9,0.3109999999999964,,,131865.78663682152,False
2005,Buenos Aires,provincia,16.68,0.09099999999999753,,,144250.01895252315,False
2006,Buenos Aires,provincia,16.72,0.13099999999999667,,,154690.49646350878,False
2007,Buenos Aires,provincia,15.82,-0.7690000000000019,,,165798.93687057696,False
2008,Buenos Aires,provincia,17.14,0.5509999999999984,,,173707.72288392414,False
2009,Buenos Aires,provincia,16.72,0.13099999999999667,,,162737.5434161138,False
2010,Buenos Aires,provincia,16.45,-0.1390000000000029,1012.0,89.6077428933401,182269.3369398631,False
2011,Buenos Aires,provincia,16.45,-0.1390000000000029,792.0,82.8883122354172,193638.31651528747,False
2012,Buenos Aires,provincia,16.84,0.25099999999999767,1123.0,92.2575117213292,192659.46734677398,False
2013,Buenos Aires,provincia,16.55,-0.03900000000000148,1083.0,97.0446245704347,196304.06117072958,False
2014,Buenos Aires,provincia,16.47,-0.11900000000000333,1498.0,95.7205462476991,189414.5634270474,False
2015,Buenos Aires,provincia,17.09,0.5009999999999977,913.0,93.0289412858523,195353.40957580582,False
2016,Buenos Aires,provincia,16.4,-0.1890000000000036,1146.0,98.2088801727876,191212.38691017134,False
2017,Buenos Aires,provincia,17.24,0.6509999999999962,1150.0,90.1924846149015,196053.73863809937,False
2018,Buenos Aires,provincia,16.85,0.26099999999999923,1370.0,98.5814674531255,189705.0682805702,False
2019,Buenos Aires,provincia,16.64,0.05099999999999838,1051.0,89.0664732519528,184883.6551682327,False
2020,Buenos Aires,provincia,16.76,0.17099999999999937,807.0,89.6416669120247,168105.96143604463,False
2021,Buenos Aires,provincia,16.95,0.3609999999999971,751.0,95.0137340028805,186413.45193394093,False
2022,Buenos Aires,provincia,16.81,0.22099999999999653,580.0,101.422730889982,196508.6894162572,False
2023,Buenos Aires,provincia,17.74,1.1509999999999962,906.0,,192891.54745112275,True
2024,Buenos Aires,provincia,16.95,0.3609999999999971,1164.0,,187017.27381535503,True
2025,Buenos Aires,provincia,17.3,0.7109999999999985,,,,
1981,CABA,CABA,17.45,-0.34266666666666623,,,,
1982,CABA,CABA,17.76,-0.03266666666666396,,,,
1983,CABA,CABA,17.18,-0.6126666666666658,,,,
1984,CABA,CABA,16.78,-1.0126666666666644,,,,
1985,CABA,CABA,17.81,0.0173333333333332,,,,
1986,CABA,CABA,17.41,-0.3826666666666654,,,,
1987,CABA,CABA,17.39,-0.40266666666666495,,,,
1988,CABA,CABA,16.64,-1.152666666666665,,,,
1989,CABA,CABA,17.98,0.1873333333333349,,,,
1990,CABA,CABA,16.99,-0.8026666666666671,,,,
1991,CABA,CABA,17.37,-0.4226666666666645,,,,
1992,CABA,CABA,16.75,-1.0426666666666655,,,,
1993,CABA,CABA,16.82,-0.9726666666666652,,,,
1994,CABA,CABA,17.43,-0.3626666666666658,,,,
1995,CABA,CABA,16.89,-0.902666666666665,,,,
1996,CABA,CABA,17.92,0.12733333333333618,,,,
1997,CABA,CABA,18.11,0.3173333333333339,,,,
1998,CABA,CABA,17.78,-0.012666666666664383,,,,
1999,CABA,CABA,17.34,-0.45266666666666566,,,,
2000,CABA,CABA,17.37,-0.4226666666666645,,,,
2001,CABA,CABA,18.09,0.29733333333333434,,,,
2002,CABA,CABA,17.74,-0.052666666666667084,,,,
2003,CABA,CABA,17.52,-0.27266666666666595,,,,
2004,CABA,CABA,17.96,0.16733333333333533,,,85706.9389997919,False
2005,CABA,CABA,17.77,-0.022666666666665947,,,93469.95463675624,False
2006,CABA,CABA,18.0,0.20733333333333448,,,101611.08377406489,False
2007,CABA,CABA,17.22,-0.5726666666666667,,,112043.00268777998,False
2008,CABA,CABA,18.32,0.5273333333333348,,,117138.63951063761,False
2009,CABA,CABA,17.86,0.06733333333333391,,,113930.44540423095,False
2010,CABA,CABA,17.77,-0.022666666666665947,1349.0,19.0274417572079,120655.15237519846,False
2011,CABA,CABA,17.72,-0.07266666666666666,926.0,21.2318755473614,126646.75399574771,False
2012,CABA,CABA,18.24,0.4473333333333329,1638.0,20.8416462499386,124780.94368182396,False
2013,CABA,CABA,17.95,0.15733333333333377,1146.0,19.6541811182422,124883.37075653736,False
2014,CABA,CABA,18.19,0.39733333333333576,1986.0,18.5108110877257,122315.64532211226,False
2015,CABA,CABA,18.5,0.7073333333333345,1157.0,19.2421002870436,124107.99636069647,False
2016,CABA,CABA,17.77,-0.022666666666665947,1224.0,18.9638478019833,123069.3193121094,False
2017,CABA,CABA,18.75,0.9573333333333345,1187.0,18.2160670234695,125851.40755819698,False
2018,CABA,CABA,18.32,0.5273333333333348,1473.0,16.361442007109,123960.27416433953,False
2019,CABA,CABA,18.2,0.40733333333333377,1208.0,14.8848812265821,118127.08174770727,False
2020,CABA,CABA,18.11,0.3173333333333339,834.0,13.3289101982698,103866.38057701517,False
2021,CABA,CABA,18.25,0.4573333333333345,958.0,13.7501772896092,113287.49564844577,False
2022,CABA,CABA,18.01,0.21733333333333604,752.0,15.1356846786402,119005.56797202495,False
2023,CABA,CABA,19.1,1.307333333333336,952.0,,119458.5003126663,True
2024,CABA,CABA,18.5,0.7073333333333345,1162.0,,116846.20098676288,True
2025,CABA,CABA,18.7,0.9073333333333338,,,,
1981,Catamarca,provincia,18.72,0.206666666666667,,,,
1982,Catamarca,provincia,19.21,0.696666666666669,,,,
1983,Catamarca,provincia,18.23,-0.28333333333333144,,,,
1984,Catamarca,provincia,18.34,-0.173333333333332,,,,
1985,Catamarca,provincia,19.13,0.6166666666666671,,,,
1986,Catamarca,provincia,19.85,1.3366666666666696,,,,
1987,Catamarca,provincia,18.78,0.26666666666666927,,,,
1988,Catamarca,provincia,18.68,0.16666666666666785,,,,
1989,Catamarca,provincia,19.03,0.5166666666666693,,,,
1990,Catamarca,provincia,18.69,0.17666666666666941,,,,
1991,Catamarca,provincia,19.05,0.5366666666666688,,,,
1992,Catamarca,provincia,17.7,-0.8133333333333326,,,,
1993,Catamarca,provincia,18.66,0.14666666666666828,,,,
1994,Catamarca,provincia,19.56,1.0466666666666669,,,,
1995,Catamarca,provincia,19.26,0.7466666666666697,,,,
1996,Catamarca,provincia,18.4,-0.11333333333333329,,,,
1997,Catamarca,provincia,19.69,1.1766666666666694,,,,
1998,Catamarca,provincia,18.16,-0.3533333333333317,,,,
1999,Catamarca,provincia,17.56,-0.9533333333333331,,,,
2000,Catamarca,provincia,17.48,-1.0333333333333314,,,,
2001,Catamarca,provincia,18.34,-0.173333333333332,,,,
2002,Catamarca,provincia,18.35,-0.16333333333333044,,,,
2003,Catamarca,provincia,19.3,0.7866666666666688,,,,
2004,Catamarca,provincia,18.8,0.28666666666666885,,,3857.9592162461195,False
2005,Catamarca,provincia,18.31,-0.20333333333333314,,,4350.107767745429,False
2006,Catamarca,provincia,19.41,0.8966666666666683,,,4586.26669650945,False
2007,Catamarca,provincia,17.85,-0.6633333333333304,,,4735.1555228953175,False
2008,Catamarca,provincia,18.12,-0.39333333333333087,,,4556.185409043034,False
2009,Catamarca,provincia,19.02,0.5066666666666677,,,4158.00598505981,False
2010,Catamarca,provincia,17.74,-0.7733333333333334,248.0,1.33163412245536,4259.239751162789,False
2011,Catamarca,provincia,17.87,-0.6433333333333309,359.0,1.97110227430826,4231.855095013622,False
2012,Catamarca,provincia,19.12,0.6066666666666691,251.0,2.03227526871153,4326.0939064183685,False
2013,Catamarca,provincia,18.52,0.006666666666667709,455.0,2.21271722043184,4137.89863174401,False
2014,Catamarca,provincia,18.43,-0.08333333333333215,555.0,1.1632759046408,4262.849545695976,False
2015,Catamarca,provincia,18.59,0.07666666666666799,599.0,1.17921644078575,3854.91070259197,False
2016,Catamarca,provincia,17.8,-0.7133333333333312,440.0,1.65082843606055,3857.152776644036,False
2017,Catamarca,provincia,18.93,0.41666666666666785,512.0,1.72948138281175,3797.491593175459,False
2018,Catamarca,provincia,18.41,-0.10333333333333172,441.0,0.908536977536036,3624.651487861098,False
2019,Catamarca,provincia,18.04,-0.4733333333333327,561.0,1.34059856979209,3277.558444053587,False
2020,Catamarca,provincia,18.93,0.41666666666666785,401.0,2.53939819262268,2953.1807741783996,False
2021,Catamarca,provincia,18.1,-0.41333333333333044,415.0,1.33689803649128,3437.1302025660716,False
2022,Catamarca,provincia,18.01,-0.5033333333333303,493.0,1.98791568855511,3822.779757561829,False
2023,Catamarca,provincia,19.76,1.2466666666666697,505.0,,4048.4053185037333,True
2024,Catamarca,provincia,19.2,0.6866666666666674,267.0,,3832.286397516088,True
2025,Catamarca,provincia,18.99,0.47666666666666657,,,,
1981,Chaco,provincia,21.46,-0.21599999999999753,,,,
1982,Chaco,provincia,21.97,0.2940000000000005,,,,
1983,Chaco,provincia,20.76,-0.9159999999999968,,,,
1984,Chaco,provincia,21.14,-0.5359999999999978,,,,
1985,Chaco,provincia,22.2,0.5240000000000009,,,,
1986,Chaco,provincia,22.07,0.3940000000000019,,,,
1987,Chaco,provincia,20.76,-0.9159999999999968,,,,
1988,Chaco,provincia,21.54,-0.13599999999999923,,,,
1989,Chaco,provincia,21.37,-0.3059999999999974,,,,
1990,Chaco,provincia,20.95,-0.7259999999999991,,,,
1991,Chaco,provincia,22.0,0.3240000000000016,,,,
1992,Chaco,provincia,20.67,-1.0059999999999967,,,,
1993,Chaco,provincia,21.34,-0.3359999999999985,,,,
1994,Chaco,provincia,21.84,0.16400000000000148,,,,
1995,Chaco,provincia,22.18,0.5040000000000013,,,,
1996,Chaco,provincia,21.19,-0.4859999999999971,,,,
1997,Chaco,provincia,22.72,1.0440000000000005,,,,
1998,Chaco,provincia,20.71,-0.9659999999999975,,,,
1999,Chaco,provincia,21.84,0.16400000000000148,,,,
2000,Chaco,provincia,21.16,-0.5159999999999982,,,,
2001,Chaco,provincia,22.1,0.42400000000000304,,,,
2002,Chaco,provincia,21.29,-0.38599999999999923,,,,
2003,Chaco,provincia,21.79,0.11400000000000077,,,,
2004,Chaco,provincia,21.55,-0.12599999999999767,,,5596.916710129125,False
2005,Chaco,provincia,21.92,0.24400000000000333,,,6254.400273992606,False
2006,Chaco,provincia,22.38,0.7040000000000006,,,6857.731823114191,False
2007,Chaco,provincia,21.32,-0.3559999999999981,,,7474.246982776608,False
2008,Chaco,provincia,22.29,0.6140000000000008,,,7893.518770556104,False
2009,Chaco,provincia,22.06,0.38400000000000034,,,7518.486481732506,False
2010,Chaco,provincia,20.57,-1.105999999999998,1298.0,26.0880740892732,8467.187833029226,False
2011,Chaco,provincia,21.69,0.014000000000002899,1245.0,26.3496471853232,9356.357508237112,False
2012,Chaco,provincia,22.96,1.2840000000000025,1032.0,32.0022611050999,8524.385441823111,False
2013,Chaco,provincia,20.96,-0.7159999999999975,1444.0,32.8292768993211,8943.206457758806,False
2014,Chaco,provincia,21.86,0.18400000000000105,1438.0,21.1581752512222,9653.221992207664,False
2015,Chaco,provincia,21.93,0.25400000000000134,1572.0,21.4616952859324,9543.211289147108,False
2016,Chaco,provincia,20.61,-1.065999999999999,1596.0,19.8143598046295,9428.18462037238,False
2017,Chaco,provincia,21.84,0.16400000000000148,1533.0,23.0911587819048,9798.786524271296,False
2018,Chaco,provincia,21.78,0.10400000000000276,1555.0,20.714221087861,9671.31288773196,False
2019,Chaco,provincia,21.16,-0.5159999999999982,2031.0,13.4761373749824,9144.803921101597,False
2020,Chaco,provincia,22.57,0.8940000000000019,922.0,19.1039737372764,8583.459784442299,False
2021,Chaco,provincia,22.07,0.3940000000000019,1169.0,17.6851610511733,9152.087080185787,False
2022,Chaco,provincia,22.18,0.5040000000000013,901.0,21.1049639882748,9739.434550716349,False
2023,Chaco,provincia,23.18,1.5040000000000013,1179.0,,9482.39673646194,True
2024,Chaco,provincia,22.06,0.38400000000000034,1717.0,,8880.840541586334,True
2025,Chaco,provincia,22.05,0.37400000000000233,,,,
1981,Chubut,provincia,13.27,0.4036666666666662,,,,
1982,Chubut,provincia,13.06,0.1936666666666671,,,,
1983,Chubut,provincia,13.12,0.2536666666666658,,,,
1984,Chubut,provincia,12.1,-0.7663333333333338,,,,
1985,Chubut,provincia,13.17,0.30366666666666653,,,,
1986,Chubut,provincia,12.66,-0.20633333333333326,,,,
1987,Chubut,provincia,13.18,0.3136666666666663,,,,
1988,Chubut,provincia,12.78,-0.08633333333333404,,,,
1989,Chubut,provincia,13.55,0.6836666666666673,,,,
1990,Chubut,provincia,13.11,0.24366666666666603,,,,
1991,Chubut,provincia,12.89,0.02366666666666717,,,,
1992,Chubut,provincia,12.1,-0.7663333333333338,,,,
1993,Chubut,provincia,12.91,0.04366666666666674,,,,
1994,Chubut,provincia,13.15,0.28366666666666696,,,,
1995,Chubut,provincia,12.28,-0.586333333333334,,,,
1996,Chubut,provincia,12.88,0.013666666666667382,,,,
1997,Chubut,provincia,12.7,-0.1663333333333341,,,,
1998,Chubut,provincia,13.32,0.4536666666666669,,,,
1999,Chubut,provincia,13.0,0.1336666666666666,,,,
2000,Chubut,provincia,12.29,-0.5763333333333343,,,,
2001,Chubut,provincia,12.71,-0.15633333333333255,,,,
2002,Chubut,provincia,12.3,-0.5663333333333327,,,,
2003,Chubut,provincia,12.84,-0.026333333333333542,,,,
2004,Chubut,provincia,13.45,0.5836666666666659,,,9546.840944226207,False
2005,Chubut,provincia,12.7,-0.1663333333333341,,,9965.913162858922,False
2006,Chubut,provincia,12.99,0.12366666666666681,,,10999.771078496582,False
2007,Chubut,provincia,12.38,-0.4863333333333326,,,11203.803748440941,False
2008,Chubut,provincia,13.28,0.41366666666666596,,,11326.755684149422,False
2009,Chubut,provincia,13.2,0.3336666666666659,,,10719.481416880755,False
2010,Chubut,provincia,12.74,-0.1263333333333332,157.0,10.6056934527965,11458.768602323511,False
2011,Chubut,provincia,13.18,0.3136666666666663,143.0,11.3225026205015,11917.564547769187,False
2012,Chubut,provincia,12.93,0.06366666666666632,164.0,10.7800790772535,11490.864972529298,False
2013,Chubut,provincia,12.87,0.0036666666666658188,278.0,10.8733408099381,11845.076630322816,False
2014,Chubut,provincia,12.83,-0.03633333333333333,260.0,20.1357898565395,12152.82607243248,False
2015,Chubut,provincia,13.04,0.17366666666666575,147.0,20.8700909949353,12251.615443188415,False
2016,Chubut,provincia,12.96,0.09366666666666745,248.0,20.6077251857085,11777.009342325913,False
2017,Chubut,provincia,13.1,0.23366666666666625,289.0,19.9730853510179,12100.409690285169,False
2018,Chubut,provincia,13.18,0.3136666666666663,126.0,9.95681086712292,12044.510981881389,False
2019,Chubut,provincia,12.89,0.02366666666666717,194.0,11.4800158188581,12183.356594889361,False
2020,Chubut,provincia,12.9,0.033666666666666956,130.0,10.25428390978,10929.786902813854,False
2021,Chubut,provincia,13.4,0.533666666666667,236.0,19.7930265169873,11358.586046406142,False
2022,Chubut,provincia,12.62,-0.24633333333333418,282.0,9.93991975796417,11501.75619653268,False
2023,Chubut,provincia,12.93,0.06366666666666632,99.0,,11255.774276489497,True
2024,Chubut,provincia,12.71,-0.15633333333333255,230.0,,11000.363878768272,True
2025,Chubut,provincia,13.23,0.363666666666667,,,,
1981,Corrientes,provincia,21.46,-0.21599999999999753,,,,
1982,Corrientes,provincia,21.97,0.2940000000000005,,,,
1983,Corrientes,provincia,20.76,-0.9159999999999968,,,,
1984,Corrientes,provincia,21.14,-0.5359999999999978,,,,
1985,Corrientes,provincia,22.2,0.5240000000000009,,,,
1986,Corrientes,provincia,22.07,0.3940000000000019,,,,
1987,Corrientes,provincia,20.76,-0.9159999999999968,,,,
1988,Corrientes,provincia,21.54,-0.13599999999999923,,,,
1989,Corrientes,provincia,21.37,-0.3059999999999974,,,,
1990,Corrientes,provincia,20.95,-0.7259999999999991,,,,
1991,Corrientes,provincia,22.0,0.3240000000000016,,,,
1992,Corrientes,provincia,20.67,-1.0059999999999967,,,,
1993,Corrientes,provincia,21.34,-0.3359999999999985,,,,
1994,Corrientes,provincia,21.84,0.16400000000000148,,,,
1995,Corrientes,provincia,22.18,0.5040000000000013,,,,
1996,Corrientes,provincia,21.19,-0.4859999999999971,,,,
1997,Corrientes,provincia,22.72,1.0440000000000005,,,,
1998,Corrientes,provincia,20.71,-0.9659999999999975,,,,
1999,Corrientes,provincia,21.84,0.16400000000000148,,,,
2000,Corrientes,provincia,21.16,-0.5159999999999982,,,,
2001,Corrientes,provincia,22.1,0.42400000000000304,,,,
2002,Corrientes,provincia,21.29,-0.38599999999999923,,,,
2003,Corrientes,provincia,21.79,0.11400000000000077,,,,
2004,Corrientes,provincia,21.55,-0.12599999999999767,,,4777.103157693821,False
2005,Corrientes,provincia,21.92,0.24400000000000333,,,5419.832134179635,False
2006,Corrientes,provincia,22.38,0.7040000000000006,,,5703.463900320446,False
2007,Corrientes,provincia,21.32,-0.3559999999999981,,,6085.322433315801,False
2008,Corrientes,provincia,22.29,0.6140000000000008,,,6342.719388541876,False
2009,Corrientes,provincia,22.06,0.38400000000000034,,,6146.157797992931,False
2010,Corrientes,provincia,20.57,-1.105999999999998,1286.0,-0.41684146753287,6496.763868723676,False
2011,Corrientes,provincia,21.69,0.014000000000002899,1270.0,-0.815033093231571,7129.12807891337,False
2012,Corrientes,provincia,22.96,1.2840000000000025,1041.0,3.4788466253175,7167.112387447052,False
2013,Corrientes,provincia,20.96,-0.7159999999999975,1459.0,3.25469176309437,7353.947986551493,False
2014,Corrientes,provincia,21.86,0.18400000000000105,1458.0,3.02706295960521,7382.1606140320755,False
2015,Corrientes,provincia,21.93,0.25400000000000134,1478.0,1.58066763124191,7585.72312320897,False
2016,Corrientes,provincia,20.61,-1.065999999999999,1677.0,0.261713235204333,7432.8506902449035,False
2017,Corrientes,provincia,21.84,0.16400000000000148,1613.0,1.73430651337071,7791.113605031898,False
2018,Corrientes,provincia,21.78,0.10400000000000276,1709.0,0.135223337009622,7884.82674201752,False
2019,Corrientes,provincia,21.16,-0.5159999999999982,1715.0,-1.57960140896069,7604.429120971795,False
2020,Corrientes,provincia,22.57,0.8940000000000019,879.0,-0.492004762428567,6947.5453635091035,False
2021,Corrientes,provincia,22.07,0.3940000000000019,1027.0,2.17820038302773,7580.6236657994,False
2022,Corrientes,provincia,22.18,0.5040000000000013,822.0,2.57900272375532,7697.056281381382,False
2023,Corrientes,provincia,23.18,1.5040000000000013,1221.0,,7850.578862537045,True
2024,Corrientes,provincia,22.06,0.38400000000000034,1756.0,,7438.085809116307,True
2025,Corrientes,provincia,22.05,0.37400000000000233,,,,
1981,Córdoba,provincia,16.85,0.16233333333333633,,,,
1982,Córdoba,provincia,17.21,0.5223333333333358,,,,
1983,Córdoba,provincia,16.37,-0.3176666666666641,,,,
1984,Córdoba,provincia,16.06,-0.6276666666666664,,,,
1985,Córdoba,provincia,17.23,0.5423333333333353,,,,
1986,Córdoba,provincia,17.8,1.1123333333333356,,,,
1987,Córdoba,provincia,16.92,0.2323333333333366,,,,
1988,Córdoba,provincia,16.8,0.11233333333333562,,,,
1989,Córdoba,provincia,17.25,0.5623333333333349,,,,
1990,Córdoba,provincia,16.73,0.04233333333333533,,,,
1991,Córdoba,provincia,16.85,0.16233333333333633,,,,
1992,Córdoba,provincia,15.87,-0.8176666666666659,,,,
1993,Córdoba,provincia,16.53,-0.15766666666666396,,,,
1994,Córdoba,provincia,17.24,0.5523333333333333,,,,
1995,Córdoba,provincia,16.89,0.20233333333333547,,,,
1996,Córdoba,provincia,16.4,-0.2876666666666665,,,,
1997,Córdoba,provincia,17.49,0.8023333333333333,,,,
1998,Córdoba,provincia,16.12,-0.5676666666666641,,,,
1999,Córdoba,provincia,15.77,-0.9176666666666655,,,,
2000,Córdoba,provincia,15.79,-0.897666666666666,,,,
2001,Córdoba,provincia,16.52,-0.16766666666666552,,,,
2002,Córdoba,provincia,16.71,0.02233333333333576,,,,
2003,Córdoba,provincia,17.04,0.35233333333333405,,,,
2004,Córdoba,provincia,16.73,0.04233333333333533,,,32365.857410813114,False
2005,Córdoba,provincia,16.02,-0.6676666666666655,,,37648.155520788496,False
2006,Córdoba,provincia,17.17,0.4823333333333366,,,39985.421064467555,False
2007,Córdoba,provincia,15.96,-0.7276666666666642,,,45319.75497996535,False
2008,Córdoba,provincia,16.91,0.22233333333333505,,,46370.611280916615,False
2009,Córdoba,provincia,17.44,0.7523333333333362,,,42137.318995895934,False
2010,Córdoba,provincia,16.03,-0.657666666666664,793.0,29.2692632078424,47523.281492977934,False
2011,Córdoba,provincia,16.55,-0.13766666666666438,574.0,25.9794048205645,49660.89707397726,False
2012,Córdoba,provincia,17.18,0.4923333333333346,787.0,23.5150797030462,47383.62463873099,False
2013,Córdoba,provincia,16.87,0.1823333333333359,781.0,17.3758108840746,50922.60688500581,False
2014,Córdoba,provincia,16.66,-0.027666666666664952,865.0,23.932182497931,50256.4252599618,False
2015,Córdoba,provincia,16.74,0.05233333333333334,1053.0,23.5891861573043,52252.09352634015,False
2016,Córdoba,provincia,16.19,-0.4976666666666638,988.0,22.082705409739,51437.99550003343,False
2017,Córdoba,provincia,17.37,0.6823333333333359,682.0,23.0178462574669,52518.31448647719,False
2018,Córdoba,provincia,17.37,0.6823333333333359,606.0,27.2827388256082,49072.85101576058,False
2019,Córdoba,provincia,16.75,0.062333333333334906,921.0,22.5552194513628,50229.88011390725,False
2020,Córdoba,provincia,17.47,0.7823333333333338,684.0,31.8997415086808,44697.155085211205,False
2021,Córdoba,provincia,16.91,0.22233333333333505,756.0,25.7493934604641,50123.286198128015,False
2022,Córdoba,provincia,16.93,0.24233333333333462,597.0,26.1261722614463,51702.63276934116,False
2023,Córdoba,provincia,18.09,1.4023333333333348,516.0,,48101.89569042923,True
2024,Córdoba,provincia,17.11,0.42233333333333434,810.0,,50276.79501840831,True
2025,Córdoba,provincia,17.26,0.5723333333333365,,,,
1981,Entre Ríos,provincia,19.33,0.11299999999999955,,,,
1982,Entre Ríos,provincia,19.93,0.713000000000001,,,,
1983,Entre Ríos,provincia,18.85,-0.36699999999999733,,,,
1984,Entre Ríos,provincia,18.51,-0.7069999999999972,,,,
1985,Entre Ríos,provincia,19.8,0.583000000000002,,,,
1986,Entre Ríos,provincia,19.86,0.6430000000000007,,,,
1987,Entre Ríos,provincia,19.35,0.13300000000000267,,,,
1988,Entre Ríos,provincia,19.2,-0.01699999999999946,,,,
1989,Entre Ríos,provincia,20.27,1.0530000000000008,,,,
1990,Entre Ríos,provincia,19.28,0.06300000000000239,,,,
1991,Entre Ríos,provincia,19.75,0.5330000000000013,,,,
1992,Entre Ríos,provincia,18.86,-0.3569999999999993,,,,
1993,Entre Ríos,provincia,18.99,-0.2270000000000003,,,,
1994,Entre Ríos,provincia,19.94,0.7230000000000025,,,,
1995,Entre Ríos,provincia,19.35,0.13300000000000267,,,,
1996,Entre Ríos,provincia,19.26,0.043000000000002814,,,,
1997,Entre Ríos,provincia,20.36,1.1430000000000007,,,,
1998,Entre Ríos,provincia,18.85,-0.36699999999999733,,,,
1999,Entre Ríos,provincia,19.32,0.10300000000000153,,,,
2000,Entre Ríos,provincia,18.36,-0.8569999999999993,,,,
2001,Entre Ríos,provincia,19.3,0.08300000000000196,,,,
2002,Entre Ríos,provincia,19.07,-0.14699999999999847,,,,
2003,Entre Ríos,provincia,18.66,-0.5569999999999986,,,,
2004,Entre Ríos,provincia,19.59,0.3730000000000011,,,10433.913892555716,False
2005,Entre Ríos,provincia,18.76,-0.4569999999999972,,,11704.259827443106,False
2006,Entre Ríos,provincia,19.87,0.6530000000000022,,,12458.141764772166,False
2007,Entre Ríos,provincia,17.92,-1.296999999999997,,,13767.910105556337,False
2008,Entre Ríos,provincia,20.08,0.8629999999999995,,,14105.849672978104,False
2009,Entre Ríos,provincia,19.45,0.23300000000000054,,,13016.476178825575,False
2010,Entre Ríos,provincia,18.39,-0.8269999999999982,1222.0,15.0172354827,14954.00838510851,False
2011,Entre Ríos,provincia,18.85,-0.36699999999999733,1038.0,14.7432143528728,15653.316549820927,False
2012,Entre Ríos,provincia,19.31,0.09299999999999997,1324.0,14.7174334549188,15594.778391664344,False
2013,Entre Ríos,provincia,19.15,-0.06700000000000017,1001.0,14.9488674356319,16112.887389498033,False
2014,Entre Ríos,provincia,19.16,-0.05699999999999861,1311.0,13.7136632721557,15885.138940041172,False
2015,Entre Ríos,provincia,19.59,0.3730000000000011,1160.0,12.4778318909295,16447.984584973347,False
2016,Entre Ríos,provincia,18.62,-0.5969999999999978,1346.0,11.0500259497783,15682.531774171624,False
2017,Entre Ríos,provincia,19.5,0.28300000000000125,1171.0,11.109244618581,16467.48357522382,False
2018,Entre Ríos,provincia,19.71,0.4930000000000021,1060.0,10.7203077756934,15820.865060167771,False
2019,Entre Ríos,provincia,18.99,-0.2270000000000003,1279.0,10.6482698791599,16066.89715236685,False
2020,Entre Ríos,provincia,19.5,0.28300000000000125,799.0,13.134173760547,14987.102614707153,False
2021,Entre Ríos,provincia,19.56,0.34299999999999997,1068.0,14.3078993840276,15986.06468875553,False
2022,Entre Ríos,provincia,19.36,0.14300000000000068,822.0,12.8657308678428,16833.72398755037,False
2023,Entre Ríos,provincia,20.9,1.6829999999999998,936.0,,16142.897033628187,True
2024,Entre Ríos,provincia,19.78,0.5630000000000024,966.0,,16212.166683978494,True
2025,Entre Ríos,provincia,19.94,0.7230000000000025,,,,
1981,Formosa,provincia,22.39,-0.31666666666666643,,,,
1982,Formosa,provincia,23.33,0.6233333333333313,,,,
1983,Formosa,provincia,22.17,-0.5366666666666653,,,,
1984,Formosa,provincia,23.33,0.6233333333333313,,,,
1985,Formosa,provincia,23.71,1.0033333333333339,,,,
1986,Formosa,provincia,23.66,0.9533333333333331,,,,
1987,Formosa,provincia,22.21,-0.49666666666666615,,,,
1988,Formosa,provincia,22.65,-0.05666666666666842,,,,
1989,Formosa,provincia,22.16,-0.5466666666666669,,,,
1990,Formosa,provincia,22.41,-0.29666666666666686,,,,
1991,Formosa,provincia,23.21,0.5033333333333339,,,,
1992,Formosa,provincia,21.51,-1.1966666666666654,,,,
1993,Formosa,provincia,22.9,0.19333333333333158,,,,
1994,Formosa,provincia,23.06,0.3533333333333317,,,,
1995,Formosa,provincia,23.39,0.6833333333333336,,,,
1996,Formosa,provincia,22.06,-0.6466666666666683,,,,
1997,Formosa,provincia,23.83,1.1233333333333313,,,,
1998,Formosa,provincia,21.76,-0.9466666666666654,,,,
1999,Formosa,provincia,22.64,-0.06666666666666643,,,,
2000,Formosa,provincia,22.45,-0.2566666666666677,,,,
2001,Formosa,provincia,23.14,0.43333333333333357,,,,
2002,Formosa,provincia,22.93,0.22333333333333272,,,,
2003,Formosa,provincia,22.84,0.13333333333333286,,,,
2004,Formosa,provincia,22.45,-0.2566666666666677,,,2263.4084682685507,False
2005,Formosa,provincia,22.76,0.053333333333334565,,,2557.5067338857157,False
2006,Formosa,provincia,23.34,0.6333333333333329,,,2734.846049350176,False
2007,Formosa,provincia,22.18,-0.5266666666666673,,,2961.4454999743602,False
2008,Formosa,provincia,22.85,0.14333333333333442,,,2948.366633568504,False
2009,Formosa,provincia,22.78,0.07333333333333414,,,2946.3809133516593,False
2010,Formosa,provincia,21.56,-1.1466666666666683,1303.0,17.0776434629703,3100.304626819277,False
2011,Formosa,provincia,22.44,-0.2666666666666657,1248.0,10.7457772197184,3372.5592326134715,False
2012,Formosa,provincia,23.52,0.8133333333333326,1205.0,16.0706063172157,3375.438269871582,False
2013,Formosa,provincia,22.24,-0.46666666666666856,1349.0,16.0567278924392,3460.1020785069295,False
2014,Formosa,provincia,22.6,-0.10666666666666558,1621.0,10.3505115674176,3418.323951755052,False
2015,Formosa,provincia,22.96,0.25333333333333385,1864.0,9.14182427382286,3621.6033192418,False
2016,Formosa,provincia,21.82,-0.8866666666666667,1447.0,10.9231789872748,3607.7142746786067,False
2017,Formosa,provincia,23.06,0.3533333333333317,1379.0,9.77495758665531,3700.0834987469166,False
2018,Formosa,provincia,22.48,-0.22666666666666657,1500.0,10.3646663577899,3680.882784255223,False
2019,Formosa,provincia,22.8,0.09333333333333371,1351.0,9.64485407573005,3469.3401976060713,False
2020,Formosa,provincia,23.64,0.9333333333333336,1102.0,15.000577094524,3243.850716685512,False
2021,Formosa,provincia,22.82,0.11333333333333329,1311.0,12.4865490583206,3601.511845020573,False
2022,Formosa,provincia,22.79,0.08333333333333215,1086.0,10.2753137834302,3605.803119916634,False
2023,Formosa,provincia,24.47,1.7633333333333319,1506.0,,3517.555869714982,True
2024,Formosa,provincia,23.28,0.5733333333333341,1258.0,,3063.5434293604717,True
2025,Formosa,provincia,23.24,0.5333333333333314,,,,
1981,Jujuy,provincia,19.4,-0.3886666666666656,,,,
1982,Jujuy,provincia,19.84,0.05133333333333567,,,,
1983,Jujuy,provincia,19.59,-0.19866666666666433,,,,
1984,Jujuy,provincia,19.53,-0.25866666666666305,,,,
1985,Jujuy,provincia,20.2,0.4113333333333351,,,,
1986,Jujuy,provincia,20.74,0.9513333333333343,,,,
1987,Jujuy,provincia,19.66,-0.12866666666666404,,,,
1988,Jujuy,provincia,19.28,-0.508666666666663,,,,
1989,Jujuy,provincia,19.77,-0.01866666666666461,,,,
1990,Jujuy,provincia,19.69,-0.0986666666666629,,,,
1991,Jujuy,provincia,19.77,-0.01866666666666461,,,,
1992,Jujuy,provincia,19.26,-0.5286666666666626,,,,
1993,Jujuy,provincia,19.45,-0.3386666666666649,,,,
1994,Jujuy,provincia,20.44,0.6513333333333371,,,,
1995,Jujuy,provincia,19.9,0.1113333333333344,,,,
1996,Jujuy,provincia,19.54,-0.24866666666666504,,,,
1997,Jujuy,provincia,20.78,0.991333333333337,,,,
1998,Jujuy,provincia,19.81,0.021333333333334537,,,,
1999,Jujuy,provincia,18.94,-0.8486666666666629,,,,
2000,Jujuy,provincia,18.99,-0.7986666666666657,,,,
2001,Jujuy,provincia,19.93,0.14133333333333553,,,,
2002,Jujuy,provincia,20.23,0.44133333333333624,,,,
2003,Jujuy,provincia,19.86,0.07133333333333525,,,,
2004,Jujuy,provincia,19.53,-0.25866666666666305,,,3654.7864904487606,False
2005,Jujuy,provincia,19.97,0.18133333333333468,,,3855.4124577396296,False
2006,Jujuy,provincia,20.35,0.5613333333333372,,,4096.550150536816,False
2007,Jujuy,provincia,19.0,-0.7886666666666642,,,4430.736790754397,False
2008,Jujuy,provincia,19.1,-0.6886666666666628,,,4639.601079863431,False
2009,Jujuy,provincia,19.93,0.14133333333333553,,,4582.224554277871,False
2010,Jujuy,provincia,19.23,-0.5586666666666638,579.0,3.37302329694941,5060.902525108878,False
2011,Jujuy,provincia,19.42,-0.3686666666666625,573.0,3.0438220473414,5317.735136918633,False
2012,Jujuy,provincia,20.27,0.4813333333333354,603.0,2.90183999209422,5446.2816960193895,False
2013,Jujuy,provincia,20.14,0.3513333333333364,486.0,3.28436810654225,5467.744686933372,False
2014,Jujuy,provincia,20.15,0.3613333333333344,731.0,2.07754012486844,5513.580542780318,False
2015,Jujuy,provincia,20.17,0.3813333333333375,725.0,2.03473673415916,5771.744856525733,False
2016,Jujuy,provincia,19.31,-0.47866666666666546,817.0,1.60242075866129,5561.802770859292,False
2017,Jujuy,provincia,20.4,0.6113333333333344,623.0,2.0864006743075,5729.807658597462,False
2018,Jujuy,provincia,19.52,-0.2686666666666646,867.0,2.0027503553681,5667.701731514497,False
2019,Jujuy,provincia,19.9,0.1113333333333344,640.0,2.67346328922319,5744.505681767606,False
2020,Jujuy,provincia,20.37,0.5813333333333368,719.0,12.7976106003111,5238.660860714085,False
2021,Jujuy,provincia,19.6,-0.18866666666666276,732.0,2.70693136394911,6008.22776971689,False
2022,Jujuy,provincia,19.49,-0.29866666666666575,693.0,2.03312633966914,6528.855601065838,False
2023,Jujuy,provincia,21.61,1.8213333333333352,592.0,,6712.399711101378,True
2024,Jujuy,provincia,20.8,1.0113333333333365,820.0,,6073.519669391252,True
2025,Jujuy,provincia,20.07,0.2813333333333361,,,,
1981,La Pampa,provincia,15.98,0.3683333333333323,,,,
1982,La Pampa,provincia,15.82,0.20833333333333215,,,,
1983,La Pampa,provincia,15.45,-0.16166666666666885,,,,
1984,La Pampa,provincia,14.57,-1.0416666666666679,,,,
1985,La Pampa,provincia,15.37,-0.24166666666666892,,,,
1986,La Pampa,provincia,15.46,-0.15166666666666728,,,,
1987,La Pampa,provincia,15.51,-0.10166666666666835,,,,
1988,La Pampa,provincia,15.5,-0.11166666666666814,,,,
1989,La Pampa,provincia,16.12,0.5083333333333329,,,,
1990,La Pampa,provincia,15.73,0.11833333333333229,,,,
1991,La Pampa,provincia,15.46,-0.15166666666666728,,,,
1992,La Pampa,provincia,14.69,-0.9216666666666686,,,,
1993,La Pampa,provincia,15.16,-0.451666666666668,,,,
1994,La Pampa,provincia,16.13,0.5183333333333309,,,,
1995,La Pampa,provincia,15.85,0.2383333333333315,,,,
1996,La Pampa,provincia,15.24,-0.3716666666666679,,,,
1997,La Pampa,provincia,15.73,0.11833333333333229,,,,
1998,La Pampa,provincia,15.62,0.008333333333331083,,,,
1999,La Pampa,provincia,14.6,-1.0116666666666685,,,,
2000,La Pampa,provincia,14.63,-0.9816666666666674,,,,
2001,La Pampa,provincia,15.26,-0.35166666666666835,,,,
2002,La Pampa,provincia,15.38,-0.23166666666666735,,,,
2003,La Pampa,provincia,16.47,0.8583333333333307,,,,
2004,La Pampa,provincia,15.97,0.3583333333333325,,,3826.128184994525,False
2005,La Pampa,provincia,15.69,0.07833333333333137,,,4607.640394966203,False
2006,La Pampa,provincia,16.19,0.5783333333333331,,,4616.580119575321,False
2007,La Pampa,provincia,14.75,-0.8616666666666681,,,5171.145994158461,False
2008,La Pampa,provincia,16.5,0.8883333333333319,,,5579.9730548436255,False
2009,La Pampa,provincia,16.65,1.0383333333333304,,,5166.17420774492,False
2010,La Pampa,provincia,15.51,-0.10166666666666835,726.0,6.41993994126491,5516.951758582151,False
2011,La Pampa,provincia,15.7,0.08833333333333115,657.0,3.79839954040941,5899.7452824501615,False
2012,La Pampa,provincia,15.19,-0.42166666666666863,904.0,4.61978967025031,5904.047691236081,False
2013,La Pampa,provincia,16.27,0.6583333333333314,529.0,5.50976582677636,5959.897276703967,False
2014,La Pampa,provincia,15.35,-0.2616666666666685,943.0,11.0383017303174,5680.71985629953,False
2015,La Pampa,provincia,15.85,0.2383333333333315,752.0,7.0060101918042,5989.238107158971,False
2016,La Pampa,provincia,14.85,-0.7616666666666685,994.0,5.54011263057353,6197.514048229145,False
2017,La Pampa,provincia,15.58,-0.031666666666668064,1148.0,12.4364412320579,6017.231881698818,False
2018,La Pampa,provincia,16.48,0.8683333333333323,510.0,16.4881135847103,5917.22957811344,False
2019,La Pampa,provincia,16.18,0.5683333333333316,432.0,7.35870230453617,6057.460367764089,False
2020,La Pampa,provincia,15.42,-0.1916666666666682,635.0,6.66476366711972,5441.994118819732,False
2021,La Pampa,provincia,15.45,-0.16166666666666885,1002.0,6.09064249818393,5878.04923327926,False
2022,La Pampa,provincia,15.58,-0.031666666666668064,558.0,8.98954819162982,6448.564536034809,False
2023,La Pampa,provincia,16.53,0.918333333333333,728.0,,6125.781575533413,True
2024,La Pampa,provincia,15.93,0.3183333333333316,697.0,,6148.65752108598,True
2025,La Pampa,provincia,16.4,0.7883333333333304,,,,
1981,La Rioja,provincia,20.24,0.41066666666666407,,,,
1982,La Rioja,provincia,20.41,0.5806666666666658,,,,
1983,La Rioja,provincia,19.96,0.1306666666666665,,,,
1984,La Rioja,provincia,19.61,-0.21933333333333493,,,,
1985,La Rioja,provincia,20.63,0.8006666666666646,,,,
1986,La Rioja,provincia,21.12,1.2906666666666666,,,,
1987,La Rioja,provincia,20.44,0.6106666666666669,,,,
1988,La Rioja,provincia,19.93,0.10066666666666535,,,,
1989,La Rioja,provincia,20.7,0.8706666666666649,,,,
1990,La Rioja,provincia,19.92,0.09066666666666734,,,,
1991,La Rioja,provincia,20.26,0.4306666666666672,,,,
1992,La Rioja,provincia,18.9,-0.9293333333333358,,,,
1993,La Rioja,provincia,19.8,-0.029333333333333655,,,,
1994,La Rioja,provincia,20.71,0.8806666666666665,,,,
1995,La Rioja,provincia,20.56,0.7306666666666644,,,,
1996,La Rioja,provincia,19.81,-0.019333333333335645,,,,
1997,La Rioja,provincia,21.06,1.2306666666666644,,,,
1998,La Rioja,provincia,19.57,-0.2593333333333341,,,,
1999,La Rioja,provincia,18.95,-0.8793333333333351,,,,
2000,La Rioja,provincia,18.69,-1.139333333333333,,,,
2001,La Rioja,provincia,19.75,-0.07933333333333437,,,,
2002,La Rioja,provincia,19.68,-0.14933333333333465,,,,
2003,La Rioja,provincia,20.26,0.4306666666666672,,,,
2004,La Rioja,provincia,20.22,0.3906666666666645,,,2520.3505146233074,False
2005,La Rioja,provincia,19.51,-0.3193333333333328,,,2718.6692214556583,False
2006,La Rioja,provincia,20.65,0.8206666666666642,,,2851.7139365851463,False
2007,La Rioja,provincia,19.19,-0.6393333333333331,,,3128.877358604225,False
2008,La Rioja,provincia,19.31,-0.5193333333333356,,,3083.524513554361,False
2009,La Rioja,provincia,20.26,0.4306666666666672,,,2972.180221085298,False
2010,La Rioja,provincia,18.96,-0.8693333333333335,391.0,1.95575955955038,3282.8738459625843,False
2011,La Rioja,provincia,19.27,-0.5593333333333348,432.0,1.97678884280611,3460.6633689226383,False
2012,La Rioja,provincia,20.46,0.6306666666666665,237.0,3.29801797241537,3333.5046082027775,False
2013,La Rioja,provincia,20.16,0.3306666666666658,194.0,2.62575804129648,3489.5395247334413,False
2014,La Rioja,provincia,19.9,0.07066666666666421,451.0,2.14107291508823,3366.1925939243497,False
2015,La Rioja,provincia,20.06,0.23066666666666436,542.0,2.73345641833798,3440.84489543921,False
2016,La Rioja,provincia,19.2,-0.6293333333333351,539.0,2.90226516450501,3390.7322745393044,False
2017,La Rioja,provincia,20.07,0.24066666666666592,424.0,1.46926402327318,3500.4297548849117,False
2018,La Rioja,provincia,19.94,0.11066666666666691,390.0,1.29627413683467,3375.698059510103,False
2019,La Rioja,provincia,19.45,-0.3793333333333351,522.0,1.24272177385525,3291.6598094594306,False
2020,La Rioja,provincia,20.27,0.4406666666666652,330.0,1.2358123494409,2908.454225577855,False
2021,La Rioja,provincia,19.64,-0.1893333333333338,442.0,1.90952746744202,3214.7336262108192,False
2022,La Rioja,provincia,19.44,-0.3893333333333331,548.0,2.89109599781364,3480.5758953062214,False
2023,La Rioja,provincia,21.21,1.3806666666666665,370.0,,3462.9670408966936,True
2024,La Rioja,provincia,20.6,0.770666666666667,366.0,,3218.3445988488265,True
2025,La Rioja,provincia,20.49,0.6606666666666641,,,,
1981,Mendoza,provincia,17.05,0.18466666666666853,,,,
1982,Mendoza,provincia,17.1,0.23466666666666924,,,,
1983,Mendoza,provincia,16.71,-0.15533333333333132,,,,
1984,Mendoza,provincia,16.24,-0.6253333333333337,,,,
1985,Mendoza,provincia,17.53,0.664666666666669,,,,
1986,Mendoza,provincia,17.99,1.1246666666666663,,,,
1987,Mendoza,provincia,17.2,0.3346666666666671,,,,
1988,Mendoza,provincia,17.12,0.2546666666666688,,,,
1989,Mendoza,provincia,17.67,0.8046666666666695,,,,
1990,Mendoza,provincia,16.97,0.10466666666666669,,,,
1991,Mendoza,provincia,17.21,0.3446666666666687,,,,
1992,Mendoza,provincia,16.41,-0.45533333333333204,,,,
1993,Mendoza,provincia,16.59,-0.2753333333333323,,,,
1994,Mendoza,provincia,17.53,0.664666666666669,,,,
1995,Mendoza,provincia,17.29,0.42466666666666697,,,,
1996,Mendoza,provincia,16.75,-0.11533333333333218,,,,
1997,Mendoza,provincia,17.44,0.5746666666666691,,,,
1998,Mendoza,provincia,16.64,-0.2253333333333316,,,,
1999,Mendoza,provincia,16.18,-0.6853333333333325,,,,
2000,Mendoza,provincia,15.97,-0.8953333333333315,,,,
2001,Mendoza,provincia,16.58,-0.2853333333333339,,,,
2002,Mendoza,provincia,16.89,0.02466666666666839,,,,
2003,Mendoza,provincia,17.56,0.6946666666666665,,,,
2004,Mendoza,provincia,16.87,0.004666666666668817,,,16294.445001773262,False
2005,Mendoza,provincia,16.36,-0.5053333333333327,,,16880.824503402746,False
2006,Mendoza,provincia,17.47,0.6046666666666667,,,18538.146724464867,False
2007,Mendoza,provincia,15.86,-1.0053333333333327,,,19725.611377206435,False
2008,Mendoza,provincia,16.91,0.044666666666667965,,,20460.11448189046,False
2009,Mendoza,provincia,17.57,0.7046666666666681,,,19279.82953066335,False
2010,Mendoza,provincia,16.7,-0.1653333333333329,151.0,9.73470339750178,20145.17294505129,False
2011,Mendoza,provincia,16.5,-0.3653333333333322,283.0,9.70750490202928,21286.625291997538,False
2012,Mendoza,provincia,17.27,0.4046666666666674,156.0,9.77186672837231,21445.53840800319,False
2013,Mendoza,provincia,17.09,0.22466666666666768,173.0,10.2585898803693,21583.071611350122,False
2014,Mendoza,provincia,16.81,-0.055333333333333456,281.0,10.0048766843657,21037.52200431936,False
2015,Mendoza,provincia,16.97,0.10466666666666669,208.0,10.5960130295369,21786.253841590482,False
2016,Mendoza,provincia,16.21,-0.6553333333333313,412.0,10.2533236147043,20738.70823267396,False
2017,Mendoza,provincia,16.96,0.09466666666666868,248.0,10.5431190840536,20987.501030313364,False
2018,Mendoza,provincia,16.84,-0.02533333333333232,174.0,9.59399757631516,20986.92801970867,False
2019,Mendoza,provincia,17.15,0.2846666666666664,160.0,9.43899438998967,20689.43769646239,False
2020,Mendoza,provincia,17.38,0.5146666666666668,246.0,8.10542967489734,18038.465493179363,False
2021,Mendoza,provincia,16.96,0.09466666666666868,265.0,8.92594838630367,19098.095755221177,False
2022,Mendoza,provincia,16.91,0.044666666666667965,207.0,9.21441556081345,19870.1112119676,False
2023,Mendoza,provincia,18.49,1.6246666666666663,92.0,,19751.352152088548,True
2024,Mendoza,provincia,17.74,0.8746666666666663,194.0,,19570.14305174524,True
2025,Mendoza,provincia,17.7,0.8346666666666671,,,,
1981,Misiones,provincia,21.1,0.18133333333333823,,,,
1982,Misiones,provincia,21.09,0.17133333333333667,,,,
1983,Misiones,provincia,19.67,-1.2486666666666615,,,,
1984,Misiones,provincia,20.45,-0.4686666666666639,,,,
1985,Misiones,provincia,21.04,0.12133333333333596,,,,
1986,Misiones,provincia,21.17,0.2513333333333385,,,,
1987,Misiones,provincia,19.79,-1.128666666666664,,,,
1988,Misiones,provincia,20.56,-0.35866666666666447,,,,
1989,Misiones,provincia,20.24,-0.6786666666666648,,,,
1990,Misiones,provincia,20.37,-0.5486666666666622,,,,
1991,Misiones,provincia,21.55,0.6313333333333375,,,,
1992,Misiones,provincia,19.94,-0.9786666666666619,,,,
1993,Misiones,provincia,20.34,-0.5786666666666633,,,,
1994,Misiones,provincia,20.92,0.0013333333333385156,,,,
1995,Misiones,provincia,21.71,0.7913333333333377,,,,
1996,Misiones,provincia,20.64,-0.2786666666666626,,,,
1997,Misiones,provincia,21.27,0.3513333333333364,,,,
1998,Misiones,provincia,20.19,-0.7286666666666619,,,,
1999,Misiones,provincia,20.74,-0.17866666666666475,,,,
2000,Misiones,provincia,20.52,-0.3986666666666636,,,,
2001,Misiones,provincia,20.89,-0.02866666666666262,,,,
2002,Misiones,provincia,21.13,0.21133333333333582,,,,
2003,Misiones,provincia,20.36,-0.5586666666666638,,,,
2004,Misiones,provincia,21.11,0.19133333333333624,,,5385.670902209469,False
2005,Misiones,provincia,21.22,0.3013333333333357,,,5745.407290248909,False
2006,Misiones,provincia,21.68,0.7613333333333365,,,6069.920730073431,False
2007,Misiones,provincia,20.38,-0.5386666666666642,,,6355.842168543137,False
2008,Misiones,provincia,20.81,-0.10866666666666447,,,6302.007198376822,False
2009,Misiones,provincia,20.96,0.04133333333333766,,,5984.9134550720455,False
2010,Misiones,provincia,19.97,-0.9486666666666643,1693.0,-0.511710636440165,6468.690863554532,False
2011,Misiones,provincia,21.08,0.1613333333333351,1456.0,-0.16633282561008,6890.465907207835,False
2012,Misiones,provincia,22.29,1.371333333333336,1649.0,-2.26755300441064,6971.963933073058,False
2013,Misiones,provincia,20.61,-0.30866666666666376,1674.0,-1.81745707752591,7275.60287575051,False
2014,Misiones,provincia,21.22,0.3013333333333357,2999.0,-6.18898648262331,7340.602956224029,False
2015,Misiones,provincia,20.87,-0.048666666666662195,2389.0,-4.70023885794158,7555.406211776996,False
2016,Misiones,provincia,20.21,-0.7086666666666623,1748.0,-2.81671826758555,7372.985553595275,False
2017,Misiones,provincia,20.99,0.07133333333333525,2493.0,-1.95092367227268,7552.488313134426,False
2018,Misiones,provincia,21.32,0.4013333333333371,1832.0,-2.02520322042135,7440.846024725171,False
2019,Misiones,provincia,21.21,0.29133333333333766,2115.0,0.102468634928611,7277.645729364754,False
2020,Misiones,provincia,21.43,0.5113333333333365,1305.0,0.203629677284966,6961.487939208579,False
2021,Misiones,provincia,21.34,0.42133333333333667,1390.0,-1.17216912200867,7816.568398460394,False
2022,Misiones,provincia,20.99,0.07133333333333525,1881.0,0.731887315818637,8042.837077644262,False
2023,Misiones,provincia,22.21,1.2913333333333377,2555.0,,7921.475834919172,True
2024,Misiones,provincia,21.35,0.43133333333333823,2207.0,,7511.030204994835,True
2025,Misiones,provincia,21.42,0.5013333333333385,,,,
1981,Neuquén,provincia,14.45,0.22633333333333283,,,,
1982,Neuquén,provincia,14.3,0.07633333333333425,,,,
1983,Neuquén,provincia,14.61,0.386333333333333,,,,
1984,Neuquén,provincia,13.12,-1.1036666666666672,,,,
1985,Neuquén,provincia,14.83,0.6063333333333336,,,,
1986,Neuquén,provincia,14.25,0.026333333333333542,,,,
1987,Neuquén,provincia,14.83,0.6063333333333336,,,,
1988,Neuquén,provincia,14.2,-0.02366666666666717,,,,
1989,Neuquén,provincia,15.2,0.9763333333333328,,,,
1990,Neuquén,provincia,14.52,0.2963333333333331,,,,
1991,Neuquén,provincia,14.3,0.07633333333333425,,,,
1992,Neuquén,provincia,13.55,-0.6736666666666657,,,,
1993,Neuquén,provincia,14.02,-0.20366666666666688,,,,
1994,Neuquén,provincia,14.31,0.08633333333333404,,,,
1995,Neuquén,provincia,14.32,0.09633333333333383,,,,
1996,Neuquén,provincia,13.71,-0.5136666666666656,,,,
1997,Neuquén,provincia,14.22,-0.0036666666666658188,,,,
1998,Neuquén,provincia,14.91,0.6863333333333337,,,,
1999,Neuquén,provincia,13.76,-0.46366666666666667,,,,
2000,Neuquén,provincia,13.11,-1.113666666666667,,,,
2001,Neuquén,provincia,14.39,0.1663333333333341,,,,
2002,Neuquén,provincia,13.68,-0.5436666666666667,,,,
2003,Neuquén,provincia,14.7,0.47633333333333283,,,,
2004,Neuquén,provincia,14.53,0.3063333333333329,,,13372.499426450642,False
2005,Neuquén,provincia,13.95,-0.27366666666666717,,,13195.889155313078,False
2006,Neuquén,provincia,14.46,0.2363333333333344,,,13628.403859980126,False
2007,Neuquén,provincia,13.84,-0.3836666666666666,,,13949.540312306714,False
2008,Neuquén,provincia,15.27,1.0463333333333331,,,14018.740378224302,False
2009,Neuquén,provincia,14.55,0.32633333333333425,,,13330.074204895616,False
2010,Neuquén,provincia,13.87,-0.35366666666666724,178.0,18.1947873822591,13371.949372475256,False
2011,Neuquén,provincia,14.53,0.3063333333333329,79.0,18.4976761271968,13374.221019897428,False
2012,Neuquén,provincia,14.57,0.3463333333333338,226.0,17.5486359258266,12838.230822682952,False
2013,Neuquén,provincia,15.15,0.9263333333333339,128.0,16.2528363009567,12817.811729117542,False
2014,Neuquén,provincia,13.55,-0.6736666666666657,477.0,16.43111724041,13275.002822234466,False
2015,Neuquén,provincia,14.4,0.1763333333333339,110.0,16.8223847516754,13975.134470269693,False
2016,Neuquén,provincia,13.9,-0.3236666666666661,396.0,18.4048492332297,13721.911144564552,False
2017,Neuquén,provincia,14.69,0.46633333333333304,104.0,18.5675629345026,13632.347899218712,False
2018,Neuquén,provincia,14.16,-0.06366666666666632,286.0,20.3459475353234,14457.80334754926,False
2019,Neuquén,provincia,14.58,0.3563333333333336,112.0,21.5527804017616,15789.967543141353,False
2020,Neuquén,provincia,13.73,-0.49366666666666603,231.0,19.5096609246073,14601.074661285616,False
2021,Neuquén,provincia,14.94,0.716333333333333,159.0,23.1674356805969,17382.769771060393,False
2022,Neuquén,provincia,14.18,-0.04366666666666674,202.0,24.3556871758487,20644.769500030678,False
2023,Neuquén,provincia,14.89,0.6663333333333341,163.0,,23049.446049840182,True
2024,Neuquén,provincia,14.61,0.386333333333333,116.0,,25661.119564164113,True
2025,Neuquén,provincia,15.01,0.7863333333333333,,,,
1981,Río Negro,provincia,14.57,0.2889999999999997,,,,
1982,Río Negro,provincia,14.76,0.4789999999999992,,,,
1983,Río Negro,provincia,14.47,0.18900000000000006,,,,
1984,Río Negro,provincia,13.48,-0.8010000000000002,,,,
1985,Río Negro,provincia,14.5,0.21899999999999942,,,,
1986,Río Negro,provincia,14.23,-0.051000000000000156,,,,
1987,Río Negro,provincia,14.49,0.20899999999999963,,,,
1988,Río Negro,provincia,14.28,-0.0010000000000012221,,,,
1989,Río Negro,provincia,15.24,0.9589999999999996,,,,
1990,Río Negro,provincia,14.62,0.33899999999999864,,,,
1991,Río Negro,provincia,14.71,0.42900000000000027,,,,
1992,Río Negro,provincia,14.08,-0.2010000000000005,,,,
1993,Río Negro,provincia,14.2,-0.0810000000000013,,,,
1994,Río Negro,provincia,14.5,0.21899999999999942,,,,
1995,Río Negro,provincia,13.73,-0.5510000000000002,,,,
1996,Río Negro,provincia,14.0,-0.2810000000000006,,,,
1997,Río Negro,provincia,13.98,-0.30100000000000016,,,,
1998,Río Negro,provincia,14.81,0.5289999999999999,,,,
1999,Río Negro,provincia,14.37,0.08899999999999864,,,,
2000,Río Negro,provincia,13.66,-0.6210000000000004,,,,
2001,Río Negro,provincia,14.21,-0.07099999999999973,,,,
2002,Río Negro,provincia,14.2,-0.0810000000000013,,,,
2003,Río Negro,provincia,14.37,0.08899999999999864,,,,
2004,Río Negro,provincia,14.5,0.21899999999999942,,,5843.68911109249,False
2005,Río Negro,provincia,14.1,-0.18100000000000094,,,6406.376855477959,False
2006,Río Negro,provincia,14.34,0.058999999999999275,,,7018.450347340538,False
2007,Río Negro,provincia,13.67,-0.6110000000000007,,,7357.660076976105,False
2008,Río Negro,provincia,14.84,0.5589999999999993,,,7498.568888700254,False
2009,Río Negro,provincia,14.98,0.6989999999999998,,,7265.080509000966,False
2010,Río Negro,provincia,14.03,-0.2510000000000012,372.0,4.80653323916459,7692.065976336184,False
2011,Río Negro,provincia,14.58,0.2989999999999995,347.0,5.00594281243676,8273.496241162937,False
2012,Río Negro,provincia,14.24,-0.04100000000000037,460.0,5.13257143853033,8428.350503925463,False
2013,Río Negro,provincia,14.28,-0.0010000000000012221,312.0,5.31165775582599,8704.659686288844,False
2014,Río Negro,provincia,13.94,-0.3410000000000011,468.0,5.45451821500738,8528.237966104674,False
2015,Río Negro,provincia,14.24,-0.04100000000000037,411.0,5.58937200071537,8788.932137618654,False
2016,Río Negro,provincia,14.1,-0.18100000000000094,475.0,5.67249339757806,8535.02538846945,False
2017,Río Negro,provincia,14.75,0.4689999999999994,403.0,5.69619520665418,8635.749256561825,False
2018,Río Negro,provincia,14.46,0.17900000000000027,447.0,6.24846298652942,8683.942116688724,False
2019,Río Negro,provincia,14.17,-0.11100000000000065,282.0,6.44378985736424,8544.777447976408,False
2020,Río Negro,provincia,14.39,0.10899999999999999,399.0,6.20610204348291,7745.820825642554,False
2021,Río Negro,provincia,15.05,0.7690000000000001,271.0,14.8070632041068,8243.233016543649,False
2022,Río Negro,provincia,14.05,-0.23099999999999987,369.0,9.87399675081612,8519.552117280595,False
2023,Río Negro,provincia,14.39,0.10899999999999999,249.0,,8514.882525453075,True
2024,Río Negro,provincia,14.01,-0.2710000000000008,337.0,,8460.563327073045,True
2025,Río Negro,provincia,14.34,0.058999999999999275,,,,
1981,Salta,provincia,13.81,-0.06833333333333336,,,,
1982,Salta,provincia,14.18,0.30166666666666586,,,,
1983,Salta,provincia,13.85,-0.02833333333333421,,,,
1984,Salta,provincia,14.01,0.13166666666666593,,,,
1985,Salta,provincia,14.06,0.18166666666666664,,,,
1986,Salta,provincia,14.61,0.7316666666666656,,,,
1987,Salta,provincia,13.94,0.06166666666666565,,,,
1988,Salta,provincia,13.65,-0.2283333333333335,,,,
1989,Salta,provincia,13.88,0.0016666666666669272,,,,
1990,Salta,provincia,13.92,0.041666666666666075,,,,
1991,Salta,provincia,14.31,0.43166666666666664,,,,
1992,Salta,provincia,13.57,-0.30833333333333357,,,,
1993,Salta,provincia,13.71,-0.168333333333333,,,,
1994,Salta,provincia,14.36,0.4816666666666656,,,,
1995,Salta,provincia,13.89,0.011666666666666714,,,,
1996,Salta,provincia,13.43,-0.44833333333333414,,,,
1997,Salta,provincia,14.54,0.6616666666666653,,,,
1998,Salta,provincia,13.7,-0.17833333333333456,,,,
1999,Salta,provincia,13.1,-0.7783333333333342,,,,
2000,Salta,provincia,13.33,-0.5483333333333338,,,,
2001,Salta,provincia,13.8,-0.07833333333333314,,,,
2002,Salta,provincia,14.21,0.331666666666667,,,,
2003,Salta,provincia,14.18,0.30166666666666586,,,,
2004,Salta,provincia,13.72,-0.15833333333333321,,,7264.3663441389845,False
2005,Salta,provincia,13.82,-0.05833333333333357,,,7806.329561458875,False
2006,Salta,provincia,14.44,0.5616666666666656,,,8576.222248848557,False
2007,Salta,provincia,13.47,-0.4083333333333332,,,9208.789241090191,False
2008,Salta,provincia,13.12,-0.7583333333333346,,,9596.607711476445,False
2009,Salta,provincia,13.95,0.07166666666666544,,,9187.2518509414,False
2010,Salta,provincia,13.27,-0.6083333333333343,729.0,20.0316339469002,9918.138965102844,False
2011,Salta,provincia,13.35,-0.5283333333333342,1066.0,20.4217834022235,10461.221803958188,False
2012,Salta,provincia,14.2,0.32166666666666544,702.0,39.4268947541414,9929.634629378415,False
2013,Salta,provincia,13.82,-0.05833333333333357,745.0,39.449130312958,9513.381554070746,False
2014,Salta,provincia,14.17,0.2916666666666661,685.0,24.6286287810394,10031.92370757554,False
2015,Salta,provincia,14.33,0.4516666666666662,753.0,19.7968382841205,10806.704866998043,False
2016,Salta,provincia,13.55,-0.32833333333333314,1040.0,16.2008738743687,10443.627416951098,False
2017,Salta,provincia,14.32,0.44166666666666643,733.0,14.8253328495804,10832.797762984908,False
2018,Salta,provincia,13.96,0.081666666666667,962.0,14.2348968570641,10714.78361341531,False
2019,Salta,provincia,14.27,0.3916666666666657,698.0,12.3496584516951,10851.63870189922,False
2020,Salta,provincia,14.46,0.581666666666667,684.0,28.4471693444913,10042.548678894971,False
2021,Salta,provincia,13.79,-0.08833333333333471,638.0,11.0027774279334,10766.816247820154,False
2022,Salta,provincia,13.44,-0.43833333333333435,640.0,12.9230573493698,11115.293091854894,False
2023,Salta,provincia,15.41,1.5316666666666663,781.0,,11485.28892082846,True
2024,Salta,provincia,14.89,1.0116666666666667,987.0,,11065.990562826968,True
2025,Salta,provincia,14.23,0.35166666666666657,,,,
1981,San Juan,provincia,17.23,0.33200000000000074,,,,
1982,San Juan,provincia,17.44,0.5420000000000016,,,,
1983,San Juan,provincia,16.69,-0.2079999999999984,,,,
1984,San Juan,provincia,16.75,-0.1479999999999997,,,,
1985,San Juan,provincia,17.64,0.7420000000000009,,,,
1986,San Juan,provincia,18.05,1.152000000000001,,,,
1987,San Juan,provincia,16.93,0.03200000000000003,,,,
1988,San Juan,provincia,16.87,-0.027999999999998693,,,,
1989,San Juan,provincia,17.51,0.6120000000000019,,,,
1990,San Juan,provincia,17.07,0.1720000000000006,,,,
1991,San Juan,provincia,17.28,0.38200000000000145,,,,
1992,San Juan,provincia,16.5,-0.3979999999999997,,,,
1993,San Juan,provincia,16.79,-0.10800000000000054,,,,
1994,San Juan,provincia,17.7,0.8019999999999996,,,,
1995,San Juan,provincia,17.33,0.4319999999999986,,,,
1996,San Juan,provincia,16.66,-0.23799999999999955,,,,
1997,San Juan,provincia,17.6,0.7020000000000017,,,,
1998,San Juan,provincia,16.71,-0.18799999999999883,,,,
1999,San Juan,provincia,16.16,-0.7379999999999995,,,,
2000,San Juan,provincia,15.93,-0.968,,,,
2001,San Juan,provincia,16.82,-0.0779999999999994,,,,
2002,San Juan,provincia,16.92,0.022000000000002018,,,,
2003,San Juan,provincia,17.53,0.6320000000000014,,,,
2004,San Juan,provincia,16.89,-0.007999999999999119,,,4791.38168783071,False
2005,San Juan,provincia,16.35,-0.5479999999999983,,,5256.855159910032,False
2006,San Juan,provincia,17.75,0.8520000000000003,,,5879.970971083377,False
2007,San Juan,provincia,15.88,-1.017999999999999,,,6265.337127620007,False
2008,San Juan,provincia,16.45,-0.4480000000000004,,,6697.6754870431305,False
2009,San Juan,provincia,17.35,0.45200000000000173,,,6765.919110486781,False
2010,San Juan,provincia,16.37,-0.5279999999999987,59.0,1.68607217680834,7882.314679278436,False
2011,San Juan,provincia,16.35,-0.5479999999999983,110.0,2.0457946167019,8298.245856706611,False
2012,San Juan,provincia,17.23,0.33200000000000074,49.0,1.96378824639821,8372.924296187242,False
2013,San Juan,provincia,16.96,0.062000000000001165,101.0,1.97205097197581,8581.759295078284,False
2014,San Juan,provincia,16.89,-0.007999999999999119,194.0,1.89463865574352,8172.512306221967,False
2015,San Juan,provincia,17.28,0.38200000000000145,50.0,2.02607650401396,7904.4433687122655,False
2016,San Juan,provincia,16.57,-0.3279999999999994,128.0,1.90131996010217,7529.823500885286,False
2017,San Juan,provincia,17.11,0.21199999999999974,53.0,1.94819054726409,7705.027767105922,False
2018,San Juan,provincia,16.82,-0.0779999999999994,109.0,2.00160387272553,7593.670017113162,False
2019,San Juan,provincia,17.16,0.26200000000000045,66.0,1.95976311016771,7364.097261300927,False
2020,San Juan,provincia,17.6,0.7020000000000017,57.0,1.79484520446017,6621.406266726823,False
2021,San Juan,provincia,17.01,0.11200000000000188,84.0,1.93856814522908,7385.926471901544,False
2022,San Juan,provincia,16.64,-0.2579999999999991,81.0,2.20625583758082,7867.462874402562,False
2023,San Juan,provincia,18.44,1.5420000000000016,73.0,,7770.368742414672,True
2024,San Juan,provincia,17.86,0.9619999999999997,128.0,,7707.687856063136,True
2025,San Juan,provincia,17.39,0.4920000000000009,,,,
1981,San Luis,provincia,16.78,0.21366666666666845,,,,
1982,San Luis,provincia,17.07,0.5036666666666676,,,,
1983,San Luis,provincia,16.5,-0.06633333333333269,,,,
1984,San Luis,provincia,15.83,-0.7363333333333326,,,,
1985,San Luis,provincia,16.88,0.3136666666666663,,,,
1986,San Luis,provincia,17.51,0.9436666666666689,,,,
1987,San Luis,provincia,16.98,0.41366666666666774,,,,
1988,San Luis,provincia,16.88,0.3136666666666663,,,,
1989,San Luis,provincia,17.25,0.6836666666666673,,,,
1990,San Luis,provincia,16.63,0.06366666666666632,,,,
1991,San Luis,provincia,16.42,-0.14633333333333098,,,,
1992,San Luis,provincia,16.18,-0.386333333333333,,,,
1993,San Luis,provincia,16.52,-0.046333333333333115,,,,
1994,San Luis,provincia,17.1,0.5336666666666687,,,,
1995,San Luis,provincia,16.94,0.3736666666666686,,,,
1996,San Luis,provincia,16.62,0.053666666666668306,,,,
1997,San Luis,provincia,17.39,0.8236666666666679,,,,
1998,San Luis,provincia,16.1,-0.46633333333333127,,,,
1999,San Luis,provincia,16.03,-0.5363333333333316,,,,
2000,San Luis,provincia,15.58,-0.9863333333333326,,,,
2001,San Luis,provincia,16.48,-0.08633333333333226,,,,
2002,San Luis,provincia,16.56,-0.006333333333333968,,,,
2003,San Luis,provincia,17.22,0.6536666666666662,,,,
2004,San Luis,provincia,16.67,0.10366666666666902,,,4486.51860352124,False
2005,San Luis,provincia,16.38,-0.18633333333333368,,,4785.114549925445,False
2006,San Luis,provincia,17.24,0.6736666666666657,,,4949.946431781591,False
2007,San Luis,provincia,15.05,-1.516333333333332,,,5284.970663734568,False
2008,San Luis,provincia,16.12,-0.4463333333333317,,,5474.115235259079,False
2009,San Luis,provincia,17.03,0.46366666666666845,,,5194.0035977680145,False
2010,San Luis,provincia,16.13,-0.4363333333333337,655.0,6.88531399611784,5561.412462611791,False
2011,San Luis,provincia,16.25,-0.3163333333333327,674.0,5.56437245466726,5907.646956054552,False
2012,San Luis,provincia,16.81,0.24366666666666603,613.0,5.89230924756673,5823.114665609324,False
2013,San Luis,provincia,16.74,0.17366666666666575,622.0,3.69220970559662,6233.473941982881,False
2014,San Luis,provincia,16.62,0.053666666666668306,834.0,8.50643100176278,6090.02867857402,False
2015,San Luis,provincia,16.32,-0.2463333333333324,993.0,6.20496909279497,6432.568971569378,False
2016,San Luis,provincia,16.0,-0.5663333333333327,641.0,6.00597567190429,6231.761709297075,False
2017,San Luis,provincia,16.53,-0.03633333333333155,756.0,10.3947856250458,6317.333997739297,False
2018,San Luis,provincia,16.98,0.41366666666666774,573.0,10.1827576201233,5969.8311310489635,False
2019,San Luis,provincia,17.15,0.5836666666666659,423.0,9.94945388180881,5822.852628040145,False
2020,San Luis,provincia,17.83,1.2636666666666656,421.0,9.490355267053,5078.408620763219,False
2021,San Luis,provincia,16.71,0.14366666666666816,619.0,7.48173169207861,5975.812584570851,False
2022,San Luis,provincia,17.04,0.47366666666666646,398.0,9.33959929279706,6238.592350487654,False
2023,San Luis,provincia,18.11,1.5436666666666667,403.0,,6113.050087490278,True
2024,San Luis,provincia,17.4,0.8336666666666659,420.0,,5574.489043516816,True
2025,San Luis,provincia,17.41,0.8436666666666675,,,,
1981,Santa Cruz,provincia,6.99,0.27200000000000024,,,,
1982,Santa Cruz,provincia,7.08,0.3620000000000001,,,,
1983,Santa Cruz,provincia,7.35,0.6319999999999997,,,,
1984,Santa Cruz,provincia,6.46,-0.258,,,,
1985,Santa Cruz,provincia,7.52,0.8019999999999996,,,,
1986,Santa Cruz,provincia,6.75,0.03200000000000003,,,,
1987,Santa Cruz,provincia,7.46,0.742,,,,
1988,Santa Cruz,provincia,7.25,0.532,,,,
1989,Santa Cruz,provincia,7.42,0.702,,,,
1990,Santa Cruz,provincia,6.81,0.09199999999999964,,,,
1991,Santa Cruz,provincia,6.15,-0.5679999999999996,,,,
1992,Santa Cruz,provincia,6.18,-0.5380000000000003,,,,
1993,Santa Cruz,provincia,6.76,0.041999999999999815,,,,
1994,Santa Cruz,provincia,6.45,-0.2679999999999998,,,,
1995,Santa Cruz,provincia,6.55,-0.16800000000000015,,,,
1996,Santa Cruz,provincia,6.68,-0.038000000000000256,,,,
1997,Santa Cruz,provincia,6.18,-0.5380000000000003,,,,
1998,Santa Cruz,provincia,7.43,0.7119999999999997,,,,
1999,Santa Cruz,provincia,6.97,0.2519999999999998,,,,
2000,Santa Cruz,provincia,6.05,-0.6680000000000001,,,,
2001,Santa Cruz,provincia,6.25,-0.46799999999999997,,,,
2002,Santa Cruz,provincia,5.81,-0.9080000000000004,,,,
2003,Santa Cruz,provincia,6.76,0.041999999999999815,,,,
2004,Santa Cruz,provincia,7.52,0.8019999999999996,,,7427.584790299608,False
2005,Santa Cruz,provincia,6.58,-0.1379999999999999,,,7585.025494084978,False
2006,Santa Cruz,provincia,6.98,0.26200000000000045,,,8247.073540300984,False
2007,Santa Cruz,provincia,6.73,0.012000000000000455,,,8251.301129296648,False
2008,Santa Cruz,provincia,7.26,0.5419999999999998,,,8255.085305455861,False
2009,Santa Cruz,provincia,6.6,-0.11800000000000033,,,8437.505678054747,False
2010,Santa Cruz,provincia,6.45,-0.2679999999999998,195.0,8.24022694312444,8624.743771582334,False
2011,Santa Cruz,provincia,7.13,0.4119999999999999,285.0,7.80701258429272,8600.132145826134,False
2012,Santa Cruz,provincia,6.8,0.08199999999999985,304.0,8.23441854443716,9212.686501727392,False
2013,Santa Cruz,provincia,7.24,0.5220000000000002,271.0,8.18008910413002,9310.183369911552,False
2014,Santa Cruz,provincia,6.42,-0.29800000000000004,314.0,8.23710780703115,9423.042164097466,False
2015,Santa Cruz,provincia,6.62,-0.09799999999999986,232.0,8.32930303222159,10294.44991128173,False
2016,Santa Cruz,provincia,7.46,0.742,231.0,8.19921238958096,9512.294785071354,False
2017,Santa Cruz,provincia,6.91,0.19200000000000017,358.0,7.929695039812,9289.21538147531,False
2018,Santa Cruz,provincia,6.77,0.0519999999999996,312.0,7.84232154925884,9158.609311683462,False
2019,Santa Cruz,provincia,6.87,0.15200000000000014,342.0,7.95834345714007,8957.755140383111,False
2020,Santa Cruz,provincia,6.98,0.26200000000000045,319.0,6.94900498934055,7753.635760594643,False
2021,Santa Cruz,provincia,7.68,0.9619999999999997,144.0,6.59673344133266,8235.527080450069,False
2022,Santa Cruz,provincia,7.05,0.33199999999999985,198.0,6.70997550901994,8355.637817690827,False
2023,Santa Cruz,provincia,6.69,-0.02799999999999958,148.0,,8320.49878583194,True
2024,Santa Cruz,provincia,6.76,0.041999999999999815,311.0,,7963.499537961981,True
2025,Santa Cruz,provincia,7.04,0.32200000000000006,,,,
1981,Santa Fe,provincia,19.33,0.11299999999999955,,,,
1982,Santa Fe,provincia,19.93,0.713000000000001,,,,
1983,Santa Fe,provincia,18.85,-0.36699999999999733,,,,
1984,Santa Fe,provincia,18.51,-0.7069999999999972,,,,
1985,Santa Fe,provincia,19.8,0.583000000000002,,,,
1986,Santa Fe,provincia,19.86,0.6430000000000007,,,,
1987,Santa Fe,provincia,19.35,0.13300000000000267,,,,
1988,Santa Fe,provincia,19.2,-0.01699999999999946,,,,
1989,Santa Fe,provincia,20.27,1.0530000000000008,,,,
1990,Santa Fe,provincia,19.28,0.06300000000000239,,,,
1991,Santa Fe,provincia,19.75,0.5330000000000013,,,,
1992,Santa Fe,provincia,18.86,-0.3569999999999993,,,,
1993,Santa Fe,provincia,18.99,-0.2270000000000003,,,,
1994,Santa Fe,provincia,19.94,0.7230000000000025,,,,
1995,Santa Fe,provincia,19.35,0.13300000000000267,,,,
1996,Santa Fe,provincia,19.26,0.043000000000002814,,,,
1997,Santa Fe,provincia,20.36,1.1430000000000007,,,,
1998,Santa Fe,provincia,18.85,-0.36699999999999733,,,,
1999,Santa Fe,provincia,19.32,0.10300000000000153,,,,
2000,Santa Fe,provincia,18.36,-0.8569999999999993,,,,
2001,Santa Fe,provincia,19.3,0.08300000000000196,,,,
2002,Santa Fe,provincia,19.07,-0.14699999999999847,,,,
2003,Santa Fe,provincia,18.66,-0.5569999999999986,,,,
2004,Santa Fe,provincia,19.59,0.3730000000000011,,,34938.5999010332,False
2005,Santa Fe,provincia,18.76,-0.4569999999999972,,,38666.4370980856,False
2006,Santa Fe,provincia,19.87,0.6530000000000022,,,40612.299729754326,False
2007,Santa Fe,provincia,17.92,-1.296999999999997,,,43484.708504504655,False
2008,Santa Fe,provincia,20.08,0.8629999999999995,,,44719.21186460518,False
2009,Santa Fe,provincia,19.45,0.23300000000000054,,,40020.19608239433,False
2010,Santa Fe,provincia,18.39,-0.8269999999999982,903.0,27.066032417542,46304.365232666474,False
2011,Santa Fe,provincia,18.85,-0.36699999999999733,988.0,28.8007556946397,47627.48675167519,False
2012,Santa Fe,provincia,19.31,0.09299999999999997,1361.0,28.5843579830723,45930.21647172726,False
2013,Santa Fe,provincia,19.15,-0.06700000000000017,940.0,30.6912912145534,47948.06867151824,False
2014,Santa Fe,provincia,19.16,-0.05699999999999861,1243.0,29.5007421058213,46297.79934509238,False
2015,Santa Fe,provincia,19.59,0.3730000000000011,1152.0,29.1320117921867,47210.3451712095,False
2016,Santa Fe,provincia,18.62,-0.5969999999999978,1515.0,29.2907349079182,44693.68049964764,False
2017,Santa Fe,provincia,19.5,0.28300000000000125,1163.0,28.3101298262638,47304.20878126334,False
2018,Santa Fe,provincia,19.71,0.4930000000000021,1120.0,27.9246290090536,45184.225247291004,False
2019,Santa Fe,provincia,18.99,-0.2270000000000003,1355.0,27.3521613048306,45670.52960065442,False
2020,Santa Fe,provincia,19.5,0.28300000000000125,714.0,25.7420926215504,41500.981910883456,False
2021,Santa Fe,provincia,19.56,0.34299999999999997,1114.0,29.7058940398183,47464.55821944236,False
2022,Santa Fe,provincia,19.36,0.14300000000000068,705.0,30.5006818880972,48267.79001938352,False
2023,Santa Fe,provincia,20.9,1.6829999999999998,921.0,,46567.37605598136,True
2024,Santa Fe,provincia,19.78,0.5630000000000024,927.0,,48016.83689423082,True
2025,Santa Fe,provincia,19.94,0.7230000000000025,,,,
1981,Santiago del Estero,provincia,21.89,0.3566666666666656,,,,
1982,Santiago del Estero,provincia,22.0,0.466666666666665,,,,
1983,Santiago del Estero,provincia,21.09,-0.44333333333333513,,,,
1984,Santiago del Estero,provincia,21.49,-0.043333333333336554,,,,
1985,Santiago del Estero,provincia,22.56,1.0266666666666637,,,,
1986,Santiago del Estero,provincia,23.16,1.6266666666666652,,,,
1987,Santiago del Estero,provincia,21.9,0.3666666666666636,,,,
1988,Santiago del Estero,provincia,21.97,0.43666666666666387,,,,
1989,Santiago del Estero,provincia,22.46,0.9266666666666659,,,,
1990,Santiago del Estero,provincia,21.61,0.07666666666666444,,,,
1991,Santiago del Estero,provincia,22.21,0.6766666666666659,,,,
1992,Santiago del Estero,provincia,20.71,-0.8233333333333341,,,,
1993,Santiago del Estero,provincia,21.63,0.09666666666666401,,,,
1994,Santiago del Estero,provincia,22.67,1.1366666666666667,,,,
1995,Santiago del Estero,provincia,22.14,0.6066666666666656,,,,
1996,Santiago del Estero,provincia,21.13,-0.403333333333336,,,,
1997,Santiago del Estero,provincia,22.68,1.1466666666666647,,,,
1998,Santiago del Estero,provincia,21.45,-0.0833333333333357,,,,
1999,Santiago del Estero,provincia,20.68,-0.8533333333333353,,,,
2000,Santiago del Estero,provincia,20.41,-1.1233333333333348,,,,
2001,Santiago del Estero,provincia,21.46,-0.07333333333333414,,,,
2002,Santiago del Estero,provincia,21.32,-0.2133333333333347,,,,
2003,Santiago del Estero,provincia,22.2,0.6666666666666643,,,,
2004,Santiago del Estero,provincia,22.21,0.6766666666666659,,,5165.689413779487,False
2005,Santiago del Estero,provincia,21.17,-0.3633333333333333,,,5202.491355886574,False
2006,Santiago del Estero,provincia,22.6,1.0666666666666664,,,6407.9300993417955,False
2007,Santiago del Estero,provincia,20.68,-0.8533333333333353,,,7164.796823714861,False
2008,Santiago del Estero,provincia,21.12,-0.413333333333334,,,7458.351562397036,False
2009,Santiago del Estero,provincia,21.92,0.3866666666666667,,,6377.302546295841,False
2010,Santiago del Estero,provincia,20.45,-1.0833333333333357,626.0,31.0241412559821,8390.523250390763,False
2011,Santiago del Estero,provincia,20.81,-0.7233333333333363,619.0,30.630987267578,8891.230805307678,False
2012,Santiago del Estero,provincia,21.97,0.43666666666666387,623.0,31.2761023067194,8183.765041361052,False
2013,Santiago del Estero,provincia,21.91,0.37666666666666515,468.0,30.2986666186716,9193.922533529945,False
2014,Santiago del Estero,provincia,21.57,0.03666666666666529,906.0,21.593430999066,10641.944702790763,False
2015,Santiago del Estero,provincia,21.8,0.2666666666666657,777.0,18.9399873903609,10470.096565766697,False
2016,Santiago del Estero,provincia,20.66,-0.8733333333333348,693.0,16.8087936894541,10765.440389927968,False
2017,Santiago del Estero,provincia,22.12,0.586666666666666,656.0,18.8147026133893,11407.750990289487,False
2018,Santiago del Estero,provincia,21.49,-0.043333333333336554,643.0,16.7581672794447,10062.553120914466,False
2019,Santiago del Estero,provincia,20.94,-0.5933333333333337,744.0,13.2243717620947,10578.344218696053,False
2020,Santiago del Estero,provincia,21.89,0.3566666666666656,501.0,20.3686486646731,9555.207463339597,False
2021,Santiago del Estero,provincia,21.07,-0.4633333333333347,656.0,23.3685696252264,10272.449007066396,False
2022,Santiago del Estero,provincia,21.12,-0.413333333333334,481.0,20.6508346130312,10959.116010394335,False
2023,Santiago del Estero,provincia,23.04,1.5066666666666642,706.0,,9497.230642813949,True
2024,Santiago del Estero,provincia,22.36,0.8266666666666644,568.0,,9312.992946306487,True
2025,Santiago del Estero,provincia,22.31,0.7766666666666637,,,,
1981,"Tierra del Fuego, Antártida e Islas del Atlántico Sur",provincia,3.4,-0.05366666666666653,,,,
1982,"Tierra del Fuego, Antártida e Islas del Atlántico Sur",provincia,3.65,0.19633333333333347,,,,
1983,"Tierra del Fuego, Antártida e Islas del Atlántico Sur",provincia,3.81,0.3563333333333336,,,,
1984,"Tierra del Fuego, Antártida e Islas del Atlántico Sur",provincia,3.25,-0.20366666666666644,,,,
1985,"Tierra del Fuego, Antártida e Islas del Atlántico Sur",provincia,3.98,0.5263333333333335,,,,
1986,"Tierra del Fuego, Antártida e Islas del Atlántico Sur",provincia,2.98,-0.47366666666666646,,,,
1987,"Tierra del Fuego, Antártida e Islas del Atlántico Sur",provincia,3.63,0.17633333333333345,,,,
1988,"Tierra del Fuego, Antártida e Islas del Atlántico Sur",provincia,3.74,0.2863333333333338,,,,
1989,"Tierra del Fuego, Antártida e Islas del Atlántico Sur",provincia,4.11,0.6563333333333339,,,,
1990,"Tierra del Fuego, Antártida e Islas del Atlántico Sur",provincia,3.46,0.006333333333333524,,,,
1991,"Tierra del Fuego, Antártida e Islas del Atlántico Sur",provincia,2.75,-0.7036666666666664,,,,
1992,"Tierra del Fuego, Antártida e Islas del Atlántico Sur",provincia,3.0,-0.45366666666666644,,,,
1993,"Tierra del Fuego, Antártida e Islas del Atlántico Sur",provincia,3.52,0.06633333333333358,,,,
1994,"Tierra del Fuego, Antártida e Islas del Atlántico Sur",provincia,3.37,-0.08366666666666633,,,,
1995,"Tierra del Fuego, Antártida e Islas del Atlántico Sur",provincia,3.06,-0.3936666666666664,,,,
1996,"Tierra del Fuego, Antártida e Islas del Atlántico Sur",provincia,3.59,0.13633333333333342,,,,
1997,"Tierra del Fuego, Antártida e Islas del Atlántico Sur",provincia,3.0,-0.45366666666666644,,,,
1998,"Tierra del Fuego, Antártida e Islas del Atlántico Sur",provincia,4.3,0.8463333333333334,,,,
1999,"Tierra del Fuego, Antártida e Islas del Atlántico Sur",provincia,3.7,0.24633333333333374,,,,
2000,"Tierra del Fuego, Antártida e Islas del Atlántico Sur",provincia,2.92,-0.5336666666666665,,,,
2001,"Tierra del Fuego, Antártida e Islas del Atlántico Sur",provincia,3.23,-0.22366666666666646,,,,
2002,"Tierra del Fuego, Antártida e Islas del Atlántico Sur",provincia,2.85,-0.6036666666666664,,,,
2003,"Tierra del Fuego, Antártida e Islas del Atlántico Sur",provincia,3.78,0.32633333333333336,,,,
2004,"Tierra del Fuego, Antártida e Islas del Atlántico Sur",provincia,4.25,0.7963333333333336,,,3329.921293747206,False
2005,"Tierra del Fuego, Antártida e Islas del Atlántico Sur",provincia,3.63,0.17633333333333345,,,3626.259587136017,False
2006,"Tierra del Fuego, Antártida e Islas del Atlántico Sur",provincia,3.84,0.3863333333333334,,,4101.171334110191,False
2007,"Tierra del Fuego, Antártida e Islas del Atlántico Sur",provincia,3.34,-0.11366666666666658,,,4259.477493786972,False
2008,"Tierra del Fuego, Antártida e Islas del Atlántico Sur",provincia,3.87,0.41633333333333367,,,4252.289666112132,False
2009,"Tierra del Fuego, Antártida e Islas del Atlántico Sur",provincia,3.1,-0.35366666666666635,,,3831.302901826954,False
2010,"Tierra del Fuego, Antártida e Islas del Atlántico Sur",provincia,3.39,-0.06366666666666632,503.0,5.68109747735507,4812.189528128276,False
2011,"Tierra del Fuego, Antártida e Islas del Atlántico Sur",provincia,3.59,0.13633333333333342,299.0,5.54789553061102,5967.5173592767915,False
2012,"Tierra del Fuego, Antártida e Islas del Atlántico Sur",provincia,3.08,-0.37366666666666637,447.0,5.62881809314338,6426.001554341258,False
2013,"Tierra del Fuego, Antártida e Islas del Atlántico Sur",provincia,3.64,0.18633333333333368,401.0,5.47390807708707,6431.323604196876,False
2014,"Tierra del Fuego, Antártida e Islas del Atlántico Sur",provincia,3.09,-0.3636666666666666,469.0,3.64670756923232,5720.507279805042,False
2015,"Tierra del Fuego, Antártida e Islas del Atlántico Sur",provincia,2.85,-0.6036666666666664,424.0,3.54932114945705,5913.048245643806,False
2016,"Tierra del Fuego, Antártida e Islas del Atlántico Sur",provincia,3.97,0.5163333333333338,334.0,3.76530760185909,5633.012679839971,False
2017,"Tierra del Fuego, Antártida e Islas del Atlántico Sur",provincia,3.88,0.42633333333333345,418.0,3.82506305277609,5667.262069982659,False
2018,"Tierra del Fuego, Antártida e Islas del Atlántico Sur",provincia,3.57,0.1163333333333334,417.0,3.61292910922907,5614.212944551392,False
2019,"Tierra del Fuego, Antártida e Islas del Atlántico Sur",provincia,3.51,0.056333333333333346,565.0,4.00522651995053,5084.145013493656,False
2020,"Tierra del Fuego, Antártida e Islas del Atlántico Sur",provincia,3.94,0.4863333333333335,479.0,3.56519765781828,4758.03703005955,False
2021,"Tierra del Fuego, Antártida e Islas del Atlántico Sur",provincia,4.15,0.6963333333333339,331.0,3.62272004789535,5446.548461065831,False
2022,"Tierra del Fuego, Antártida e Islas del Atlántico Sur",provincia,3.85,0.39633333333333365,339.0,3.8717688142679,5859.757660141521,False
2023,"Tierra del Fuego, Antártida e Islas del Atlántico Sur",provincia,3.28,-0.17366666666666664,333.0,,5607.549047156153,True
2024,"Tierra del Fuego, Antártida e Islas del Atlántico Sur",provincia,3.37,-0.08366666666666633,417.0,,4872.032955147113,True
2025,"Tierra del Fuego, Antártida e Islas del Atlántico Sur",provincia,3.79,0.3363333333333336,,,,
1981,Tucumán,provincia,22.19,0.3836666666666666,,,,
1982,Tucumán,provincia,22.16,0.35366666666666546,,,,
1983,Tucumán,provincia,21.31,-0.49633333333333596,,,,
1984,Tucumán,provincia,21.46,-0.3463333333333338,,,,
1985,Tucumán,provincia,22.59,0.7836666666666652,,,,
1986,Tucumán,provincia,23.07,1.2636666666666656,,,,
1987,Tucumán,provincia,22.2,0.3936666666666646,,,,
1988,Tucumán,provincia,22.0,0.19366666666666532,,,,
1989,Tucumán,provincia,23.03,1.2236666666666665,,,,
1990,Tucumán,provincia,21.95,0.1436666666666646,,,,
1991,Tucumán,provincia,22.4,0.5936666666666639,,,,
1992,Tucumán,provincia,21.1,-0.7063333333333333,,,,
1993,Tucumán,provincia,22.04,0.23366666666666447,,,,
1994,Tucumán,provincia,22.89,1.083666666666666,,,,
1995,Tucumán,provincia,22.74,0.9336666666666638,,,,
1996,Tucumán,provincia,21.64,-0.1663333333333341,,,,
1997,Tucumán,provincia,23.0,1.1936666666666653,,,,
1998,Tucumán,provincia,21.52,-0.2863333333333351,,,,
1999,Tucumán,provincia,21.13,-0.6763333333333357,,,,
2000,Tucumán,provincia,20.66,-1.1463333333333345,,,,
2001,Tucumán,provincia,21.39,-0.4163333333333341,,,,
2002,Tucumán,provincia,21.76,-0.046333333333333115,,,,
2003,Tucumán,provincia,22.67,0.863666666666667,,,,
2004,Tucumán,provincia,22.06,0.25366666666666404,,,7416.993102372293,False
2005,Tucumán,provincia,21.53,-0.27633333333333354,,,8200.339908670028,False
2006,Tucumán,provincia,22.46,0.6536666666666662,,,9088.059674559605,False
2007,Tucumán,provincia,20.6,-1.2063333333333333,,,9767.33266263302,False
2008,Tucumán,provincia,21.27,-0.5363333333333351,,,10291.690214785403,False
2009,Tucumán,provincia,22.4,0.5936666666666639,,,9844.599150312166,False
2010,Tucumán,provincia,20.93,-0.876333333333335,916.0,6.42411630997648,10474.030477857294,False
2011,Tucumán,provincia,20.93,-0.876333333333335,1122.0,6.31843593687191,11366.178301638936,False
2012,Tucumán,provincia,22.42,0.613666666666667,793.0,7.12867610175786,11257.05408428752,False
2013,Tucumán,provincia,21.95,0.1436666666666646,736.0,7.03650653158438,11206.705392361891,False
2014,Tucumán,provincia,22.11,0.30366666666666475,887.0,6.79961839105927,10967.686398797354,False
2015,Tucumán,provincia,22.17,0.363666666666667,1062.0,7.18447029492036,11278.710654484235,False
2016,Tucumán,provincia,21.03,-0.7763333333333335,1020.0,6.11007772376255,11461.02931591199,False
2017,Tucumán,provincia,22.0,0.19366666666666532,806.0,6.02408967736306,11837.782241179875,False
2018,Tucumán,provincia,21.83,0.023666666666663616,1047.0,5.99075803234045,11962.311705800812,False
2019,Tucumán,provincia,21.36,-0.44633333333333525,874.0,5.40646617220409,12060.755145201036,False
2020,Tucumán,provincia,22.2,0.3936666666666646,967.0,5.84660773637219,10888.865688914026,False
2021,Tucumán,provincia,21.57,-0.2363333333333344,801.0,6.93376301001109,11851.321977444386,False
2022,Tucumán,provincia,21.73,-0.07633333333333425,816.0,6.27691454290785,11887.767267236322,False
2023,Tucumán,provincia,23.49,1.6836666666666638,886.0,,11582.527751876467,True
2024,Tucumán,provincia,22.76,0.9536666666666669,803.0,,11136.151550281395,True
2025,Tucumán,provincia,22.82,1.0136666666666656,,,,
