jurisdiccion,tendencia_temperatura_por_decada,temperatura_p_valor,proyeccion_temperatura_2030,proyeccion_temperatura_2040,tendencia_precipitacion_por_decada,precipitacion_p_valor,proyeccion_precipitacion_2030,proyeccion_precipitacion_2040,tendencia_viento_por_decada,viento_p_valor,proyeccion_viento_2030,proyeccion_viento_2040
Buenos Aires,0.1314343602134301,0.0077771626129411915,16.99888830162086,17.13032266183429,-0.12067477096546862,0.097104611303425,2.563273431994361,2.4425986610288923,0.006701147689519812,0.46732236373201735,3.13696088794926,3.14366203563878
CABA,0.30571579583207464,1.4792365675327907e-07,18.61695384073291,18.92266963656499,-0.18124937078425446,0.024595845692138636,2.5037420718816037,2.322492701097353,0.07748288533172261,2.0110375450823994e-06,4.819432699083862,4.896915584415584
Catamarca,-0.10331470854726688,0.17437131414565166,18.3345947850599,18.231280076512633,0.05583031309775496,0.22042643126643297,1.511169837914025,1.5670001510117793,0.009945384073291073,0.18090972843022043,2.204319943622269,2.2142653276955606
Chaco,0.15358527131782942,0.04941151417162924,22.12806201550388,22.281647286821705,-0.2391460283902144,0.02100682586310773,3.3451973220577855,3.1060512936675764,0.024962247055270288,0.01172070894881731,2.7843710359408034,2.8093332829960733
Chubut,0.02031234269606358,0.6410887684671351,12.990207892882312,13.010520235578376,0.0734093425953891,0.024586218405260433,1.0243833685694153,1.0977927111648036,0.03825757575757574,0.028106002873871064,5.165648343904158,5.203905919661733
Corrientes,0.15358527131782942,0.04941151417162924,22.12806201550388,22.281647286821705,-0.2391460283902144,0.02100682586310773,3.3451973220577855,3.1060512936675764,0.024962247055270288,0.01172070894881731,2.7843710359408034,2.8093332829960733
Córdoba,0.06452229940602047,0.344689404937931,16.988453136011273,17.052975435417295,-0.11876698882512832,0.024099203144929082,1.9110377026074694,1.7922707137823402,0.0015365448504983368,0.3211298904245972,0.531782945736434,0.5333194905869324
Entre Ríos,0.005045051847377378,0.9444734730292277,19.36090909090909,19.365954142756465,-0.013164451827242537,0.8593528495123293,3.0117248062015505,2.998560354374308,-0.019519530856740134,0.02599141891310334,2.621469344608879,2.601949813752139
Formosa,0.03486861975234052,0.658989922519184,22.8946088794926,22.92947749924494,-0.10114265579381859,0.19960267951906635,3.632381959126146,3.5312393033323275,-0.0015164099466424912,0.8964976343406529,2.591277307963355,2.5897608980167126
Jujuy,0.07901943018222074,0.2348495347327746,20.048657505285412,20.127676935467633,-0.040715292459478504,0.4683874865902528,2.1541560958421435,2.113440803382666,0.00739202657807311,0.333384383350096,2.2999612403100773,2.3073532668881507
La Pampa,0.10311084264572609,0.1287274121646016,15.936404157857647,16.03951500050337,-0.0520172656800564,0.45827727454223616,1.9972780126849887,1.945260747004932,0.0023885029698983164,0.0887936476004146,0.44422656800563776,0.44661507097553604
La Rioja,-0.09814129668780852,0.19734699948624496,19.70597956307259,19.607838266384782,0.10143712876271015,0.006561073907061631,1.3965627202255106,1.4979998489882185,6.41800060404946e-05,0.993430715696865,2.3651215644820294,2.3651857444880697
Mendoza,0.0015768146582103271,0.9810203701190973,17.00978329809725,17.01136011275546,-0.010843904157857635,0.6977884755731498,0.7577959830866807,0.7469520789288233,0.025515956911305752,0.0019668425225024826,2.9512121212121216,2.976728078123427
Misiones,0.1815740461089297,0.010137314819000643,21.406895701198025,21.58846974730696,-0.2813047417698581,0.03944854715867814,4.40360641296688,4.122301671197022,-0.0029082351756770366,0.0015586614713733393,0.11230267794221283,0.10939444276653576
Neuquén,0.03350699687908991,0.6053958865774662,14.436145172656802,14.469652169535891,0.039818030806402914,0.30235028135263614,0.764126145172658,0.8039441759790611,-0.046018322762508834,0.005028730116964434,3.6326215644820294,3.586603241719521
Río Negro,-0.006353820598006481,0.8929837700349446,14.35166666666667,14.345312846068662,0.030474176985804905,0.4263361965899539,1.1556571529245954,1.1861313299104,0.021681516158260392,0.07192964111049018,4.113150105708245,4.134831621866505
Salta,0.03196667673411821,0.567766497057802,14.029894291754754,14.061860968488872,-0.033021242323567894,0.4865328550821875,2.094478505990133,2.061457263666565,0.013211013792409153,0.026171074557920896,2.3609443269908392,2.3741553407832483
San Juan,-0.024870381556428185,0.7141990124655603,16.961893939393942,16.937023557837513,0.008308164703513548,0.6719494008897471,0.41750704721634957,0.42581521191986305,0.0005172153427967245,0.9396585065436014,2.5832892882311493,2.5838065035739457
San Luis,0.040028188865398245,0.5781873433447167,16.818764975334744,16.858793164200144,-0.010135407228430454,0.8683789879675473,1.7996828752642706,1.78954746803584,-0.009520034229336546,0.4247005400604737,3.029739252995067,3.020219218765731
Santa Cruz,0.01016309272123216,0.8566748127062659,6.891867512332628,6.902030605053861,0.026822208798952984,0.27438472842396616,1.1027766032417192,1.1295988120406717,0.016092821906775426,0.5360525741644672,4.908877730796336,4.924970552703112
Santa Fe,0.005045051847377378,0.9444734730292277,19.36090909090909,19.365954142756465,-0.013164451827242537,0.8593528495123293,3.0117248062015505,2.998560354374308,-0.019519530856740134,0.02599141891310334,2.621469344608879,2.601949813752139
Santiago del Estero,-0.1222087989529854,0.15828304204587818,21.339540169133187,21.2173313701802,0.06807233464210213,0.16938976625606858,2.060408738548274,2.1284810731903754,-0.0006065639786570024,0.5668932158164777,0.3531272022551092,0.3525206382764522
"Tierra del Fuego, Antártida e Islas del Atlántico Sur",0.03661783952481629,0.4733091012796495,3.6304563072586338,3.6670741467834502,-0.027071378234168938,0.32170040429002683,1.8874753347427777,1.860403956508609,0.07972415181717511,0.006474418950476333,5.12194855532065,5.201672707137824
Tucumán,-0.08023004127655319,0.3474829393137516,21.72217758985201,21.641947548575455,0.015831068156649582,0.793152362878389,2.5991331923890058,2.6149642605456553,-0.011664401489982872,0.2424971642218588,2.374936575052855,2.3632721735628723
