jurisdiccion,año,temperatura_c,precipitacion_mm,viento_ms
Buenos Aires,1981,16.5625,2.9691666666666667,3.02
Buenos Aires,1982,16.805833333333336,2.9258333333333333,3.095833333333333
Buenos Aires,1983,16.448333333333334,2.32,3.0775
Buenos Aires,1984,15.836666666666666,3.3049999999999997,3.200833333333333
Buenos Aires,1985,16.913333333333334,3.421666666666667,2.9475
Buenos Aires,1986,16.63083333333333,3.111666666666667,3.1291666666666664
Buenos Aires,1987,16.426666666666666,3.0391666666666666,3.0525
Buenos Aires,1988,15.981666666666667,2.6775,3.029166666666667
Buenos Aires,1989,17.330833333333334,2.62,3.0416666666666665
Buenos Aires,1990,16.099999999999998,4.125,3.1808333333333336
Buenos Aires,1991,16.592499999999998,3.2375000000000003,3.09
Buenos Aires,1992,16.023333333333333,3.2283333333333335,3.1675
Buenos Aires,1993,16.039166666666667,4.129166666666666,3.1991666666666667
Buenos Aires,1994,16.574166666666667,2.859166666666667,3.0991666666666666
Buenos Aires,1995,16.2075,2.2575,3.0966666666666662
Buenos Aires,1996,16.894166666666667,2.39,3.078333333333333
Buenos Aires,1997,17.158333333333335,2.8708333333333336,3.203333333333333
Buenos Aires,1998,16.614166666666666,2.4274999999999998,2.9933333333333336
Buenos Aires,1999,16.357499999999998,2.5241666666666664,3.2158333333333338
Buenos Aires,2000,16.18166666666667,3.4683333333333333,3.1625
Buenos Aires,2001,16.913333333333334,3.5308333333333337,3.1641666666666666
Buenos Aires,2002,16.419999999999998,3.7608333333333337,3.269166666666667
Buenos Aires,2003,16.3025,2.9741666666666666,3.1533333333333338
Buenos Aires,2004,16.91,2.4491666666666667,3.276666666666667
Buenos Aires,2005,16.718333333333334,2.4891666666666663,3.144166666666667
Buenos Aires,2006,16.754166666666666,3.0341666666666662,3.0116666666666667
Buenos Aires,2007,15.871666666666668,3.1016666666666666,3.095833333333333
Buenos Aires,2008,17.156666666666666,1.9366666666666665,3.1916666666666664
Buenos Aires,2009,16.754166666666666,2.8341666666666665,3.1633333333333336
Buenos Aires,2010,16.48,2.8558333333333334,3.1183333333333336
Buenos Aires,2011,16.488333333333333,2.138333333333333,3.24
Buenos Aires,2012,16.855,3.53,3.1108333333333333
Buenos Aires,2013,16.579166666666666,2.6733333333333333,3.1183333333333336
Buenos Aires,2014,16.485833333333336,4.31,3.0308333333333333
Buenos Aires,2015,17.12333333333333,2.5566666666666666,3.0366666666666666
Buenos Aires,2016,16.416666666666668,2.8666666666666667,3.0991666666666666
Buenos Aires,2017,17.273333333333333,3.1533333333333338,3.1775
Buenos Aires,2018,16.899166666666666,3.5308333333333337,3.0675000000000003
Buenos Aires,2019,16.68,2.8375,3.0991666666666666
Buenos Aires,2020,16.775833333333335,2.245,3.15
Buenos Aires,2021,16.979166666666668,2.2708333333333335,3.1333333333333333
Buenos Aires,2022,16.835833333333333,1.655,3.0541666666666667
Buenos Aires,2023,17.775833333333335,2.108333333333333,3.095833333333333
CABA,1981,17.48,3.1991666666666667,4.446666666666666
CABA,1982,17.784166666666668,3.0658333333333334,4.536666666666666
CABA,1983,17.21166666666667,2.4383333333333335,4.435
CABA,1984,16.798333333333332,3.6325000000000003,4.593333333333333
CABA,1985,17.846666666666668,3.6758333333333333,4.333333333333333
CABA,1986,17.445,3.558333333333333,4.55
CABA,1987,17.426666666666666,3.0991666666666666,4.42
CABA,1988,16.650833333333335,2.904166666666667,4.2508333333333335
CABA,1989,18.011666666666667,2.89,4.310833333333333
CABA,1990,17.01,4.144166666666667,4.61
CABA,1991,17.400000000000002,3.4375,4.405833333333333
CABA,1992,16.774166666666666,3.170833333333333,4.464166666666666
CABA,1993,16.850833333333334,4.219166666666666,4.594166666666667
CABA,1994,17.455,2.7541666666666664,4.451666666666667
CABA,1995,16.924166666666668,2.339166666666667,4.388333333333333
CABA,1996,17.9325,2.4716666666666667,4.485
CABA,1997,18.131666666666664,3.171666666666667,4.675
CABA,1998,17.799166666666668,2.5366666666666666,4.464166666666666
CABA,1999,17.36583333333333,2.8008333333333333,4.763333333333333
CABA,2000,17.398333333333333,3.7441666666666666,4.695833333333334
CABA,2001,18.131666666666664,3.7933333333333334,4.679166666666666
CABA,2002,17.764166666666668,3.8433333333333333,4.859166666666667
CABA,2003,17.554166666666667,3.140833333333333,4.6825
CABA,2004,17.974166666666665,2.6333333333333333,4.8
CABA,2005,17.800833333333333,2.4825,4.635833333333333
CABA,2006,18.024166666666666,3.1591666666666662,4.531666666666667
CABA,2007,17.27,3.3633333333333333,4.684166666666667
CABA,2008,18.334166666666665,1.8616666666666666,4.666666666666667
CABA,2009,17.89,2.9516666666666667,4.699166666666667
CABA,2010,17.805833333333332,3.0383333333333336,4.68
CABA,2011,17.754166666666666,2.145,4.886666666666667
CABA,2012,18.254166666666666,3.8033333333333332,4.670833333333333
CABA,2013,17.979166666666668,2.5875,4.7225
CABA,2014,18.211666666666666,4.4625,4.6475
CABA,2015,18.53,2.546666666666667,4.620833333333334
CABA,2016,17.791666666666668,3.0216666666666665,4.691666666666666
CABA,2017,18.778333333333332,3.124166666666667,4.7975
CABA,2018,18.356666666666666,3.578333333333333,4.7025
CABA,2019,18.24083333333333,2.9458333333333333,4.74
CABA,2020,18.13,2.0749999999999997,4.706666666666667
CABA,2021,18.2825,2.3800000000000003,4.6875
CABA,2022,18.031666666666666,1.6375,4.5424999999999995
CABA,2023,19.13416666666667,1.655,4.6975
Catamarca,1981,18.738333333333333,1.5675,2.1058333333333334
Catamarca,1982,19.23,1.2608333333333335,2.1725
Catamarca,1983,18.241666666666667,1.5608333333333333,2.138333333333333
Catamarca,1984,18.3525,1.415,2.17
Catamarca,1985,19.142500000000002,1.7825,2.0875
Catamarca,1986,19.871666666666666,1.1908333333333332,2.2108333333333334
Catamarca,1987,18.813333333333333,1.3366666666666667,2.216666666666667
Catamarca,1988,18.685,1.015,2.1366666666666667
Catamarca,1989,19.06833333333333,1.38,2.1475
Catamarca,1990,18.7025,1.3608333333333331,2.1258333333333335
Catamarca,1991,19.079166666666666,1.305,2.1733333333333333
Catamarca,1992,17.704166666666666,1.8133333333333332,2.154166666666667
Catamarca,1993,18.675833333333333,1.0508333333333333,2.1308333333333334
Catamarca,1994,19.574166666666667,1.0408333333333333,2.1816666666666666
Catamarca,1995,19.284166666666668,0.5508333333333334,2.17
Catamarca,1996,18.408333333333335,1.1083333333333334,2.2166666666666663
Catamarca,1997,19.698333333333334,0.9283333333333333,2.2341666666666664
Catamarca,1998,18.174166666666668,1.2841666666666667,2.2225
Catamarca,1999,17.599166666666665,1.9091666666666667,2.1133333333333333
Catamarca,2000,17.489166666666666,1.6775000000000002,2.1350000000000002
Catamarca,2001,18.36916666666667,1.6491666666666667,2.1808333333333336
Catamarca,2002,18.360833333333336,1.7866666666666664,2.1125000000000003
Catamarca,2003,19.341666666666665,0.7608333333333333,2.1808333333333336
Catamarca,2004,18.81083333333333,0.9958333333333332,2.316666666666667
Catamarca,2005,18.335833333333333,0.93,2.25
Catamarca,2006,19.436666666666667,0.9333333333333332,2.245833333333333
Catamarca,2007,17.894166666666667,1.0833333333333333,2.2116666666666664
Catamarca,2008,18.1225,1.5841666666666665,2.09
Catamarca,2009,19.0475,0.8691666666666666,2.1166666666666667
Catamarca,2010,17.784166666666668,1.2033333333333334,2.1975000000000002
Catamarca,2011,17.895833333333332,1.0608333333333333,2.151666666666667
Catamarca,2012,19.14,0.8650000000000001,2.2725
Catamarca,2013,18.549166666666668,1.2016666666666667,2.245
Catamarca,2014,18.444166666666664,1.7091666666666667,2.214166666666667
Catamarca,2015,18.607499999999998,1.9283333333333335,2.1566666666666667
Catamarca,2016,17.8175,1.5016666666666667,2.205
Catamarca,2017,18.9525,1.5608333333333333,2.1791666666666667
Catamarca,2018,18.448333333333334,1.4191666666666667,2.091666666666667
Catamarca,2019,18.065833333333334,1.7516666666666667,2.018333333333333
Catamarca,2020,18.938333333333333,1.2441666666666666,2.254166666666667
Catamarca,2021,18.1225,2.180833333333333,2.2825
Catamarca,2022,18.029999999999998,1.7666666666666666,2.1983333333333333
Catamarca,2023,19.779166666666665,1.7341666666666666,2.1733333333333333
Chaco,1981,21.476666666666663,4.275833333333334,2.5658333333333334
Chaco,1982,21.99416666666667,4.4991666666666665,2.6374999999999997
Chaco,1983,20.78,4.434166666666667,2.6125000000000003
Chaco,1984,21.150833333333335,5.069166666666667,2.6791666666666667
Chaco,1985,22.235833333333332,4.155,2.6566666666666667
Chaco,1986,22.1125,5.974166666666666,2.799166666666667
Chaco,1987,20.788333333333334,4.458333333333333,2.6683333333333334
Chaco,1988,21.550833333333333,2.841666666666667,2.6475
Chaco,1989,21.40833333333333,4.358333333333333,2.595
Chaco,1990,20.970833333333335,5.56,2.7325
Chaco,1991,22.031666666666666,4.0008333333333335,2.6908333333333334
Chaco,1992,20.695,4.565,2.6558333333333333
Chaco,1993,21.358333333333334,3.674166666666667,2.7099999999999995
Chaco,1994,21.85083333333333,4.375,2.7025
Chaco,1995,22.209999999999997,3.1041666666666665,2.6358333333333333
Chaco,1996,21.196666666666665,5.2058333333333335,2.5458333333333334
Chaco,1997,22.727500000000003,3.9141666666666666,2.7716666666666665
Chaco,1998,20.730833333333333,5.235,2.7083333333333335
Chaco,1999,21.860833333333332,2.7758333333333334,2.6283333333333334
Chaco,2000,21.175833333333333,4.425,2.763333333333333
Chaco,2001,22.131666666666664,3.313333333333333,2.7525
Chaco,2002,21.309166666666666,5.3275,2.8641666666666663
Chaco,2003,21.829166666666666,3.5849999999999995,2.8641666666666663
Chaco,2004,21.5725,3.5391666666666666,2.813333333333333
Chaco,2005,21.95583333333333,3.1425,2.8358333333333334
Chaco,2006,22.410833333333333,3.749166666666667,2.7241666666666666
Chaco,2007,21.365,3.5133333333333336,2.7441666666666666
Chaco,2008,22.290000000000003,2.375833333333333,2.75
Chaco,2009,22.081666666666667,3.75,2.7875
Chaco,2010,20.611666666666668,3.525,2.7241666666666666
Chaco,2011,21.71666666666667,3.4308333333333336,2.6350000000000002
Chaco,2012,22.97583333333333,2.9525,2.8241666666666667
Chaco,2013,20.99833333333333,3.9299999999999997,2.723333333333333
Chaco,2014,21.901666666666667,4.3308333333333335,2.8725
Chaco,2015,21.958333333333332,4.4375,2.6758333333333333
Chaco,2016,20.63,4.695833333333334,2.6025
Chaco,2017,21.861666666666665,4.371666666666667,2.7541666666666664
Chaco,2018,21.813333333333333,4.493333333333333,2.6966666666666668
Chaco,2019,21.19,4.8133333333333335,2.6808333333333336
Chaco,2020,22.583333333333332,2.655,2.8083333333333336
Chaco,2021,22.093333333333334,3.0116666666666667,2.6475
Chaco,2022,22.214166666666667,2.481666666666667,2.8074999999999997
Chaco,2023,23.215,4.310833333333333,2.7274999999999996
Chubut,1981,13.31,0.7324999999999999,4.928333333333334
Chubut,1982,13.089166666666666,0.9175,4.910833333333334
Chubut,1983,13.1425,0.7791666666666667,4.9575000000000005
Chubut,1984,12.116666666666667,0.9316666666666666,5.05
Chubut,1985,13.208333333333334,0.77,4.815833333333333
Chubut,1986,12.6975,0.5908333333333333,5.026666666666666
Chubut,1987,13.216666666666667,0.8491666666666666,5.058333333333334
Chubut,1988,12.798333333333332,0.34,5.053333333333334
Chubut,1989,13.585,0.38666666666666666,4.8025
Chubut,1990,13.138333333333334,0.43083333333333335,5.349166666666666
Chubut,1991,12.9225,0.8033333333333333,4.8925
Chubut,1992,12.1175,1.0308333333333333,5.029166666666667
Chubut,1993,12.945833333333333,0.5991666666666667,4.854166666666667
Chubut,1994,13.178333333333333,0.6974999999999999,5.083333333333333
Chubut,1995,12.31,0.8675,5.085
Chubut,1996,12.884166666666667,0.465,5.029166666666667
Chubut,1997,12.719166666666666,1.2233333333333334,5.1525
Chubut,1998,13.333333333333334,1.0683333333333334,4.921666666666667
Chubut,1999,13.030833333333334,1.1266666666666667,4.9275
Chubut,2000,12.303333333333333,0.9575,5.110833333333333
Chubut,2001,12.745833333333332,0.8666666666666667,4.8575
Chubut,2002,12.336666666666666,0.9525,5.159166666666667
Chubut,2003,12.870833333333332,0.7933333333333333,5.2375
Chubut,2004,13.4625,0.8166666666666668,4.984166666666667
Chubut,2005,12.745833333333332,0.9491666666666667,5.179166666666666
Chubut,2006,13.011666666666665,0.7666666666666666,5.305
Chubut,2007,12.411666666666667,0.5958333333333333,5.0725
Chubut,2008,13.3025,0.4725,4.991666666666666
Chubut,2009,13.2325,0.4916666666666667,5.2283333333333335
Chubut,2010,12.76,0.5516666666666666,5.286666666666666
Chubut,2011,13.214166666666666,0.5025000000000001,5.078333333333334
Chubut,2012,12.945833333333333,0.6033333333333334,5.2250000000000005
Chubut,2013,12.900833333333333,0.815,5.221666666666667
Chubut,2014,12.8575,0.8275,5.1575
Chubut,2015,13.071666666666667,0.6983333333333333,5.095
Chubut,2016,12.973333333333334,0.9358333333333334,4.769166666666667
Chubut,2017,13.131666666666666,1.1525,5.206666666666666
Chubut,2018,13.221666666666666,0.6558333333333334,4.983333333333333
Chubut,2019,12.919166666666667,0.8466666666666667,5.244166666666667
Chubut,2020,12.914166666666667,1.4858333333333336,5.14
Chubut,2021,13.434166666666664,1.3383333333333332,4.926666666666667
Chubut,2022,12.655000000000001,1.3083333333333333,5.055000000000001
Chubut,2023,12.966666666666667,1.2158333333333333,5.074166666666667
Corrientes,1981,21.476666666666663,4.275833333333334,2.5658333333333334
Corrientes,1982,21.99416666666667,4.4991666666666665,2.6374999999999997
Corrientes,1983,20.78,4.434166666666667,2.6125000000000003
Corrientes,1984,21.150833333333335,5.069166666666667,2.6791666666666667
Corrientes,1985,22.235833333333332,4.155,2.6566666666666667
Corrientes,1986,22.1125,5.974166666666666,2.799166666666667
Corrientes,1987,20.788333333333334,4.458333333333333,2.6683333333333334
Corrientes,1988,21.550833333333333,2.841666666666667,2.6475
Corrientes,1989,21.40833333333333,4.358333333333333,2.595
Corrientes,1990,20.970833333333335,5.56,2.7325
Corrientes,1991,22.031666666666666,4.0008333333333335,2.6908333333333334
Corrientes,1992,20.695,4.565,2.6558333333333333
Corrientes,1993,21.358333333333334,3.674166666666667,2.7099999999999995
Corrientes,1994,21.85083333333333,4.375,2.7025
Corrientes,1995,22.209999999999997,3.1041666666666665,2.6358333333333333
Corrientes,1996,21.196666666666665,5.2058333333333335,2.5458333333333334
Corrientes,1997,22.727500000000003,3.9141666666666666,2.7716666666666665
Corrientes,1998,20.730833333333333,5.235,2.7083333333333335
Corrientes,1999,21.860833333333332,2.7758333333333334,2.6283333333333334
Corrientes,2000,21.175833333333333,4.425,2.763333333333333
Corrientes,2001,22.131666666666664,3.313333333333333,2.7525
Corrientes,2002,21.309166666666666,5.3275,2.8641666666666663
Corrientes,2003,21.829166666666666,3.5849999999999995,2.8641666666666663
Corrientes,2004,21.5725,3.5391666666666666,2.813333333333333
Corrientes,2005,21.95583333333333,3.1425,2.8358333333333334
Corrientes,2006,22.410833333333333,3.749166666666667,2.7241666666666666
Corrientes,2007,21.365,3.5133333333333336,2.7441666666666666
Corrientes,2008,22.290000000000003,2.375833333333333,2.75
Corrientes,2009,22.081666666666667,3.75,2.7875
Corrientes,2010,20.611666666666668,3.525,2.7241666666666666
Corrientes,2011,21.71666666666667,3.4308333333333336,2.6350000000000002
Corrientes,2012,22.97583333333333,2.9525,2.8241666666666667
Corrientes,2013,20.99833333333333,3.9299999999999997,2.723333333333333
Corrientes,2014,21.901666666666667,4.3308333333333335,2.8725
Corrientes,2015,21.958333333333332,4.4375,2.6758333333333333
Corrientes,2016,20.63,4.695833333333334,2.6025
Corrientes,2017,21.861666666666665,4.371666666666667,2.7541666666666664
Corrientes,2018,21.813333333333333,4.493333333333333,2.6966666666666668
Corrientes,2019,21.19,4.8133333333333335,2.6808333333333336
Corrientes,2020,22.583333333333332,2.655,2.8083333333333336
Corrientes,2021,22.093333333333334,3.0116666666666667,2.6475
Corrientes,2022,22.214166666666667,2.481666666666667,2.8074999999999997
Corrientes,2023,23.215,4.310833333333333,2.7274999999999996
Córdoba,1981,16.86,2.9966666666666666,0.5058333333333334
Córdoba,1982,17.221666666666668,2.1216666666666666,0.5291666666666667
Córdoba,1983,16.3825,2.5233333333333334,0.5083333333333333
Córdoba,1984,16.075,2.8316666666666666,0.5091666666666667
Córdoba,1985,17.249166666666667,2.4283333333333332,0.5183333333333333
Córdoba,1986,17.826666666666664,1.8908333333333334,0.54
Córdoba,1987,16.954166666666666,2.16,0.5316666666666666
Córdoba,1988,16.813333333333333,2.1133333333333333,0.5408333333333334
Córdoba,1989,17.294999999999998,2.0733333333333333,0.5416666666666666
Córdoba,1990,16.749166666666667,2.3191666666666664,0.5266666666666667
Córdoba,1991,16.883333333333333,2.4358333333333335,0.515
Córdoba,1992,15.884166666666665,3.1933333333333334,0.5241666666666667
Córdoba,1993,16.5575,2.1350000000000002,0.5391666666666667
Córdoba,1994,17.2575,1.8016666666666667,0.53
Córdoba,1995,16.909166666666668,1.6641666666666666,0.5466666666666666
Córdoba,1996,16.398333333333333,2.268333333333333,0.5275
Córdoba,1997,17.50916666666667,2.5475,0.5208333333333334
Córdoba,1998,16.13416666666667,1.9466666666666665,0.5
Córdoba,1999,15.8125,3.14,0.5283333333333333
Córdoba,2000,15.803333333333333,2.7383333333333333,0.5225
Córdoba,2001,16.555,2.8708333333333336,0.5175
Córdoba,2002,16.724999999999998,2.3975,0.5333333333333333
Córdoba,2003,17.076666666666664,2.1075,0.5341666666666667
Córdoba,2004,16.751666666666665,2.3658333333333332,0.5383333333333333
Córdoba,2005,16.040833333333335,2.275,0.5233333333333333
Córdoba,2006,17.198333333333334,2.5166666666666666,0.5408333333333334
Córdoba,2007,16.00583333333333,1.9566666666666668,0.5191666666666667
Córdoba,2008,16.918333333333333,2.0383333333333336,0.5358333333333333
Córdoba,2009,17.465833333333332,1.5166666666666666,0.5458333333333333
Córdoba,2010,16.0625,2.025,0.5308333333333334
Córdoba,2011,16.581666666666667,1.7908333333333333,0.5375
Córdoba,2012,17.195,1.9891666666666667,0.53
Córdoba,2013,16.897499999999997,2.0925,0.5441666666666667
Córdoba,2014,16.675,2.5833333333333335,0.5216666666666666
Córdoba,2015,16.7525,2.9616666666666664,0.4991666666666667
Córdoba,2016,16.206666666666667,2.6666666666666665,0.5033333333333333
Córdoba,2017,17.400833333333335,2.095,0.5241666666666667
Córdoba,2018,17.41,1.8258333333333334,0.5325
Córdoba,2019,16.780833333333334,2.3333333333333335,0.525
Córdoba,2020,17.475,1.6033333333333335,0.5366666666666666
Córdoba,2021,16.9225,2.0466666666666664,0.535
Córdoba,2022,16.9525,1.4533333333333334,0.5425
Córdoba,2023,18.109166666666667,1.6333333333333335,0.525
Entre Ríos,1981,19.345833333333335,3.6808333333333336,2.730833333333333
Entre Ríos,1982,19.9475,2.43,2.763333333333333
Entre Ríos,1983,18.874166666666667,3.0241666666666664,2.65
Entre Ríos,1984,18.526666666666667,3.5700000000000003,2.6991666666666667
Entre Ríos,1985,19.824166666666667,2.783333333333333,2.6733333333333333
Entre Ríos,1986,19.894166666666667,3.448333333333333,2.8241666666666667
Entre Ríos,1987,19.3875,2.8349999999999995,2.733333333333333
Entre Ríos,1988,19.216666666666665,2.3325,2.6458333333333335
Entre Ríos,1989,20.3175,2.315,2.6533333333333333
Entre Ríos,1990,19.3025,3.77,2.76
Entre Ríos,1991,19.791666666666668,3.2816666666666663,2.704166666666667
Entre Ríos,1992,18.88083333333333,3.2708333333333335,2.7841666666666662
Entre Ríos,1993,19.017500000000002,3.0191666666666666,2.794166666666667
Entre Ríos,1994,19.965,2.4308333333333336,2.7416666666666667
Entre Ríos,1995,19.375833333333333,2.6225,2.65
Entre Ríos,1996,19.2725,2.563333333333333,2.5725000000000002
Entre Ríos,1997,20.375,2.5566666666666666,2.7258333333333336
Entre Ríos,1998,18.8725,3.089166666666667,2.6183333333333336
Entre Ríos,1999,19.359166666666667,2.5941666666666667,2.6783333333333332
Entre Ríos,2000,18.3825,4.695,2.63
Entre Ríos,2001,19.341666666666665,3.2583333333333333,2.6916666666666664
Entre Ríos,2002,19.091666666666665,3.8275,2.7758333333333334
Entre Ríos,2003,18.699166666666667,3.6666666666666665,2.6416666666666666
Entre Ríos,2004,19.605,2.6799999999999997,2.7241666666666666
Entre Ríos,2005,18.794999999999998,3.5749999999999997,2.6016666666666666
Entre Ríos,2006,19.9075,2.901666666666667,2.6358333333333333
Entre Ríos,2007,17.974999999999998,3.4875000000000003,2.6083333333333334
Entre Ríos,2008,20.086666666666666,1.6841666666666668,2.58
Entre Ríos,2009,19.480833333333333,3.2441666666666666,2.7016666666666667
Entre Ríos,2010,18.426666666666666,2.873333333333333,2.5275
Entre Ríos,2011,18.883333333333333,2.7591666666666668,2.61
Entre Ríos,2012,19.334166666666665,3.6174999999999997,2.658333333333333
Entre Ríos,2013,19.1825,2.5566666666666666,2.605
Entre Ríos,2014,19.18166666666667,3.464166666666667,2.6766666666666663
Entre Ríos,2015,19.6225,3.1824999999999997,2.5500000000000003
Entre Ríos,2016,18.639166666666664,4.176666666666667,2.584166666666667
Entre Ríos,2017,19.525000000000002,3.4225,2.7641666666666667
Entre Ríos,2018,19.7625,2.9633333333333334,2.7716666666666665
Entre Ríos,2019,19.023333333333333,3.595833333333333,2.6441666666666666
Entre Ríos,2020,19.518333333333334,2.424166666666667,2.651666666666667
Entre Ríos,2021,19.59,2.8441666666666667,2.5908333333333333
Entre Ríos,2022,19.385,2.0641666666666665,2.6925000000000003
Entre Ríos,2023,20.925833333333333,2.5075,2.7533333333333334
Formosa,1981,22.403333333333336,4.085,2.4899999999999998
Formosa,1982,23.350833333333338,4.39,2.5858333333333334
Formosa,1983,22.186666666666667,3.5408333333333335,2.566666666666667
Formosa,1984,23.34,3.97,2.6941666666666664
Formosa,1985,23.74,3.8891666666666667,2.5175
Formosa,1986,23.704166666666666,5.1433333333333335,2.7591666666666668
Formosa,1987,22.23,3.9908333333333332,2.6925000000000003
Formosa,1988,22.65416666666667,3.1358333333333337,2.5641666666666665
Formosa,1989,22.189166666666665,3.8825,2.46
Formosa,1990,22.44,4.304166666666666,2.715833333333333
Formosa,1991,23.234166666666667,3.9883333333333333,2.6241666666666665
Formosa,1992,21.528333333333332,5.005833333333333,2.5524999999999998
Formosa,1993,22.91416666666667,3.06,2.6325
Formosa,1994,23.0725,4.498333333333334,2.540833333333333
Formosa,1995,23.41,3.2708333333333335,2.585
Formosa,1996,22.064166666666665,4.809166666666667,2.4116666666666666
Formosa,1997,23.848333333333333,3.5875,2.723333333333333
Formosa,1998,21.785,5.368333333333333,2.565
Formosa,1999,22.665000000000003,3.348333333333333,2.4483333333333333
Formosa,2000,22.47,3.9175,2.6183333333333336
Formosa,2001,23.161666666666665,3.999166666666667,2.6325
Formosa,2002,22.936666666666667,4.789166666666667,2.7725000000000004
Formosa,2003,22.876666666666665,3.81,2.69
Formosa,2004,22.47583333333333,3.9091666666666662,2.6408333333333336
Formosa,2005,22.790000000000003,3.000833333333333,2.651666666666667
Formosa,2006,23.36583333333333,3.8683333333333336,2.61
Formosa,2007,22.22,3.725,2.578333333333333
Formosa,2008,22.852500000000003,2.735,2.5175
Formosa,2009,22.805833333333336,3.6208333333333336,2.5933333333333333
Formosa,2010,21.6075,3.6075,2.62
Formosa,2011,22.459166666666665,3.578333333333333,2.4250000000000003
Formosa,2012,23.540833333333335,3.3666666666666667,2.6175
Formosa,2013,22.271666666666665,3.3666666666666667,2.585
Formosa,2014,22.635833333333334,4.8933333333333335,2.65
Formosa,2015,22.983333333333334,4.929166666666666,2.5349999999999997
Formosa,2016,21.83666666666667,4.383333333333334,2.4658333333333333
Formosa,2017,23.084166666666665,3.9675,2.669166666666667
Formosa,2018,22.505,4.410833333333334,2.526666666666667
Formosa,2019,22.837500000000002,3.8183333333333334,2.6591666666666667
Formosa,2020,23.651666666666667,2.9858333333333333,2.7066666666666666
Formosa,2021,22.834166666666665,3.395,2.3874999999999997
Formosa,2022,22.8125,3.033333333333333,2.6533333333333333
Formosa,2023,24.495,3.9908333333333332,2.6725
Jujuy,1981,19.405833333333334,2.9691666666666667,2.2333333333333334
Jujuy,1982,19.849999999999998,2.3491666666666666,2.3024999999999998
Jujuy,1983,19.600833333333334,1.9233333333333331,2.3433333333333333
Jujuy,1984,19.530833333333334,3.010833333333333,2.2591666666666668
Jujuy,1985,20.209166666666665,2.9258333333333333,2.2158333333333333
Jujuy,1986,20.75916666666667,2.265,2.214166666666667
Jujuy,1987,19.666666666666668,2.1866666666666665,2.328333333333333
Jujuy,1988,19.285833333333333,2.4499999999999997,2.2266666666666666
Jujuy,1989,19.805833333333332,2.3091666666666666,2.1791666666666667
Jujuy,1990,19.6975,2.7083333333333335,2.1816666666666666
Jujuy,1991,19.776666666666667,2.721666666666667,2.3116666666666665
Jujuy,1992,19.273333333333333,2.0591666666666666,2.3725
Jujuy,1993,19.459166666666665,2.191666666666667,2.1774999999999998
Jujuy,1994,20.4425,2.1175,2.215
Jujuy,1995,19.913333333333334,2.0641666666666665,2.236666666666667
Jujuy,1996,19.543333333333333,1.7291666666666667,2.3725
Jujuy,1997,20.7825,1.4408333333333332,2.3775
Jujuy,1998,19.824166666666667,1.8383333333333336,2.3808333333333334
Jujuy,1999,18.956666666666667,2.4533333333333336,2.2691666666666666
Jujuy,2000,18.995,2.3175,2.2808333333333333
Jujuy,2001,19.9425,2.2075,2.2399999999999998
Jujuy,2002,20.236666666666668,1.9158333333333333,2.3041666666666667
Jujuy,2003,19.8825,2.9441666666666664,2.191666666666667
Jujuy,2004,19.536666666666665,2.4375,2.2600000000000002
Jujuy,2005,19.984166666666667,1.6941666666666666,2.3691666666666666
Jujuy,2006,20.357499999999998,1.9841666666666669,2.28
Jujuy,2007,19.026666666666667,2.408333333333333,2.3000000000000003
Jujuy,2008,19.100833333333334,2.779166666666667,2.2391666666666667
Jujuy,2009,19.94333333333333,2.1216666666666666,2.2125
Jujuy,2010,19.267500000000002,1.7658333333333331,2.3891666666666667
Jujuy,2011,19.43583333333333,2.0325,2.2933333333333334
Jujuy,2012,20.27916666666667,1.755,2.3408333333333333
Jujuy,2013,20.158333333333335,1.5725,2.3341666666666665
Jujuy,2014,20.161666666666665,2.2158333333333333,2.3075
Jujuy,2015,20.185,2.1533333333333333,2.2600000000000002
Jujuy,2016,19.315833333333334,2.6175,2.2958333333333334
Jujuy,2017,20.419999999999998,1.8508333333333333,2.305
Jujuy,2018,19.539166666666667,2.5091666666666668,2.1858333333333335
Jujuy,2019,19.926666666666666,2.4525,2.2566666666666664
Jujuy,2020,20.370833333333334,2.1658333333333335,2.2591666666666668
Jujuy,2021,19.613333333333333,2.2425,2.3266666666666667
Jujuy,2022,19.499166666666667,3.763333333333333,2.2375000000000003
Jujuy,2023,21.616666666666664,1.9108333333333334,2.3416666666666663
La Pampa,1981,16.018333333333334,1.8458333333333332,0.44
La Pampa,1982,15.844166666666666,2.1508333333333334,0.43333333333333335
La Pampa,1983,15.473333333333334,2.14,0.44249999999999995
La Pampa,1984,14.585,2.2775,0.43583333333333335
La Pampa,1985,15.410000000000002,2.8541666666666665,0.43250000000000005
La Pampa,1986,15.488333333333335,2.3375,0.435
La Pampa,1987,15.565,2.1525,0.4375
La Pampa,1988,15.531666666666666,1.8358333333333334,0.4466666666666667
La Pampa,1989,16.170833333333334,2.1891666666666665,0.43250000000000005
La Pampa,1990,15.756666666666666,1.8816666666666666,0.45166666666666666
La Pampa,1991,15.500833333333333,2.720833333333333,0.4166666666666667
La Pampa,1992,14.708333333333334,3.0541666666666667,0.425
La Pampa,1993,15.196666666666667,2.2183333333333333,0.42
La Pampa,1994,16.157500000000002,1.8258333333333334,0.43333333333333335
La Pampa,1995,15.886666666666668,1.3833333333333335,0.4375
La Pampa,1996,15.249166666666667,2.9308333333333336,0.4275
La Pampa,1997,15.763333333333334,2.2383333333333333,0.42
La Pampa,1998,15.635,1.9124999999999999,0.4191666666666667
La Pampa,1999,14.649166666666666,2.8825,0.42416666666666664
La Pampa,2000,14.646666666666667,2.4366666666666665,0.4283333333333334
La Pampa,2001,15.3125,3.2741666666666664,0.43333333333333335
La Pampa,2002,15.414166666666667,2.0558333333333336,0.44416666666666665
La Pampa,2003,16.510833333333334,1.2,0.4583333333333333
La Pampa,2004,15.986666666666666,2.0966666666666667,0.44249999999999995
La Pampa,2005,15.741666666666667,1.4016666666666666,0.445
La Pampa,2006,16.226666666666667,1.7466666666666668,0.44333333333333336
La Pampa,2007,14.789166666666667,1.92,0.44083333333333335
La Pampa,2008,16.517500000000002,1.6233333333333333,0.42583333333333334
La Pampa,2009,16.689166666666665,1.1975,0.4475
La Pampa,2010,15.546666666666667,1.8858333333333333,0.455
La Pampa,2011,15.744166666666667,1.8699999999999999,0.45166666666666666
La Pampa,2012,15.203333333333333,2.8491666666666666,0.4291666666666667
La Pampa,2013,16.308333333333334,1.4983333333333333,0.4658333333333333
La Pampa,2014,15.375833333333333,2.703333333333333,0.43916666666666665
La Pampa,2015,15.885,2.044166666666667,0.4283333333333333
La Pampa,2016,14.8675,2.813333333333333,0.4258333333333333
La Pampa,2017,15.624166666666667,3.135833333333333,0.44916666666666666
La Pampa,2018,16.539166666666667,1.4816666666666667,0.4475
La Pampa,2019,16.221666666666668,1.2258333333333333,0.45333333333333337
La Pampa,2020,15.441666666666665,2.76,0.4458333333333333
La Pampa,2021,15.485833333333332,2.6941666666666664,0.43083333333333335
La Pampa,2022,15.609166666666667,1.5658333333333332,0.44333333333333336
La Pampa,2023,16.573333333333334,1.8341666666666665,0.4291666666666667
La Rioja,1981,20.254166666666666,0.9983333333333334,2.370833333333333
La Rioja,1982,20.43166666666667,0.9758333333333334,2.316666666666667
La Rioja,1983,19.976666666666667,0.7891666666666667,2.3874999999999997
La Rioja,1984,19.629166666666666,1.2216666666666667,2.4141666666666666
La Rioja,1985,20.655,1.2891666666666668,2.330833333333333
La Rioja,1986,21.140833333333333,0.9166666666666666,2.390833333333333
La Rioja,1987,20.480833333333333,0.8566666666666668,2.3891666666666667
La Rioja,1988,19.936666666666667,0.8733333333333334,2.3325
La Rioja,1989,20.746666666666666,0.8258333333333333,2.3241666666666667
La Rioja,1990,19.934166666666666,1.0691666666666666,2.3141666666666665
La Rioja,1991,20.291666666666668,1.01,2.3808333333333334
La Rioja,1992,18.909166666666668,1.4775,2.3208333333333333
La Rioja,1993,19.820833333333333,0.7683333333333332,2.341666666666667
La Rioja,1994,20.728333333333335,0.7575,2.3916666666666666
La Rioja,1995,20.5825,0.38833333333333336,2.4058333333333333
La Rioja,1996,19.819166666666664,0.7491666666666666,2.396666666666667
La Rioja,1997,21.080833333333334,0.8250000000000001,2.4225
La Rioja,1998,19.588333333333335,0.9625,2.4425
La Rioja,1999,18.993333333333332,1.3958333333333333,2.3366666666666664
La Rioja,2000,18.70416666666667,1.6224999999999998,2.3091666666666666
La Rioja,2001,19.79,1.2233333333333334,2.4066666666666667
La Rioja,2002,19.700833333333332,1.63,2.345833333333333
La Rioja,2003,20.294166666666666,0.9241666666666667,2.3024999999999998
La Rioja,2004,20.239166666666666,0.7975,2.4908333333333332
La Rioja,2005,19.5425,1.1266666666666667,2.3975
La Rioja,2006,20.671666666666667,0.8658333333333333,2.36
La Rioja,2007,19.24083333333333,1.2366666666666666,2.41
La Rioja,2008,19.313333333333333,1.7275,2.1633333333333336
La Rioja,2009,20.298333333333336,1.0466666666666666,2.2966666666666664
La Rioja,2010,19.00583333333333,1.2133333333333334,2.3441666666666667
La Rioja,2011,19.2975,0.9941666666666666,2.3024999999999998
La Rioja,2012,20.474166666666665,0.8625000000000002,2.4308333333333336
La Rioja,2013,20.19333333333333,0.7425,2.4875000000000003
La Rioja,2014,19.910833333333333,1.285,2.424166666666667
La Rioja,2015,20.084166666666665,1.5116666666666667,2.4033333333333333
La Rioja,2016,19.216666666666665,1.57,2.3691666666666666
La Rioja,2017,20.100833333333334,1.5783333333333331,2.2891666666666666
La Rioja,2018,19.985833333333336,1.0783333333333334,2.330833333333333
La Rioja,2019,19.485,1.5016666666666667,2.245
La Rioja,2020,20.279166666666665,1.0808333333333333,2.405
La Rioja,2021,19.658333333333335,1.5541666666666665,2.4433333333333334
La Rioja,2022,19.456666666666667,1.4425000000000001,2.3266666666666667
La Rioja,2023,21.23,1.0733333333333335,2.3983333333333334
Mendoza,1981,17.086666666666666,0.91,2.8066666666666666
Mendoza,1982,17.124166666666667,0.8875000000000001,2.794166666666667
Mendoza,1983,16.735,0.8741666666666666,2.783333333333333
Mendoza,1984,16.254166666666666,1.2141666666666666,2.8524999999999996
Mendoza,1985,17.563333333333333,0.8283333333333333,2.8525000000000005
Mendoza,1986,18.02,0.48500000000000004,2.9908333333333332
Mendoza,1987,17.24833333333333,0.8808333333333334,2.8333333333333335
Mendoza,1988,17.141666666666666,0.4891666666666667,2.796666666666667
Mendoza,1989,17.725833333333334,0.5808333333333333,2.7641666666666667
Mendoza,1990,16.990833333333335,0.8866666666666667,2.8216666666666668
Mendoza,1991,17.255,0.7158333333333333,2.89
Mendoza,1992,16.425,0.9133333333333334,2.8675
Mendoza,1993,16.625,0.7666666666666666,2.8575
Mendoza,1994,17.563333333333333,0.7749999999999999,2.901666666666667
Mendoza,1995,17.31416666666667,0.4608333333333334,2.845
Mendoza,1996,16.768333333333334,0.5075,2.895
Mendoza,1997,17.469166666666666,0.8383333333333334,2.813333333333333
Mendoza,1998,16.6475,0.9116666666666667,2.8966666666666665
Mendoza,1999,16.232499999999998,1.0766666666666667,2.904166666666667
Mendoza,2000,15.989166666666668,0.9716666666666667,2.909166666666667
Mendoza,2001,16.63,1.16,2.8433333333333333
Mendoza,2002,16.919166666666666,0.7316666666666666,2.94
Mendoza,2003,17.593333333333334,0.46166666666666667,2.908333333333333
Mendoza,2004,16.893333333333334,0.9258333333333333,2.919166666666667
Mendoza,2005,16.4025,0.9,2.9149999999999996
Mendoza,2006,17.500833333333333,0.8341666666666666,2.9441666666666664
Mendoza,2007,15.910000000000002,0.6858333333333334,2.855833333333333
Mendoza,2008,16.926666666666666,0.9500000000000001,2.7308333333333334
Mendoza,2009,17.611666666666668,0.4066666666666667,2.8941666666666666
Mendoza,2010,16.745,0.535,2.935
Mendoza,2011,16.530833333333334,0.7025,2.8183333333333334
Mendoza,2012,17.291666666666668,0.49,2.9941666666666666
Mendoza,2013,17.133333333333333,0.6641666666666667,2.8608333333333333
Mendoza,2014,16.82166666666667,0.9866666666666667,2.8941666666666666
Mendoza,2015,16.995833333333334,0.8158333333333334,2.939166666666667
Mendoza,2016,16.229166666666668,1.2833333333333334,2.8491666666666666
Mendoza,2017,16.999166666666667,0.9716666666666667,2.8158333333333334
Mendoza,2018,16.8875,0.7558333333333334,2.858333333333333
Mendoza,2019,17.198333333333334,0.6224999999999999,2.9333333333333336
Mendoza,2020,17.393333333333334,1.09,2.984166666666667
Mendoza,2021,16.984166666666667,0.9725,2.9066666666666667
Mendoza,2022,16.9375,0.49583333333333335,2.901666666666667
Mendoza,2023,18.51666666666667,0.47500000000000003,3.1125000000000003
Misiones,1981,21.116666666666667,3.986666666666667,0.13333333333333333
Misiones,1982,21.1125,6.0475,0.1225
Misiones,1983,19.69,7.329166666666667,0.12916666666666668
Misiones,1984,20.464166666666667,6.095833333333332,0.12333333333333334
Misiones,1985,21.071666666666665,5.805833333333333,0.12333333333333334
Misiones,1986,21.205833333333334,6.534166666666667,0.12333333333333334
Misiones,1987,19.805,6.6025,0.1375
Misiones,1988,20.56416666666667,4.28,0.13
Misiones,1989,20.273333333333333,5.840833333333333,0.1275
Misiones,1990,20.401666666666667,6.965,0.11666666666666665
Misiones,1991,21.576666666666668,4.359166666666667,0.125
Misiones,1992,19.9675,5.691666666666666,0.12083333333333333
Misiones,1993,20.361666666666668,5.129166666666666,0.12666666666666668
Misiones,1994,20.93166666666667,6.141666666666667,0.11750000000000001
Misiones,1995,21.733333333333334,3.5133333333333336,0.1225
Misiones,1996,20.640833333333333,5.3025,0.12916666666666668
Misiones,1997,21.29583333333333,6.0325,0.11833333333333333
Misiones,1998,20.209166666666665,6.608333333333333,0.12
Misiones,1999,20.768333333333334,4.5575,0.12666666666666668
Misiones,2000,20.546666666666667,5.253333333333333,0.1275
Misiones,2001,20.915833333333335,4.549166666666666,0.105
Misiones,2002,21.139166666666664,6.545833333333333,0.1025
Misiones,2003,20.394166666666667,5.029166666666667,0.11083333333333334
Misiones,2004,21.131666666666664,3.5825,0.11750000000000001
Misiones,2005,21.258333333333333,4.274166666666667,0.11333333333333333
Misiones,2006,21.704166666666666,4.29,0.12583333333333332
Misiones,2007,20.419166666666666,5.531666666666666,0.11666666666666668
Misiones,2008,20.811666666666667,3.5683333333333334,0.12416666666666666
Misiones,2009,21.0,5.2225,0.13166666666666668
Misiones,2010,20.013333333333332,4.633333333333334,0.11833333333333333
Misiones,2011,21.105,3.810833333333333,0.11666666666666668
Misiones,2012,22.310833333333335,3.6216666666666666,0.12166666666666666
Misiones,2013,20.6475,3.810833333333333,0.12166666666666666
Misiones,2014,21.266666666666666,6.954166666666667,0.1075
Misiones,2015,20.885,5.989999999999999,0.10916666666666668
Misiones,2016,20.220833333333335,4.6866666666666665,0.11166666666666668
Misiones,2017,21.010833333333334,6.97,0.11333333333333333
Misiones,2018,21.3475,4.566666666666666,0.11750000000000001
Misiones,2019,21.245,5.111666666666667,0.10916666666666668
Misiones,2020,21.444166666666664,4.213333333333334,0.12833333333333333
Misiones,2021,21.368333333333336,3.5383333333333336,0.12416666666666666
Misiones,2022,21.020833333333332,4.42,0.11750000000000001
Misiones,2023,22.238333333333333,6.226666666666667,0.11416666666666668
Neuquén,1981,14.493333333333334,0.5791666666666667,3.89
Neuquén,1982,14.331666666666665,0.7575,3.901666666666667
Neuquén,1983,14.649166666666668,0.47333333333333333,3.8825
Neuquén,1984,13.139166666666668,1.0808333333333333,3.8666666666666667
Neuquén,1985,14.87,0.5475,3.6208333333333336
Neuquén,1986,14.290833333333333,0.6233333333333333,3.783333333333333
Neuquén,1987,14.889166666666666,0.625,3.75
Neuquén,1988,14.235,0.4875,3.924166666666667
Neuquén,1989,15.261666666666665,0.20833333333333334,3.9116666666666666
Neuquén,1990,14.56,0.49166666666666664,4.0125
Neuquén,1991,14.351666666666667,0.4483333333333333,3.8066666666666666
Neuquén,1992,13.5725,0.9033333333333333,3.668333333333333
Neuquén,1993,14.079999999999998,0.7775,3.6758333333333333
Neuquén,1994,14.344999999999999,0.7858333333333333,3.7758333333333334
Neuquén,1995,14.361666666666666,0.3766666666666667,3.8016666666666663
Neuquén,1996,13.723333333333334,0.4008333333333334,3.7550000000000003
Neuquén,1997,14.249166666666667,0.6916666666666668,3.8200000000000003
Neuquén,1998,14.9325,0.3066666666666667,3.6833333333333336
Neuquén,1999,13.805,1.1916666666666667,3.563333333333333
Neuquén,2000,13.134166666666667,1.0433333333333332,3.8033333333333332
Neuquén,2001,14.429166666666667,0.6441666666666667,3.7641666666666667
Neuquén,2002,13.720833333333333,0.5633333333333334,3.8266666666666667
Neuquén,2003,14.740833333333333,0.29416666666666663,4.100833333333333
Neuquén,2004,14.549166666666666,0.7266666666666666,3.674166666666667
Neuquén,2005,14.009166666666667,0.6041666666666666,3.7916666666666665
Neuquén,2006,14.512500000000001,0.5241666666666667,3.8016666666666663
Neuquén,2007,13.879166666666665,0.23166666666666666,3.9133333333333336
Neuquén,2008,15.299166666666666,0.35000000000000003,3.513333333333333
Neuquén,2009,14.592500000000001,0.3741666666666667,3.795833333333333
Neuquén,2010,13.907499999999999,0.7983333333333333,3.86
Neuquén,2011,14.579166666666666,0.5616666666666666,3.6841666666666666
Neuquén,2012,14.594999999999999,0.6091666666666666,3.7091666666666665
Neuquén,2013,15.195833333333333,0.28250000000000003,3.8091666666666666
Neuquén,2014,13.585833333333333,1.57,3.7383333333333333
Neuquén,2015,14.435,0.8191666666666667,3.6
Neuquén,2016,13.915833333333333,1.27,3.5116666666666667
Neuquén,2017,14.745,0.4975,3.8800000000000003
Neuquén,2018,14.224166666666667,0.9408333333333334,3.6316666666666664
Neuquén,2019,14.63,0.5116666666666666,3.841666666666667
Neuquén,2020,13.750833333333333,1.4433333333333334,3.603333333333333
Neuquén,2021,14.984166666666667,0.5850000000000001,3.3958333333333335
Neuquén,2022,14.225,0.5491666666666667,3.720833333333333
Neuquén,2023,14.939166666666667,0.5125,3.6791666666666667
Río Negro,1981,14.611666666666666,1.3416666666666668,3.8791666666666664
Río Negro,1982,14.788333333333334,0.7133333333333334,4.055833333333333
Río Negro,1983,14.506666666666666,1.1091666666666666,3.981666666666667
Río Negro,1984,13.490833333333333,1.6816666666666666,3.9225
Río Negro,1985,14.54,1.285,3.796666666666667
Río Negro,1986,14.266666666666666,0.82,4.059166666666667
Río Negro,1987,14.54,1.0966666666666667,3.99
Río Negro,1988,14.299999999999999,0.5641666666666666,4.160833333333334
Río Negro,1989,15.270833333333334,0.6341666666666667,3.9975
Río Negro,1990,14.655000000000001,1.18,4.266666666666667
Río Negro,1991,14.741666666666667,0.8458333333333333,4.026666666666666
Río Negro,1992,14.101666666666667,1.1275,4.026666666666666
Río Negro,1993,14.245833333333332,0.8233333333333333,3.9166666666666665
Río Negro,1994,14.536666666666667,0.9458333333333333,4.125
Río Negro,1995,13.762500000000001,0.8783333333333334,4.1125
Río Negro,1996,14.008333333333333,1.0991666666666666,3.9825
Río Negro,1997,14.01,1.7558333333333334,4.099166666666666
Río Negro,1998,14.818333333333333,0.6741666666666667,3.9158333333333335
Río Negro,1999,14.402499999999998,1.1158333333333335,4.079166666666667
Río Negro,2000,13.675833333333335,1.3491666666666668,4.020833333333333
Río Negro,2001,14.2475,1.3716666666666668,4.05
Río Negro,2002,14.234166666666667,0.9,4.115833333333334
Río Negro,2003,14.400833333333333,0.945,4.140833333333333
Río Negro,2004,14.514166666666666,1.5783333333333331,4.060833333333334
Río Negro,2005,14.145833333333334,0.9025,4.0925
Río Negro,2006,14.369166666666667,1.1491666666666667,4.219166666666667
Río Negro,2007,13.7025,0.8166666666666668,4.085
Río Negro,2008,14.856666666666667,0.5933333333333334,4.0424999999999995
Río Negro,2009,15.012500000000001,0.5575,4.168333333333334
Río Negro,2010,14.055833333333332,0.9691666666666667,4.090833333333333
Río Negro,2011,14.619166666666667,0.9316666666666666,4.1241666666666665
Río Negro,2012,14.256666666666666,1.1833333333333333,4.08
Río Negro,2013,14.328333333333333,0.9791666666666666,4.120833333333334
Río Negro,2014,13.973333333333334,1.3541666666666667,3.9975
Río Negro,2015,14.276666666666666,1.1016666666666666,4.0325
Río Negro,2016,14.114166666666668,1.3091666666666668,3.841666666666667
Río Negro,2017,14.783333333333333,1.1266666666666667,4.120833333333334
Río Negro,2018,14.510833333333332,1.2608333333333333,3.9608333333333334
Río Negro,2019,14.215000000000002,0.8741666666666666,4.119166666666667
Río Negro,2020,14.407499999999999,1.0933333333333333,4.158333333333333
Río Negro,2021,15.086666666666666,0.7658333333333333,3.9775000000000005
Río Negro,2022,14.076666666666668,1.5033333333333336,4.1825
Río Negro,2023,14.425833333333335,1.7166666666666668,4.058333333333334
Salta,1981,13.815,2.7075,2.3225000000000002
Salta,1982,14.19,2.0691666666666664,2.3841666666666668
Salta,1983,13.86,2.066666666666667,2.28
Salta,1984,14.020000000000001,2.7283333333333335,2.3016666666666663
Salta,1985,14.071666666666667,3.3591666666666664,2.245
Salta,1986,14.629166666666668,2.311666666666667,2.2483333333333335
Salta,1987,13.958333333333334,2.089166666666667,2.2624999999999997
Salta,1988,13.655000000000001,2.1625,2.250833333333333
Salta,1989,13.900833333333333,2.3375,2.210833333333333
Salta,1990,13.929166666666667,2.2258333333333336,2.2741666666666664
Salta,1991,14.319166666666668,2.316666666666667,2.3216666666666668
Salta,1992,13.575000000000001,1.8633333333333333,2.3783333333333334
Salta,1993,13.715833333333334,2.0175,2.27
Salta,1994,14.371666666666668,2.1374999999999997,2.3333333333333335
Salta,1995,13.901666666666666,1.78,2.2825
Salta,1996,13.435,2.0691666666666664,2.3833333333333333
Salta,1997,14.544166666666667,1.5250000000000001,2.3725
Salta,1998,13.710833333333333,1.8558333333333332,2.355
Salta,1999,13.12,2.311666666666667,2.3441666666666667
Salta,2000,13.335833333333333,2.214166666666667,2.3475
Salta,2001,13.816666666666668,2.688333333333334,2.3383333333333334
Salta,2002,14.216666666666669,1.8183333333333334,2.3291666666666666
Salta,2003,14.205833333333333,2.0925,2.3074999999999997
Salta,2004,13.730833333333335,1.9225,2.3633333333333333
Salta,2005,13.834166666666667,1.5716666666666665,2.390833333333333
Salta,2006,14.449166666666665,1.8625,2.356666666666667
Salta,2007,13.491666666666667,2.3333333333333335,2.3316666666666666
Salta,2008,13.124166666666667,2.8733333333333335,2.3041666666666667
Salta,2009,13.969999999999999,1.6575,2.3233333333333333
Salta,2010,13.300833333333335,1.9608333333333334,2.3375
Salta,2011,13.362499999999999,2.6175,2.31
Salta,2012,14.211666666666666,1.8641666666666665,2.3425
Salta,2013,13.836666666666666,2.0116666666666667,2.408333333333333
Salta,2014,14.183333333333332,2.1675,2.3516666666666666
Salta,2015,14.343333333333334,2.0866666666666664,2.370833333333333
Salta,2016,13.563333333333333,2.9008333333333334,2.3333333333333335
Salta,2017,14.331666666666665,2.029166666666667,2.299166666666667
Salta,2018,13.975,2.5349999999999997,2.2466666666666666
Salta,2019,14.295,2.1266666666666665,2.3141666666666665
Salta,2020,14.469166666666666,2.0433333333333334,2.3216666666666668
Salta,2021,13.799999999999999,1.9625000000000001,2.433333333333333
Salta,2022,13.449166666666665,2.7375000000000003,2.2733333333333334
Salta,2023,15.417499999999999,2.026666666666667,2.374166666666667
San Juan,1981,17.26,0.42333333333333334,2.549166666666667
San Juan,1982,17.454166666666666,0.46,2.5433333333333334
San Juan,1983,16.705833333333334,0.4991666666666667,2.5483333333333333
San Juan,1984,16.7625,0.48416666666666663,2.6149999999999998
San Juan,1985,17.675833333333333,0.36999999999999994,2.549166666666667
San Juan,1986,18.074166666666667,0.3125,2.75
San Juan,1987,16.973333333333333,0.61,2.605
San Juan,1988,16.885,0.32583333333333336,2.5425
San Juan,1989,17.555,0.3216666666666667,2.5366666666666666
San Juan,1990,17.094166666666666,0.4841666666666667,2.5391666666666666
San Juan,1991,17.31833333333333,0.3225,2.5325
San Juan,1992,16.505,0.4683333333333333,2.66
San Juan,1993,16.819166666666664,0.33666666666666667,2.566666666666667
San Juan,1994,17.7275,0.21833333333333335,2.6441666666666666
San Juan,1995,17.355833333333333,0.17666666666666667,2.6175
San Juan,1996,16.673333333333336,0.1875,2.515
San Juan,1997,17.62333333333333,0.36000000000000004,2.5558333333333336
San Juan,1998,16.714166666666667,0.23666666666666666,2.5908333333333333
San Juan,1999,16.213333333333335,0.3666666666666667,2.585
San Juan,2000,15.949166666666665,0.6425,2.5791666666666666
San Juan,2001,16.860833333333336,0.3475,2.6108333333333333
San Juan,2002,16.94,0.38083333333333336,2.6325
San Juan,2003,17.56833333333333,0.16749999999999998,2.5516666666666667
San Juan,2004,16.909166666666668,0.44416666666666665,2.6483333333333334
San Juan,2005,16.37666666666667,0.7383333333333333,2.6241666666666665
San Juan,2006,17.7825,0.20333333333333334,2.609166666666667
San Juan,2007,15.924166666666666,0.36000000000000004,2.5675
San Juan,2008,16.455833333333334,0.8583333333333334,2.4625
San Juan,2009,17.381666666666664,0.16416666666666666,2.5683333333333334
San Juan,2010,16.4175,0.33083333333333337,2.569166666666667
San Juan,2011,16.375833333333333,0.36333333333333334,2.5641666666666665
San Juan,2012,17.2525,0.18500000000000003,2.578333333333333
San Juan,2013,16.996666666666666,0.375,2.6108333333333333
San Juan,2014,16.906666666666666,0.5658333333333333,2.5783333333333336
San Juan,2015,17.31,0.22166666666666668,2.5833333333333335
San Juan,2016,16.588333333333335,0.4708333333333334,2.4841666666666664
San Juan,2017,17.1475,0.43083333333333335,2.578333333333333
San Juan,2018,16.865,0.4366666666666667,2.52
San Juan,2019,17.195,0.31083333333333335,2.5175
San Juan,2020,17.609166666666667,0.6916666666666668,2.6300000000000003
San Juan,2021,17.029166666666665,0.4083333333333334,2.645
San Juan,2022,16.6575,0.355,2.558333333333333
San Juan,2023,18.466666666666665,0.5358333333333334,2.7016666666666667
San Luis,1981,16.8075,1.7616666666666667,2.9324999999999997
San Luis,1982,17.086666666666666,1.765,3.0033333333333334
San Luis,1983,16.520833333333332,1.7924999999999998,3.02
San Luis,1984,15.847499999999998,2.4791666666666665,3.0675000000000003
San Luis,1985,16.9075,2.1875,3.1333333333333333
San Luis,1986,17.5425,1.235,3.3575
San Luis,1987,17.020833333333332,1.5808333333333333,3.2108333333333334
San Luis,1988,16.895833333333332,1.3816666666666666,3.035833333333333
San Luis,1989,17.305,1.8508333333333333,3.0749999999999997
San Luis,1990,16.650000000000002,1.7891666666666666,3.0541666666666667
San Luis,1991,16.454166666666666,2.0866666666666664,2.964166666666667
San Luis,1992,16.196666666666665,1.7066666666666668,3.1041666666666665
San Luis,1993,16.558333333333334,1.1458333333333333,3.0816666666666666
San Luis,1994,17.129166666666666,1.9316666666666666,3.0766666666666667
San Luis,1995,16.969166666666666,1.3616666666666666,3.124166666666667
San Luis,1996,16.624166666666667,1.6883333333333332,2.99
San Luis,1997,17.4175,1.8800000000000001,3.1291666666666664
San Luis,1998,16.111666666666668,2.0208333333333335,2.9758333333333336
San Luis,1999,16.087500000000002,2.1625,3.0233333333333334
San Luis,2000,15.604166666666666,1.9158333333333333,3.0224999999999995
San Luis,2001,16.525833333333335,2.14,3.0341666666666662
San Luis,2002,16.584166666666665,1.9291666666666665,3.170833333333333
San Luis,2003,17.25916666666667,1.1416666666666668,3.106666666666667
San Luis,2004,16.690833333333334,2.1983333333333333,3.089166666666667
San Luis,2005,16.421666666666667,1.5716666666666665,3.0316666666666667
San Luis,2006,17.27,2.0033333333333334,3.1533333333333338
San Luis,2007,15.095833333333333,2.620833333333333,2.9158333333333335
San Luis,2008,16.1325,3.5050000000000003,2.810833333333333
San Luis,2009,17.059166666666666,1.5091666666666665,3.0058333333333334
San Luis,2010,16.174166666666668,1.5841666666666667,2.973333333333333
San Luis,2011,16.281666666666666,1.5983333333333334,3.046666666666667
San Luis,2012,16.825833333333332,1.8475,3.1275
San Luis,2013,16.770833333333332,1.7383333333333333,3.1325000000000003
San Luis,2014,16.635,2.0841666666666665,3.096666666666667
San Luis,2015,16.340833333333332,2.7983333333333333,2.9616666666666664
San Luis,2016,16.013333333333332,2.1408333333333336,2.9466666666666668
San Luis,2017,16.566666666666666,2.1991666666666667,2.9949999999999997
San Luis,2018,17.026666666666667,1.4508333333333334,3.0500000000000003
San Luis,2019,17.2,1.1658333333333333,2.9891666666666663
San Luis,2020,17.843333333333334,0.9891666666666667,3.2325
San Luis,2021,16.730833333333333,2.2275,2.9675
San Luis,2022,17.066666666666666,1.1775,3.044166666666667
San Luis,2023,18.135833333333334,1.2625,3.1616666666666666
Santa Cruz,1981,7.016666666666667,0.9758333333333334,4.944999999999999
Santa Cruz,1982,7.104166666666667,0.9708333333333333,4.724166666666666
Santa Cruz,1983,7.365833333333334,0.9808333333333333,4.8308333333333335
Santa Cruz,1984,6.475833333333334,0.8266666666666667,4.469166666666667
Santa Cruz,1985,7.552499999999999,0.9533333333333333,4.846666666666667
Santa Cruz,1986,6.765833333333333,0.7641666666666667,5.244166666666667
Santa Cruz,1987,7.489999999999999,1.0691666666666666,4.89
Santa Cruz,1988,7.267499999999999,0.9716666666666667,5.0275
Santa Cruz,1989,7.453333333333333,0.8883333333333333,4.855833333333333
Santa Cruz,1990,6.846666666666667,1.24,5.129166666666666
Santa Cruz,1991,6.180833333333333,1.0175,4.63
Santa Cruz,1992,6.1883333333333335,0.8733333333333334,4.4125000000000005
Santa Cruz,1993,6.79,0.8566666666666668,4.655
Santa Cruz,1994,6.4725,1.1758333333333335,4.6175
Santa Cruz,1995,6.585833333333333,0.8633333333333333,5.045833333333333
Santa Cruz,1996,6.690833333333334,1.0416666666666667,4.9275
Santa Cruz,1997,6.206666666666667,1.0741666666666667,4.7
Santa Cruz,1998,7.4575000000000005,1.0341666666666667,5.0975
Santa Cruz,1999,6.993333333333333,0.7958333333333334,4.995833333333334
Santa Cruz,2000,6.059166666666667,1.2541666666666667,4.848333333333334
Santa Cruz,2001,6.2749999999999995,0.9925,4.961666666666667
Santa Cruz,2002,5.850833333333334,1.3583333333333334,4.619166666666667
Santa Cruz,2003,6.778333333333333,1.3541666666666667,4.900833333333334
Santa Cruz,2004,7.548333333333333,0.98,4.6425
Santa Cruz,2005,6.626666666666666,1.075,4.576666666666667
Santa Cruz,2006,7.001666666666666,1.0,4.903333333333333
Santa Cruz,2007,6.7508333333333335,1.0666666666666667,5.064166666666667
Santa Cruz,2008,7.279166666666666,1.045,4.819166666666667
Santa Cruz,2009,6.626666666666666,1.14,5.2325
Santa Cruz,2010,6.465833333333333,0.8258333333333333,5.085
Santa Cruz,2011,7.160833333333334,0.98,4.668333333333334
Santa Cruz,2012,6.802499999999999,1.1700000000000002,5.201666666666667
Santa Cruz,2013,7.2725,1.1058333333333332,5.148333333333333
Santa Cruz,2014,6.4525,1.1125,4.995833333333333
Santa Cruz,2015,6.645833333333333,0.8891666666666667,5.0216666666666665
Santa Cruz,2016,7.47,0.7508333333333334,4.6525
Santa Cruz,2017,6.935,1.425,4.945
Santa Cruz,2018,6.8075,1.1125,4.6066666666666665
Santa Cruz,2019,6.895,1.3925,4.903333333333333
Santa Cruz,2020,6.996666666666666,1.5533333333333335,4.758333333333334
Santa Cruz,2021,7.715,0.6566666666666666,4.681666666666667
Santa Cruz,2022,7.086666666666666,0.8075,4.8341666666666665
Santa Cruz,2023,6.72,0.7691666666666667,5.029166666666667
Santa Fe,1981,19.345833333333335,3.6808333333333336,2.730833333333333
Santa Fe,1982,19.9475,2.43,2.763333333333333
Santa Fe,1983,18.874166666666667,3.0241666666666664,2.65
Santa Fe,1984,18.526666666666667,3.5700000000000003,2.6991666666666667
Santa Fe,1985,19.824166666666667,2.783333333333333,2.6733333333333333
Santa Fe,1986,19.894166666666667,3.448333333333333,2.8241666666666667
Santa Fe,1987,19.3875,2.8349999999999995,2.733333333333333
Santa Fe,1988,19.216666666666665,2.3325,2.6458333333333335
Santa Fe,1989,20.3175,2.315,2.6533333333333333
Santa Fe,1990,19.3025,3.77,2.76
Santa Fe,1991,19.791666666666668,3.2816666666666663,2.704166666666667
Santa Fe,1992,18.88083333333333,3.2708333333333335,2.7841666666666662
Santa Fe,1993,19.017500000000002,3.0191666666666666,2.794166666666667
Santa Fe,1994,19.965,2.4308333333333336,2.7416666666666667
Santa Fe,1995,19.375833333333333,2.6225,2.65
Santa Fe,1996,19.2725,2.563333333333333,2.5725000000000002
Santa Fe,1997,20.375,2.5566666666666666,2.7258333333333336
Santa Fe,1998,18.8725,3.089166666666667,2.6183333333333336
Santa Fe,1999,19.359166666666667,2.5941666666666667,2.6783333333333332
Santa Fe,2000,18.3825,4.695,2.63
Santa Fe,2001,19.341666666666665,3.2583333333333333,2.6916666666666664
Santa Fe,2002,19.091666666666665,3.8275,2.7758333333333334
Santa Fe,2003,18.699166666666667,3.6666666666666665,2.6416666666666666
Santa Fe,2004,19.605,2.6799999999999997,2.7241666666666666
Santa Fe,2005,18.794999999999998,3.5749999999999997,2.6016666666666666
Santa Fe,2006,19.9075,2.901666666666667,2.6358333333333333
Santa Fe,2007,17.974999999999998,3.4875000000000003,2.6083333333333334
Santa Fe,2008,20.086666666666666,1.6841666666666668,2.58
Santa Fe,2009,19.480833333333333,3.2441666666666666,2.7016666666666667
Santa Fe,2010,18.426666666666666,2.873333333333333,2.5275
Santa Fe,2011,18.883333333333333,2.7591666666666668,2.61
Santa Fe,2012,19.334166666666665,3.6174999999999997,2.658333333333333
Santa Fe,2013,19.1825,2.5566666666666666,2.605
Santa Fe,2014,19.18166666666667,3.464166666666667,2.6766666666666663
Santa Fe,2015,19.6225,3.1824999999999997,2.5500000000000003
Santa Fe,2016,18.639166666666664,4.176666666666667,2.584166666666667
Santa Fe,2017,19.525000000000002,3.4225,2.7641666666666667
Santa Fe,2018,19.7625,2.9633333333333334,2.7716666666666665
Santa Fe,2019,19.023333333333333,3.595833333333333,2.6441666666666666
Santa Fe,2020,19.518333333333334,2.424166666666667,2.651666666666667
Santa Fe,2021,19.59,2.8441666666666667,2.5908333333333333
Santa Fe,2022,19.385,2.0641666666666665,2.6925000000000003
Santa Fe,2023,20.925833333333333,2.5075,2.7533333333333334
Santiago del Estero,1981,21.903333333333336,2.0608333333333335,0.34833333333333333
Santiago del Estero,1982,22.02416666666667,2.165,0.35333333333333333
Santiago del Estero,1983,21.100833333333334,1.9608333333333334,0.3466666666666667
Santiago del Estero,1984,21.498333333333335,1.765,0.35083333333333333
Santiago del Estero,1985,22.573333333333334,1.9675,0.35333333333333333
Santiago del Estero,1986,23.185,1.5166666666666666,0.3741666666666667
Santiago del Estero,1987,21.934166666666666,1.6983333333333333,0.36083333333333334
Santiago del Estero,1988,21.983333333333334,1.0908333333333333,0.35833333333333334
Santiago del Estero,1989,22.510833333333334,1.8425,0.3558333333333333
Santiago del Estero,1990,21.62,1.7883333333333333,0.355
Santiago del Estero,1991,22.24,1.8608333333333331,0.3575
Santiago del Estero,1992,20.718333333333334,2.390833333333333,0.36083333333333334
Santiago del Estero,1993,21.650833333333335,1.3425,0.3566666666666667
Santiago del Estero,1994,22.6875,1.4816666666666667,0.3641666666666667
Santiago del Estero,1995,22.159166666666668,1.0850000000000002,0.36166666666666664
Santiago del Estero,1996,21.135833333333334,2.3658333333333332,0.3516666666666666
Santiago del Estero,1997,22.6875,1.8908333333333331,0.355
Santiago del Estero,1998,21.465,1.4608333333333334,0.3433333333333333
Santiago del Estero,1999,20.713333333333335,2.2624999999999997,0.3425
Santiago del Estero,2000,20.419166666666666,2.3874999999999997,0.34833333333333333
Santiago del Estero,2001,21.485,2.2341666666666664,0.3516666666666666
Santiago del Estero,2002,21.34,2.1866666666666665,0.34833333333333333
Santiago del Estero,2003,22.245,1.2633333333333334,0.35250000000000004
Santiago del Estero,2004,22.224166666666665,1.4925,0.3725
Santiago del Estero,2005,21.204166666666666,1.6908333333333332,0.3425
Santiago del Estero,2006,22.626666666666665,1.1241666666666665,0.355
Santiago del Estero,2007,20.724166666666665,1.555,0.3566666666666667
Santiago del Estero,2008,21.11916666666667,2.2416666666666667,0.37083333333333335
Santiago del Estero,2009,21.948333333333334,1.6441666666666668,0.3666666666666667
Santiago del Estero,2010,20.4925,1.9225,0.3575
Santiago del Estero,2011,20.837500000000002,2.111666666666667,0.35833333333333334
Santiago del Estero,2012,21.991666666666664,1.7841666666666667,0.36333333333333334
Santiago del Estero,2013,21.940833333333334,1.4008333333333336,0.36083333333333334
Santiago del Estero,2014,21.590833333333336,2.4475000000000002,0.35250000000000004
Santiago del Estero,2015,21.825,2.4341666666666666,0.33166666666666667
Santiago del Estero,2016,20.68,2.075833333333333,0.3433333333333333
Santiago del Estero,2017,22.145833333333332,1.9483333333333335,0.355
Santiago del Estero,2018,21.528333333333336,1.925,0.35000000000000003
Santiago del Estero,2019,20.973333333333333,2.486666666666667,0.345
Santiago del Estero,2020,21.897499999999997,1.5516666666666667,0.3591666666666667
Santiago del Estero,2021,21.091666666666665,2.6183333333333336,0.3558333333333333
Santiago del Estero,2022,21.141666666666666,1.9333333333333333,0.36166666666666664
Santiago del Estero,2023,23.050833333333333,1.945,0.34833333333333333
"Tierra del Fuego, Antártida e Islas del Atlántico Sur",1981,3.4225,2.2425,4.780833333333333
"Tierra del Fuego, Antártida e Islas del Atlántico Sur",1982,3.670833333333333,1.9608333333333334,4.550833333333333
"Tierra del Fuego, Antártida e Islas del Atlántico Sur",1983,3.8200000000000003,1.8675,4.495833333333334
"Tierra del Fuego, Antártida e Islas del Atlántico Sur",1984,3.265,1.9691666666666665,4.2475
"Tierra del Fuego, Antártida e Islas del Atlántico Sur",1985,4.004166666666666,1.5558333333333334,4.623333333333334
"Tierra del Fuego, Antártida e Islas del Atlántico Sur",1986,2.9966666666666666,2.25,4.804166666666666
"Tierra del Fuego, Antártida e Islas del Atlántico Sur",1987,3.6525,2.0316666666666667,4.706666666666666
"Tierra del Fuego, Antártida e Islas del Atlántico Sur",1988,3.7558333333333334,2.1241666666666665,4.8975
"Tierra del Fuego, Antártida e Islas del Atlántico Sur",1989,4.1325,1.7566666666666666,4.956666666666666
"Tierra del Fuego, Antártida e Islas del Atlántico Sur",1990,3.4908333333333332,2.0500000000000003,5.131666666666667
"Tierra del Fuego, Antártida e Islas del Atlántico Sur",1991,2.7775,2.004166666666667,4.8374999999999995
"Tierra del Fuego, Antártida e Islas del Atlántico Sur",1992,3.0066666666666664,2.0883333333333334,4.4825
"Tierra del Fuego, Antártida e Islas del Atlántico Sur",1993,3.546666666666667,1.8324999999999998,5.0183333333333335
"Tierra del Fuego, Antártida e Islas del Atlántico Sur",1994,3.390833333333333,1.9966666666666668,4.7375
"Tierra del Fuego, Antártida e Islas del Atlántico Sur",1995,3.0824999999999996,2.158333333333333,5.0275
"Tierra del Fuego, Antártida e Islas del Atlántico Sur",1996,3.6024999999999996,2.06,5.171666666666667
"Tierra del Fuego, Antártida e Islas del Atlántico Sur",1997,3.013333333333333,2.2033333333333336,4.633333333333334
"Tierra del Fuego, Antártida e Islas del Atlántico Sur",1998,4.32,1.735,5.376666666666666
"Tierra del Fuego, Antártida e Islas del Atlántico Sur",1999,3.7175,1.9666666666666668,5.2491666666666665
"Tierra del Fuego, Antártida e Islas del Atlántico Sur",2000,2.9275,2.0749999999999997,4.755
"Tierra del Fuego, Antártida e Islas del Atlántico Sur",2001,3.2399999999999998,1.7391666666666667,5.19
"Tierra del Fuego, Antártida e Islas del Atlántico Sur",2002,2.8766666666666665,1.8358333333333334,4.586666666666667
"Tierra del Fuego, Antártida e Islas del Atlántico Sur",2003,3.7916666666666665,2.194166666666667,4.989166666666667
"Tierra del Fuego, Antártida e Islas del Atlántico Sur",2004,4.273333333333333,2.0124999999999997,4.873333333333333
"Tierra del Fuego, Antártida e Islas del Atlántico Sur",2005,3.6616666666666666,1.9141666666666666,4.598333333333334
"Tierra del Fuego, Antártida e Islas del Atlántico Sur",2006,3.8541666666666665,2.005,4.875
"Tierra del Fuego, Antártida e Islas del Atlántico Sur",2007,3.3516666666666666,2.3983333333333334,5.03
"Tierra del Fuego, Antártida e Islas del Atlántico Sur",2008,3.8783333333333334,1.9583333333333333,5.020833333333333
"Tierra del Fuego, Antártida e Islas del Atlántico Sur",2009,3.1158333333333332,2.0566666666666666,5.2058333333333335
"Tierra del Fuego, Antártida e Islas del Atlántico Sur",2010,3.403333333333333,1.8841666666666665,5.223333333333334
"Tierra del Fuego, Antártida e Islas del Atlántico Sur",2011,3.61,1.5175,4.816666666666666
"Tierra del Fuego, Antártida e Islas del Atlántico Sur",2012,3.0825,2.0575,5.184166666666667
"Tierra del Fuego, Antártida e Islas del Atlántico Sur",2013,3.6566666666666667,1.845,5.229166666666667
"Tierra del Fuego, Antártida e Islas del Atlántico Sur",2014,3.108333333333333,1.9933333333333334,4.8475
"Tierra del Fuego, Antártida e Islas del Atlántico Sur",2015,2.8716666666666666,1.8808333333333334,5.065
"Tierra del Fuego, Antártida e Islas del Atlántico Sur",2016,3.984166666666667,1.6433333333333333,4.910833333333334
"Tierra del Fuego, Antártida e Islas del Atlántico Sur",2017,3.9066666666666667,1.9341666666666668,4.9425
"Tierra del Fuego, Antártida e Islas del Atlántico Sur",2018,3.5991666666666666,1.7183333333333335,4.911666666666666
"Tierra del Fuego, Antártida e Islas del Atlántico Sur",2019,3.526666666666667,2.0875,4.845833333333333
"Tierra del Fuego, Antártida e Islas del Atlántico Sur",2020,3.9633333333333334,2.2550000000000003,4.680833333333333
"Tierra del Fuego, Antártida e Islas del Atlántico Sur",2021,4.18,2.4566666666666666,4.994166666666667
"Tierra del Fuego, Antártida e Islas del Atlántico Sur",2022,3.8674999999999997,1.545,5.025833333333334
"Tierra del Fuego, Antártida e Islas del Atlántico Sur",2023,3.301666666666667,1.5599999999999998,5.114166666666667
Tucumán,1981,22.19,2.6308333333333334,2.505
Tucumán,1982,22.175,2.715833333333333,2.433333333333333
Tucumán,1983,21.325,3.0975,2.348333333333333
Tucumán,1984,21.4725,2.9675,2.396666666666667
Tucumán,1985,22.605,2.955,2.3625000000000003
Tucumán,1986,23.094166666666666,2.5425,2.4608333333333334
Tucumán,1987,22.223333333333333,2.6225,2.5141666666666667
Tucumán,1988,22.003333333333334,2.125,2.3516666666666666
Tucumán,1989,23.0725,1.8791666666666667,2.5275
Tucumán,1990,21.96166666666667,2.7583333333333333,2.3425
Tucumán,1991,22.418333333333333,2.4933333333333336,2.5366666666666666
Tucumán,1992,21.106666666666666,2.9949999999999997,2.44
Tucumán,1993,22.055000000000003,2.2150000000000003,2.408333333333333
Tucumán,1994,22.895,2.2391666666666667,2.4983333333333335
Tucumán,1995,22.764166666666668,1.3841666666666665,2.42
Tucumán,1996,21.641666666666666,2.6041666666666665,2.4291666666666667
Tucumán,1997,22.996666666666666,2.6166666666666667,2.4583333333333335
Tucumán,1998,21.531666666666666,2.1841666666666666,2.4591666666666665
Tucumán,1999,21.1525,2.8166666666666664,2.3366666666666664
Tucumán,2000,20.67083333333333,2.8925,2.3491666666666666
Tucumán,2001,21.41,3.24,2.3041666666666667
Tucumán,2002,21.77333333333333,2.689166666666667,2.3291666666666666
Tucumán,2003,22.7025,1.8341666666666665,2.485
Tucumán,2004,22.075833333333335,2.209166666666667,2.4858333333333333
Tucumán,2005,21.555000000000003,2.0283333333333333,2.4116666666666666
Tucumán,2006,22.485,2.5525,2.4575
Tucumán,2007,20.633333333333333,2.7866666666666666,2.276666666666667
Tucumán,2008,21.27,2.9808333333333334,2.2333333333333334
Tucumán,2009,22.42833333333333,1.9283333333333335,2.3425
Tucumán,2010,20.968333333333334,2.2816666666666667,2.3866666666666667
Tucumán,2011,20.953333333333333,2.77,2.2741666666666664
Tucumán,2012,22.4375,1.8033333333333335,2.52
Tucumán,2013,21.98,2.1750000000000003,2.3866666666666667
Tucumán,2014,22.129166666666666,2.4875000000000003,2.5283333333333333
Tucumán,2015,22.194999999999997,2.845,2.3866666666666667
Tucumán,2016,21.050833333333333,3.2075,2.3833333333333333
Tucumán,2017,22.021666666666665,3.268333333333333,2.3333333333333335
Tucumán,2018,21.853333333333335,2.5508333333333333,2.299166666666667
Tucumán,2019,21.386666666666667,2.441666666666667,2.276666666666667
Tucumán,2020,22.206666666666667,2.7541666666666664,2.450833333333333
Tucumán,2021,21.59,3.9858333333333333,2.4324999999999997
Tucumán,2022,21.752499999999998,2.0524999999999998,2.4541666666666666
Tucumán,2023,23.5,2.249166666666667,2.5100000000000002
