"año";"desvio_temperatura_media_en_grados_c";"desvio_precipitación_media_en_porcentaje"
"1961";"-0.24";"-9.8"
"1962";"-0.46";"-24.4"
"1963";"-0.4";"11.24"
"1964";"-0.84";"-14.48"
"1965";"-0.32";"-7.2"
"1966";"-0.56";"-2.18"
"1967";"-0.13";"-9.46"
"1968";"-0.09";"-15.36"
"1969";"0.02";"-9.18"
"1970";"-0.01";"-13.62"
"1971";"-0.6";"-5.56"
"1972";"-0.4";"5.21"
"1973";"-0.6";"4.56"
"1974";"-0.63";"-6.36"
"1975";"-0.37";"-0.94"
"1976";"-0.94";"5.81"
"1977";"0.00";"11.15"
"1978";"-0.09";"4.23"
"1979";"-0.31";"6.79"
"1980";"-0.04";"5.63"
"1981";"-0.14";"5.05"
"1982";"-0.07";"4.13"
"1983";"-0.4";"-1.58"
"1984";"-0.92";"17.58"
"1985";"0.01";"8.36"
"1986";"0.02";"1.11"
"1987";"-0.18";"4.93"
"1988";"-0.5";"-24.45"
"1989";"0.14";"-17.32"
"1990";"-0.19";"5.86"
"1991";"-0.34";"6.9"
"1992";"-0.74";"16.88"
"1993";"-0.41";"-0.45"
"1994";"0.12";"-0.55"
"1995";"-0.2";"-17.65"
"1996";"-0.19";"-3.22"
"1997";"0.18";"16.45"
"1998";"-0.07";"-1.36"
"1999";"-0.32";"1.63"
"2000";"-0.66";"17.99"
"2001";"-0.03";"14.74"
"2002";"-0.19";"18.64"
"2003";"0.08";"-8.43"
"2004";"0.12";"-4.35"
"2005";"-0.19";"-4.11"
"2006";"0.24";"-4.49"
"2007";"-0.6";"-7.88"
"2008";"0.19";"-10.42"
"2009";"0.23";"-13.64"
"2010";"-0.17";"-14.51"
"2011";"0.06";"-12.28"
"2012";"0.44";"-0.92"
"2013";"0.3";"-15.3"
"2014";"0.32";"17.74"
"2015";"0.45";"6.73"
"2016";"-0.09";"7.94"
"2017";"0.51";"7.06"
"2018";"0.18";"-1.28"
"2019";"0.17";"-6.48"
"2020";"0.49";"-16.32"
"2021";"0.42";"-12.91"
"2022";"0.03";"-12.54"
"2023";"0.83";"-8.32"
"2024";"0.54";"-4.6"
"2025";"0.60";"7.5"