jurisdiccion,año,temperatura_media_c,latitud,longitud
CABA,1981,17.45,-34.6037,-58.3816
CABA,1982,17.76,-34.6037,-58.3816
CABA,1983,17.18,-34.6037,-58.3816
CABA,1984,16.78,-34.6037,-58.3816
CABA,1985,17.81,-34.6037,-58.3816
CABA,1986,17.41,-34.6037,-58.3816
CABA,1987,17.39,-34.6037,-58.3816
CABA,1988,16.64,-34.6037,-58.3816
CABA,1989,17.98,-34.6037,-58.3816
CABA,1990,16.99,-34.6037,-58.3816
CABA,1991,17.37,-34.6037,-58.3816
CABA,1992,16.75,-34.6037,-58.3816
CABA,1993,16.82,-34.6037,-58.3816
CABA,1994,17.43,-34.6037,-58.3816
CABA,1995,16.89,-34.6037,-58.3816
CABA,1996,17.92,-34.6037,-58.3816
CABA,1997,18.11,-34.6037,-58.3816
CABA,1998,17.78,-34.6037,-58.3816
CABA,1999,17.34,-34.6037,-58.3816
CABA,2000,17.37,-34.6037,-58.3816
CABA,2001,18.09,-34.6037,-58.3816
CABA,2002,17.74,-34.6037,-58.3816
CABA,2003,17.52,-34.6037,-58.3816
CABA,2004,17.96,-34.6037,-58.3816
CABA,2005,17.77,-34.6037,-58.3816
CABA,2006,18.0,-34.6037,-58.3816
CABA,2007,17.22,-34.6037,-58.3816
CABA,2008,18.32,-34.6037,-58.3816
CABA,2009,17.86,-34.6037,-58.3816
CABA,2010,17.77,-34.6037,-58.3816
CABA,2011,17.72,-34.6037,-58.3816
CABA,2012,18.24,-34.6037,-58.3816
CABA,2013,17.95,-34.6037,-58.3816
CABA,2014,18.19,-34.6037,-58.3816
CABA,2015,18.5,-34.6037,-58.3816
CABA,2016,17.77,-34.6037,-58.3816
CABA,2017,18.75,-34.6037,-58.3816
CABA,2018,18.32,-34.6037,-58.3816
CABA,2019,18.2,-34.6037,-58.3816
CABA,2020,18.11,-34.6037,-58.3816
CABA,2021,18.25,-34.6037,-58.3816
CABA,2022,18.01,-34.6037,-58.3816
CABA,2023,19.1,-34.6037,-58.3816
CABA,2024,18.5,-34.6037,-58.3816
CABA,2025,18.7,-34.6037,-58.3816
Buenos Aires,1981,16.54,-34.9215,-57.9545
Buenos Aires,1982,16.78,-34.9215,-57.9545
Buenos Aires,1983,16.42,-34.9215,-57.9545
Buenos Aires,1984,15.82,-34.9215,-57.9545
Buenos Aires,1985,16.88,-34.9215,-57.9545
Buenos Aires,1986,16.59,-34.9215,-57.9545
Buenos Aires,1987,16.38,-34.9215,-57.9545
Buenos Aires,1988,15.97,-34.9215,-57.9545
Buenos Aires,1989,17.29,-34.9215,-57.9545
Buenos Aires,1990,16.08,-34.9215,-57.9545
Buenos Aires,1991,16.56,-34.9215,-57.9545
Buenos Aires,1992,16.0,-34.9215,-57.9545
Buenos Aires,1993,16.01,-34.9215,-57.9545
Buenos Aires,1994,16.54,-34.9215,-57.9545
Buenos Aires,1995,16.18,-34.9215,-57.9545
Buenos Aires,1996,16.89,-34.9215,-57.9545
Buenos Aires,1997,17.14,-34.9215,-57.9545
Buenos Aires,1998,16.59,-34.9215,-57.9545
Buenos Aires,1999,16.33,-34.9215,-57.9545
Buenos Aires,2000,16.16,-34.9215,-57.9545
Buenos Aires,2001,16.88,-34.9215,-57.9545
Buenos Aires,2002,16.4,-34.9215,-57.9545
Buenos Aires,2003,16.27,-34.9215,-57.9545
Buenos Aires,2004,16.9,-34.9215,-57.9545
Buenos Aires,2005,16.68,-34.9215,-57.9545
Buenos Aires,2006,16.72,-34.9215,-57.9545
Buenos Aires,2007,15.82,-34.9215,-57.9545
Buenos Aires,2008,17.14,-34.9215,-57.9545
Buenos Aires,2009,16.72,-34.9215,-57.9545
Buenos Aires,2010,16.45,-34.9215,-57.9545
Buenos Aires,2011,16.45,-34.9215,-57.9545
Buenos Aires,2012,16.84,-34.9215,-57.9545
Buenos Aires,2013,16.55,-34.9215,-57.9545
Buenos Aires,2014,16.47,-34.9215,-57.9545
Buenos Aires,2015,17.09,-34.9215,-57.9545
Buenos Aires,2016,16.4,-34.9215,-57.9545
Buenos Aires,2017,17.24,-34.9215,-57.9545
Buenos Aires,2018,16.85,-34.9215,-57.9545
Buenos Aires,2019,16.64,-34.9215,-57.9545
Buenos Aires,2020,16.76,-34.9215,-57.9545
Buenos Aires,2021,16.95,-34.9215,-57.9545
Buenos Aires,2022,16.81,-34.9215,-57.9545
Buenos Aires,2023,17.74,-34.9215,-57.9545
Buenos Aires,2024,16.95,-34.9215,-57.9545
Buenos Aires,2025,17.3,-34.9215,-57.9545
Catamarca,1981,18.72,-28.4696,-65.7852
Catamarca,1982,19.21,-28.4696,-65.7852
Catamarca,1983,18.23,-28.4696,-65.7852
Catamarca,1984,18.34,-28.4696,-65.7852
Catamarca,1985,19.13,-28.4696,-65.7852
Catamarca,1986,19.85,-28.4696,-65.7852
Catamarca,1987,18.78,-28.4696,-65.7852
Catamarca,1988,18.68,-28.4696,-65.7852
Catamarca,1989,19.03,-28.4696,-65.7852
Catamarca,1990,18.69,-28.4696,-65.7852
Catamarca,1991,19.05,-28.4696,-65.7852
Catamarca,1992,17.7,-28.4696,-65.7852
Catamarca,1993,18.66,-28.4696,-65.7852
Catamarca,1994,19.56,-28.4696,-65.7852
Catamarca,1995,19.26,-28.4696,-65.7852
Catamarca,1996,18.4,-28.4696,-65.7852
Catamarca,1997,19.69,-28.4696,-65.7852
Catamarca,1998,18.16,-28.4696,-65.7852
Catamarca,1999,17.56,-28.4696,-65.7852
Catamarca,2000,17.48,-28.4696,-65.7852
Catamarca,2001,18.34,-28.4696,-65.7852
Catamarca,2002,18.35,-28.4696,-65.7852
Catamarca,2003,19.3,-28.4696,-65.7852
Catamarca,2004,18.8,-28.4696,-65.7852
Catamarca,2005,18.31,-28.4696,-65.7852
Catamarca,2006,19.41,-28.4696,-65.7852
Catamarca,2007,17.85,-28.4696,-65.7852
Catamarca,2008,18.12,-28.4696,-65.7852
Catamarca,2009,19.02,-28.4696,-65.7852
Catamarca,2010,17.74,-28.4696,-65.7852
Catamarca,2011,17.87,-28.4696,-65.7852
Catamarca,2012,19.12,-28.4696,-65.7852
Catamarca,2013,18.52,-28.4696,-65.7852
Catamarca,2014,18.43,-28.4696,-65.7852
Catamarca,2015,18.59,-28.4696,-65.7852
Catamarca,2016,17.8,-28.4696,-65.7852
Catamarca,2017,18.93,-28.4696,-65.7852
Catamarca,2018,18.41,-28.4696,-65.7852
Catamarca,2019,18.04,-28.4696,-65.7852
Catamarca,2020,18.93,-28.4696,-65.7852
Catamarca,2021,18.1,-28.4696,-65.7852
Catamarca,2022,18.01,-28.4696,-65.7852
Catamarca,2023,19.76,-28.4696,-65.7852
Catamarca,2024,19.2,-28.4696,-65.7852
Catamarca,2025,18.99,-28.4696,-65.7852
Chaco,1981,21.46,-27.4513,-58.9866
Chaco,1982,21.97,-27.4513,-58.9866
Chaco,1983,20.76,-27.4513,-58.9866
Chaco,1984,21.14,-27.4513,-58.9866
Chaco,1985,22.2,-27.4513,-58.9866
Chaco,1986,22.07,-27.4513,-58.9866
Chaco,1987,20.76,-27.4513,-58.9866
Chaco,1988,21.54,-27.4513,-58.9866
Chaco,1989,21.37,-27.4513,-58.9866
Chaco,1990,20.95,-27.4513,-58.9866
Chaco,1991,22.0,-27.4513,-58.9866
Chaco,1992,20.67,-27.4513,-58.9866
Chaco,1993,21.34,-27.4513,-58.9866
Chaco,1994,21.84,-27.4513,-58.9866
Chaco,1995,22.18,-27.4513,-58.9866
Chaco,1996,21.19,-27.4513,-58.9866
Chaco,1997,22.72,-27.4513,-58.9866
Chaco,1998,20.71,-27.4513,-58.9866
Chaco,1999,21.84,-27.4513,-58.9866
Chaco,2000,21.16,-27.4513,-58.9866
Chaco,2001,22.1,-27.4513,-58.9866
Chaco,2002,21.29,-27.4513,-58.9866
Chaco,2003,21.79,-27.4513,-58.9866
Chaco,2004,21.55,-27.4513,-58.9866
Chaco,2005,21.92,-27.4513,-58.9866
Chaco,2006,22.38,-27.4513,-58.9866
Chaco,2007,21.32,-27.4513,-58.9866
Chaco,2008,22.29,-27.4513,-58.9866
Chaco,2009,22.06,-27.4513,-58.9866
Chaco,2010,20.57,-27.4513,-58.9866
Chaco,2011,21.69,-27.4513,-58.9866
Chaco,2012,22.96,-27.4513,-58.9866
Chaco,2013,20.96,-27.4513,-58.9866
Chaco,2014,21.86,-27.4513,-58.9866
Chaco,2015,21.93,-27.4513,-58.9866
Chaco,2016,20.61,-27.4513,-58.9866
Chaco,2017,21.84,-27.4513,-58.9866
Chaco,2018,21.78,-27.4513,-58.9866
Chaco,2019,21.16,-27.4513,-58.9866
Chaco,2020,22.57,-27.4513,-58.9866
Chaco,2021,22.07,-27.4513,-58.9866
Chaco,2022,22.18,-27.4513,-58.9866
Chaco,2023,23.18,-27.4513,-58.9866
Chaco,2024,22.06,-27.4513,-58.9866
Chaco,2025,22.05,-27.4513,-58.9866
Chubut,1981,13.27,-43.3002,-65.1023
Chubut,1982,13.06,-43.3002,-65.1023
Chubut,1983,13.12,-43.3002,-65.1023
Chubut,1984,12.1,-43.3002,-65.1023
Chubut,1985,13.17,-43.3002,-65.1023
Chubut,1986,12.66,-43.3002,-65.1023
Chubut,1987,13.18,-43.3002,-65.1023
Chubut,1988,12.78,-43.3002,-65.1023
Chubut,1989,13.55,-43.3002,-65.1023
Chubut,1990,13.11,-43.3002,-65.1023
Chubut,1991,12.89,-43.3002,-65.1023
Chubut,1992,12.1,-43.3002,-65.1023
Chubut,1993,12.91,-43.3002,-65.1023
Chubut,1994,13.15,-43.3002,-65.1023
Chubut,1995,12.28,-43.3002,-65.1023
Chubut,1996,12.88,-43.3002,-65.1023
Chubut,1997,12.7,-43.3002,-65.1023
Chubut,1998,13.32,-43.3002,-65.1023
Chubut,1999,13.0,-43.3002,-65.1023
Chubut,2000,12.29,-43.3002,-65.1023
Chubut,2001,12.71,-43.3002,-65.1023
Chubut,2002,12.3,-43.3002,-65.1023
Chubut,2003,12.84,-43.3002,-65.1023
Chubut,2004,13.45,-43.3002,-65.1023
Chubut,2005,12.7,-43.3002,-65.1023
Chubut,2006,12.99,-43.3002,-65.1023
Chubut,2007,12.38,-43.3002,-65.1023
Chubut,2008,13.28,-43.3002,-65.1023
Chubut,2009,13.2,-43.3002,-65.1023
Chubut,2010,12.74,-43.3002,-65.1023
Chubut,2011,13.18,-43.3002,-65.1023
Chubut,2012,12.93,-43.3002,-65.1023
Chubut,2013,12.87,-43.3002,-65.1023
Chubut,2014,12.83,-43.3002,-65.1023
Chubut,2015,13.04,-43.3002,-65.1023
Chubut,2016,12.96,-43.3002,-65.1023
Chubut,2017,13.1,-43.3002,-65.1023
Chubut,2018,13.18,-43.3002,-65.1023
Chubut,2019,12.89,-43.3002,-65.1023
Chubut,2020,12.9,-43.3002,-65.1023
Chubut,2021,13.4,-43.3002,-65.1023
Chubut,2022,12.62,-43.3002,-65.1023
Chubut,2023,12.93,-43.3002,-65.1023
Chubut,2024,12.71,-43.3002,-65.1023
Chubut,2025,13.23,-43.3002,-65.1023
Córdoba,1981,16.85,-31.4201,-64.1888
Córdoba,1982,17.21,-31.4201,-64.1888
Córdoba,1983,16.37,-31.4201,-64.1888
Córdoba,1984,16.06,-31.4201,-64.1888
Córdoba,1985,17.23,-31.4201,-64.1888
Córdoba,1986,17.8,-31.4201,-64.1888
Córdoba,1987,16.92,-31.4201,-64.1888
Córdoba,1988,16.8,-31.4201,-64.1888
Córdoba,1989,17.25,-31.4201,-64.1888
Córdoba,1990,16.73,-31.4201,-64.1888
Córdoba,1991,16.85,-31.4201,-64.1888
Córdoba,1992,15.87,-31.4201,-64.1888
Córdoba,1993,16.53,-31.4201,-64.1888
Córdoba,1994,17.24,-31.4201,-64.1888
Córdoba,1995,16.89,-31.4201,-64.1888
Córdoba,1996,16.4,-31.4201,-64.1888
Córdoba,1997,17.49,-31.4201,-64.1888
Córdoba,1998,16.12,-31.4201,-64.1888
Córdoba,1999,15.77,-31.4201,-64.1888
Córdoba,2000,15.79,-31.4201,-64.1888
Córdoba,2001,16.52,-31.4201,-64.1888
Córdoba,2002,16.71,-31.4201,-64.1888
Córdoba,2003,17.04,-31.4201,-64.1888
Córdoba,2004,16.73,-31.4201,-64.1888
Córdoba,2005,16.02,-31.4201,-64.1888
Córdoba,2006,17.17,-31.4201,-64.1888
Córdoba,2007,15.96,-31.4201,-64.1888
Córdoba,2008,16.91,-31.4201,-64.1888
Córdoba,2009,17.44,-31.4201,-64.1888
Córdoba,2010,16.03,-31.4201,-64.1888
Córdoba,2011,16.55,-31.4201,-64.1888
Córdoba,2012,17.18,-31.4201,-64.1888
Córdoba,2013,16.87,-31.4201,-64.1888
Córdoba,2014,16.66,-31.4201,-64.1888
Córdoba,2015,16.74,-31.4201,-64.1888
Córdoba,2016,16.19,-31.4201,-64.1888
Córdoba,2017,17.37,-31.4201,-64.1888
Córdoba,2018,17.37,-31.4201,-64.1888
Córdoba,2019,16.75,-31.4201,-64.1888
Córdoba,2020,17.47,-31.4201,-64.1888
Córdoba,2021,16.91,-31.4201,-64.1888
Córdoba,2022,16.93,-31.4201,-64.1888
Córdoba,2023,18.09,-31.4201,-64.1888
Córdoba,2024,17.11,-31.4201,-64.1888
Córdoba,2025,17.26,-31.4201,-64.1888
Corrientes,1981,21.46,-27.4692,-58.8306
Corrientes,1982,21.97,-27.4692,-58.8306
Corrientes,1983,20.76,-27.4692,-58.8306
Corrientes,1984,21.14,-27.4692,-58.8306
Corrientes,1985,22.2,-27.4692,-58.8306
Corrientes,1986,22.07,-27.4692,-58.8306
Corrientes,1987,20.76,-27.4692,-58.8306
Corrientes,1988,21.54,-27.4692,-58.8306
Corrientes,1989,21.37,-27.4692,-58.8306
Corrientes,1990,20.95,-27.4692,-58.8306
Corrientes,1991,22.0,-27.4692,-58.8306
Corrientes,1992,20.67,-27.4692,-58.8306
Corrientes,1993,21.34,-27.4692,-58.8306
Corrientes,1994,21.84,-27.4692,-58.8306
Corrientes,1995,22.18,-27.4692,-58.8306
Corrientes,1996,21.19,-27.4692,-58.8306
Corrientes,1997,22.72,-27.4692,-58.8306
Corrientes,1998,20.71,-27.4692,-58.8306
Corrientes,1999,21.84,-27.4692,-58.8306
Corrientes,2000,21.16,-27.4692,-58.8306
Corrientes,2001,22.1,-27.4692,-58.8306
Corrientes,2002,21.29,-27.4692,-58.8306
Corrientes,2003,21.79,-27.4692,-58.8306
Corrientes,2004,21.55,-27.4692,-58.8306
Corrientes,2005,21.92,-27.4692,-58.8306
Corrientes,2006,22.38,-27.4692,-58.8306
Corrientes,2007,21.32,-27.4692,-58.8306
Corrientes,2008,22.29,-27.4692,-58.8306
Corrientes,2009,22.06,-27.4692,-58.8306
Corrientes,2010,20.57,-27.4692,-58.8306
Corrientes,2011,21.69,-27.4692,-58.8306
Corrientes,2012,22.96,-27.4692,-58.8306
Corrientes,2013,20.96,-27.4692,-58.8306
Corrientes,2014,21.86,-27.4692,-58.8306
Corrientes,2015,21.93,-27.4692,-58.8306
Corrientes,2016,20.61,-27.4692,-58.8306
Corrientes,2017,21.84,-27.4692,-58.8306
Corrientes,2018,21.78,-27.4692,-58.8306
Corrientes,2019,21.16,-27.4692,-58.8306
Corrientes,2020,22.57,-27.4692,-58.8306
Corrientes,2021,22.07,-27.4692,-58.8306
Corrientes,2022,22.18,-27.4692,-58.8306
Corrientes,2023,23.18,-27.4692,-58.8306
Corrientes,2024,22.06,-27.4692,-58.8306
Corrientes,2025,22.05,-27.4692,-58.8306
Entre Ríos,1981,19.33,-31.7333,-60.5297
Entre Ríos,1982,19.93,-31.7333,-60.5297
Entre Ríos,1983,18.85,-31.7333,-60.5297
Entre Ríos,1984,18.51,-31.7333,-60.5297
Entre Ríos,1985,19.8,-31.7333,-60.5297
Entre Ríos,1986,19.86,-31.7333,-60.5297
Entre Ríos,1987,19.35,-31.7333,-60.5297
Entre Ríos,1988,19.2,-31.7333,-60.5297
Entre Ríos,1989,20.27,-31.7333,-60.5297
Entre Ríos,1990,19.28,-31.7333,-60.5297
Entre Ríos,1991,19.75,-31.7333,-60.5297
Entre Ríos,1992,18.86,-31.7333,-60.5297
Entre Ríos,1993,18.99,-31.7333,-60.5297
Entre Ríos,1994,19.94,-31.7333,-60.5297
Entre Ríos,1995,19.35,-31.7333,-60.5297
Entre Ríos,1996,19.26,-31.7333,-60.5297
Entre Ríos,1997,20.36,-31.7333,-60.5297
Entre Ríos,1998,18.85,-31.7333,-60.5297
Entre Ríos,1999,19.32,-31.7333,-60.5297
Entre Ríos,2000,18.36,-31.7333,-60.5297
Entre Ríos,2001,19.3,-31.7333,-60.5297
Entre Ríos,2002,19.07,-31.7333,-60.5297
Entre Ríos,2003,18.66,-31.7333,-60.5297
Entre Ríos,2004,19.59,-31.7333,-60.5297
Entre Ríos,2005,18.76,-31.7333,-60.5297
Entre Ríos,2006,19.87,-31.7333,-60.5297
Entre Ríos,2007,17.92,-31.7333,-60.5297
Entre Ríos,2008,20.08,-31.7333,-60.5297
Entre Ríos,2009,19.45,-31.7333,-60.5297
Entre Ríos,2010,18.39,-31.7333,-60.5297
Entre Ríos,2011,18.85,-31.7333,-60.5297
Entre Ríos,2012,19.31,-31.7333,-60.5297
Entre Ríos,2013,19.15,-31.7333,-60.5297
Entre Ríos,2014,19.16,-31.7333,-60.5297
Entre Ríos,2015,19.59,-31.7333,-60.5297
Entre Ríos,2016,18.62,-31.7333,-60.5297
Entre Ríos,2017,19.5,-31.7333,-60.5297
Entre Ríos,2018,19.71,-31.7333,-60.5297
Entre Ríos,2019,18.99,-31.7333,-60.5297
Entre Ríos,2020,19.5,-31.7333,-60.5297
Entre Ríos,2021,19.56,-31.7333,-60.5297
Entre Ríos,2022,19.36,-31.7333,-60.5297
Entre Ríos,2023,20.9,-31.7333,-60.5297
Entre Ríos,2024,19.78,-31.7333,-60.5297
Entre Ríos,2025,19.94,-31.7333,-60.5297
Formosa,1981,22.39,-26.1775,-58.1781
Formosa,1982,23.33,-26.1775,-58.1781
Formosa,1983,22.17,-26.1775,-58.1781
Formosa,1984,23.33,-26.1775,-58.1781
Formosa,1985,23.71,-26.1775,-58.1781
Formosa,1986,23.66,-26.1775,-58.1781
Formosa,1987,22.21,-26.1775,-58.1781
Formosa,1988,22.65,-26.1775,-58.1781
Formosa,1989,22.16,-26.1775,-58.1781
Formosa,1990,22.41,-26.1775,-58.1781
Formosa,1991,23.21,-26.1775,-58.1781
Formosa,1992,21.51,-26.1775,-58.1781
Formosa,1993,22.9,-26.1775,-58.1781
Formosa,1994,23.06,-26.1775,-58.1781
Formosa,1995,23.39,-26.1775,-58.1781
Formosa,1996,22.06,-26.1775,-58.1781
Formosa,1997,23.83,-26.1775,-58.1781
Formosa,1998,21.76,-26.1775,-58.1781
Formosa,1999,22.64,-26.1775,-58.1781
Formosa,2000,22.45,-26.1775,-58.1781
Formosa,2001,23.14,-26.1775,-58.1781
Formosa,2002,22.93,-26.1775,-58.1781
Formosa,2003,22.84,-26.1775,-58.1781
Formosa,2004,22.45,-26.1775,-58.1781
Formosa,2005,22.76,-26.1775,-58.1781
Formosa,2006,23.34,-26.1775,-58.1781
Formosa,2007,22.18,-26.1775,-58.1781
Formosa,2008,22.85,-26.1775,-58.1781
Formosa,2009,22.78,-26.1775,-58.1781
Formosa,2010,21.56,-26.1775,-58.1781
Formosa,2011,22.44,-26.1775,-58.1781
Formosa,2012,23.52,-26.1775,-58.1781
Formosa,2013,22.24,-26.1775,-58.1781
Formosa,2014,22.6,-26.1775,-58.1781
Formosa,2015,22.96,-26.1775,-58.1781
Formosa,2016,21.82,-26.1775,-58.1781
Formosa,2017,23.06,-26.1775,-58.1781
Formosa,2018,22.48,-26.1775,-58.1781
Formosa,2019,22.8,-26.1775,-58.1781
Formosa,2020,23.64,-26.1775,-58.1781
Formosa,2021,22.82,-26.1775,-58.1781
Formosa,2022,22.79,-26.1775,-58.1781
Formosa,2023,24.47,-26.1775,-58.1781
Formosa,2024,23.28,-26.1775,-58.1781
Formosa,2025,23.24,-26.1775,-58.1781
Jujuy,1981,19.4,-24.1858,-65.2995
Jujuy,1982,19.84,-24.1858,-65.2995
Jujuy,1983,19.59,-24.1858,-65.2995
Jujuy,1984,19.53,-24.1858,-65.2995
Jujuy,1985,20.2,-24.1858,-65.2995
Jujuy,1986,20.74,-24.1858,-65.2995
Jujuy,1987,19.66,-24.1858,-65.2995
Jujuy,1988,19.28,-24.1858,-65.2995
Jujuy,1989,19.77,-24.1858,-65.2995
Jujuy,1990,19.69,-24.1858,-65.2995
Jujuy,1991,19.77,-24.1858,-65.2995
Jujuy,1992,19.26,-24.1858,-65.2995
Jujuy,1993,19.45,-24.1858,-65.2995
Jujuy,1994,20.44,-24.1858,-65.2995
Jujuy,1995,19.9,-24.1858,-65.2995
Jujuy,1996,19.54,-24.1858,-65.2995
Jujuy,1997,20.78,-24.1858,-65.2995
Jujuy,1998,19.81,-24.1858,-65.2995
Jujuy,1999,18.94,-24.1858,-65.2995
Jujuy,2000,18.99,-24.1858,-65.2995
Jujuy,2001,19.93,-24.1858,-65.2995
Jujuy,2002,20.23,-24.1858,-65.2995
Jujuy,2003,19.86,-24.1858,-65.2995
Jujuy,2004,19.53,-24.1858,-65.2995
Jujuy,2005,19.97,-24.1858,-65.2995
Jujuy,2006,20.35,-24.1858,-65.2995
Jujuy,2007,19.0,-24.1858,-65.2995
Jujuy,2008,19.1,-24.1858,-65.2995
Jujuy,2009,19.93,-24.1858,-65.2995
Jujuy,2010,19.23,-24.1858,-65.2995
Jujuy,2011,19.42,-24.1858,-65.2995
Jujuy,2012,20.27,-24.1858,-65.2995
Jujuy,2013,20.14,-24.1858,-65.2995
Jujuy,2014,20.15,-24.1858,-65.2995
Jujuy,2015,20.17,-24.1858,-65.2995
Jujuy,2016,19.31,-24.1858,-65.2995
Jujuy,2017,20.4,-24.1858,-65.2995
Jujuy,2018,19.52,-24.1858,-65.2995
Jujuy,2019,19.9,-24.1858,-65.2995
Jujuy,2020,20.37,-24.1858,-65.2995
Jujuy,2021,19.6,-24.1858,-65.2995
Jujuy,2022,19.49,-24.1858,-65.2995
Jujuy,2023,21.61,-24.1858,-65.2995
Jujuy,2024,20.8,-24.1858,-65.2995
Jujuy,2025,20.07,-24.1858,-65.2995
La Pampa,1981,15.98,-36.6167,-64.2833
La Pampa,1982,15.82,-36.6167,-64.2833
La Pampa,1983,15.45,-36.6167,-64.2833
La Pampa,1984,14.57,-36.6167,-64.2833
La Pampa,1985,15.37,-36.6167,-64.2833
La Pampa,1986,15.46,-36.6167,-64.2833
La Pampa,1987,15.51,-36.6167,-64.2833
La Pampa,1988,15.5,-36.6167,-64.2833
La Pampa,1989,16.12,-36.6167,-64.2833
La Pampa,1990,15.73,-36.6167,-64.2833
La Pampa,1991,15.46,-36.6167,-64.2833
La Pampa,1992,14.69,-36.6167,-64.2833
La Pampa,1993,15.16,-36.6167,-64.2833
La Pampa,1994,16.13,-36.6167,-64.2833
La Pampa,1995,15.85,-36.6167,-64.2833
La Pampa,1996,15.24,-36.6167,-64.2833
La Pampa,1997,15.73,-36.6167,-64.2833
La Pampa,1998,15.62,-36.6167,-64.2833
La Pampa,1999,14.6,-36.6167,-64.2833
La Pampa,2000,14.63,-36.6167,-64.2833
La Pampa,2001,15.26,-36.6167,-64.2833
La Pampa,2002,15.38,-36.6167,-64.2833
La Pampa,2003,16.47,-36.6167,-64.2833
La Pampa,2004,15.97,-36.6167,-64.2833
La Pampa,2005,15.69,-36.6167,-64.2833
La Pampa,2006,16.19,-36.6167,-64.2833
La Pampa,2007,14.75,-36.6167,-64.2833
La Pampa,2008,16.5,-36.6167,-64.2833
La Pampa,2009,16.65,-36.6167,-64.2833
La Pampa,2010,15.51,-36.6167,-64.2833
La Pampa,2011,15.7,-36.6167,-64.2833
La Pampa,2012,15.19,-36.6167,-64.2833
La Pampa,2013,16.27,-36.6167,-64.2833
La Pampa,2014,15.35,-36.6167,-64.2833
La Pampa,2015,15.85,-36.6167,-64.2833
La Pampa,2016,14.85,-36.6167,-64.2833
La Pampa,2017,15.58,-36.6167,-64.2833
La Pampa,2018,16.48,-36.6167,-64.2833
La Pampa,2019,16.18,-36.6167,-64.2833
La Pampa,2020,15.42,-36.6167,-64.2833
La Pampa,2021,15.45,-36.6167,-64.2833
La Pampa,2022,15.58,-36.6167,-64.2833
La Pampa,2023,16.53,-36.6167,-64.2833
La Pampa,2024,15.93,-36.6167,-64.2833
La Pampa,2025,16.4,-36.6167,-64.2833
La Rioja,1981,20.24,-29.4131,-66.8558
La Rioja,1982,20.41,-29.4131,-66.8558
La Rioja,1983,19.96,-29.4131,-66.8558
La Rioja,1984,19.61,-29.4131,-66.8558
La Rioja,1985,20.63,-29.4131,-66.8558
La Rioja,1986,21.12,-29.4131,-66.8558
La Rioja,1987,20.44,-29.4131,-66.8558
La Rioja,1988,19.93,-29.4131,-66.8558
La Rioja,1989,20.7,-29.4131,-66.8558
La Rioja,1990,19.92,-29.4131,-66.8558
La Rioja,1991,20.26,-29.4131,-66.8558
La Rioja,1992,18.9,-29.4131,-66.8558
La Rioja,1993,19.8,-29.4131,-66.8558
La Rioja,1994,20.71,-29.4131,-66.8558
La Rioja,1995,20.56,-29.4131,-66.8558
La Rioja,1996,19.81,-29.4131,-66.8558
La Rioja,1997,21.06,-29.4131,-66.8558
La Rioja,1998,19.57,-29.4131,-66.8558
La Rioja,1999,18.95,-29.4131,-66.8558
La Rioja,2000,18.69,-29.4131,-66.8558
La Rioja,2001,19.75,-29.4131,-66.8558
La Rioja,2002,19.68,-29.4131,-66.8558
La Rioja,2003,20.26,-29.4131,-66.8558
La Rioja,2004,20.22,-29.4131,-66.8558
La Rioja,2005,19.51,-29.4131,-66.8558
La Rioja,2006,20.65,-29.4131,-66.8558
La Rioja,2007,19.19,-29.4131,-66.8558
La Rioja,2008,19.31,-29.4131,-66.8558
La Rioja,2009,20.26,-29.4131,-66.8558
La Rioja,2010,18.96,-29.4131,-66.8558
La Rioja,2011,19.27,-29.4131,-66.8558
La Rioja,2012,20.46,-29.4131,-66.8558
La Rioja,2013,20.16,-29.4131,-66.8558
La Rioja,2014,19.9,-29.4131,-66.8558
La Rioja,2015,20.06,-29.4131,-66.8558
La Rioja,2016,19.2,-29.4131,-66.8558
La Rioja,2017,20.07,-29.4131,-66.8558
La Rioja,2018,19.94,-29.4131,-66.8558
La Rioja,2019,19.45,-29.4131,-66.8558
La Rioja,2020,20.27,-29.4131,-66.8558
La Rioja,2021,19.64,-29.4131,-66.8558
La Rioja,2022,19.44,-29.4131,-66.8558
La Rioja,2023,21.21,-29.4131,-66.8558
La Rioja,2024,20.6,-29.4131,-66.8558
La Rioja,2025,20.49,-29.4131,-66.8558
Mendoza,1981,17.05,-32.8908,-68.8272
Mendoza,1982,17.1,-32.8908,-68.8272
Mendoza,1983,16.71,-32.8908,-68.8272
Mendoza,1984,16.24,-32.8908,-68.8272
Mendoza,1985,17.53,-32.8908,-68.8272
Mendoza,1986,17.99,-32.8908,-68.8272
Mendoza,1987,17.2,-32.8908,-68.8272
Mendoza,1988,17.12,-32.8908,-68.8272
Mendoza,1989,17.67,-32.8908,-68.8272
Mendoza,1990,16.97,-32.8908,-68.8272
Mendoza,1991,17.21,-32.8908,-68.8272
Mendoza,1992,16.41,-32.8908,-68.8272
Mendoza,1993,16.59,-32.8908,-68.8272
Mendoza,1994,17.53,-32.8908,-68.8272
Mendoza,1995,17.29,-32.8908,-68.8272
Mendoza,1996,16.75,-32.8908,-68.8272
Mendoza,1997,17.44,-32.8908,-68.8272
Mendoza,1998,16.64,-32.8908,-68.8272
Mendoza,1999,16.18,-32.8908,-68.8272
Mendoza,2000,15.97,-32.8908,-68.8272
Mendoza,2001,16.58,-32.8908,-68.8272
Mendoza,2002,16.89,-32.8908,-68.8272
Mendoza,2003,17.56,-32.8908,-68.8272
Mendoza,2004,16.87,-32.8908,-68.8272
Mendoza,2005,16.36,-32.8908,-68.8272
Mendoza,2006,17.47,-32.8908,-68.8272
Mendoza,2007,15.86,-32.8908,-68.8272
Mendoza,2008,16.91,-32.8908,-68.8272
Mendoza,2009,17.57,-32.8908,-68.8272
Mendoza,2010,16.7,-32.8908,-68.8272
Mendoza,2011,16.5,-32.8908,-68.8272
Mendoza,2012,17.27,-32.8908,-68.8272
Mendoza,2013,17.09,-32.8908,-68.8272
Mendoza,2014,16.81,-32.8908,-68.8272
Mendoza,2015,16.97,-32.8908,-68.8272
Mendoza,2016,16.21,-32.8908,-68.8272
Mendoza,2017,16.96,-32.8908,-68.8272
Mendoza,2018,16.84,-32.8908,-68.8272
Mendoza,2019,17.15,-32.8908,-68.8272
Mendoza,2020,17.38,-32.8908,-68.8272
Mendoza,2021,16.96,-32.8908,-68.8272
Mendoza,2022,16.91,-32.8908,-68.8272
Mendoza,2023,18.49,-32.8908,-68.8272
Mendoza,2024,17.74,-32.8908,-68.8272
Mendoza,2025,17.7,-32.8908,-68.8272
Misiones,1981,21.1,-27.3671,-55.8961
Misiones,1982,21.09,-27.3671,-55.8961
Misiones,1983,19.67,-27.3671,-55.8961
Misiones,1984,20.45,-27.3671,-55.8961
Misiones,1985,21.04,-27.3671,-55.8961
Misiones,1986,21.17,-27.3671,-55.8961
Misiones,1987,19.79,-27.3671,-55.8961
Misiones,1988,20.56,-27.3671,-55.8961
Misiones,1989,20.24,-27.3671,-55.8961
Misiones,1990,20.37,-27.3671,-55.8961
Misiones,1991,21.55,-27.3671,-55.8961
Misiones,1992,19.94,-27.3671,-55.8961
Misiones,1993,20.34,-27.3671,-55.8961
Misiones,1994,20.92,-27.3671,-55.8961
Misiones,1995,21.71,-27.3671,-55.8961
Misiones,1996,20.64,-27.3671,-55.8961
Misiones,1997,21.27,-27.3671,-55.8961
Misiones,1998,20.19,-27.3671,-55.8961
Misiones,1999,20.74,-27.3671,-55.8961
Misiones,2000,20.52,-27.3671,-55.8961
Misiones,2001,20.89,-27.3671,-55.8961
Misiones,2002,21.13,-27.3671,-55.8961
Misiones,2003,20.36,-27.3671,-55.8961
Misiones,2004,21.11,-27.3671,-55.8961
Misiones,2005,21.22,-27.3671,-55.8961
Misiones,2006,21.68,-27.3671,-55.8961
Misiones,2007,20.38,-27.3671,-55.8961
Misiones,2008,20.81,-27.3671,-55.8961
Misiones,2009,20.96,-27.3671,-55.8961
Misiones,2010,19.97,-27.3671,-55.8961
Misiones,2011,21.08,-27.3671,-55.8961
Misiones,2012,22.29,-27.3671,-55.8961
Misiones,2013,20.61,-27.3671,-55.8961
Misiones,2014,21.22,-27.3671,-55.8961
Misiones,2015,20.87,-27.3671,-55.8961
Misiones,2016,20.21,-27.3671,-55.8961
Misiones,2017,20.99,-27.3671,-55.8961
Misiones,2018,21.32,-27.3671,-55.8961
Misiones,2019,21.21,-27.3671,-55.8961
Misiones,2020,21.43,-27.3671,-55.8961
Misiones,2021,21.34,-27.3671,-55.8961
Misiones,2022,20.99,-27.3671,-55.8961
Misiones,2023,22.21,-27.3671,-55.8961
Misiones,2024,21.35,-27.3671,-55.8961
Misiones,2025,21.42,-27.3671,-55.8961
Neuquén,1981,14.45,-38.9516,-68.0591
Neuquén,1982,14.3,-38.9516,-68.0591
Neuquén,1983,14.61,-38.9516,-68.0591
Neuquén,1984,13.12,-38.9516,-68.0591
Neuquén,1985,14.83,-38.9516,-68.0591
Neuquén,1986,14.25,-38.9516,-68.0591
Neuquén,1987,14.83,-38.9516,-68.0591
Neuquén,1988,14.2,-38.9516,-68.0591
Neuquén,1989,15.2,-38.9516,-68.0591
Neuquén,1990,14.52,-38.9516,-68.0591
Neuquén,1991,14.3,-38.9516,-68.0591
Neuquén,1992,13.55,-38.9516,-68.0591
Neuquén,1993,14.02,-38.9516,-68.0591
Neuquén,1994,14.31,-38.9516,-68.0591
Neuquén,1995,14.32,-38.9516,-68.0591
Neuquén,1996,13.71,-38.9516,-68.0591
Neuquén,1997,14.22,-38.9516,-68.0591
Neuquén,1998,14.91,-38.9516,-68.0591
Neuquén,1999,13.76,-38.9516,-68.0591
Neuquén,2000,13.11,-38.9516,-68.0591
Neuquén,2001,14.39,-38.9516,-68.0591
Neuquén,2002,13.68,-38.9516,-68.0591
Neuquén,2003,14.7,-38.9516,-68.0591
Neuquén,2004,14.53,-38.9516,-68.0591
Neuquén,2005,13.95,-38.9516,-68.0591
Neuquén,2006,14.46,-38.9516,-68.0591
Neuquén,2007,13.84,-38.9516,-68.0591
Neuquén,2008,15.27,-38.9516,-68.0591
Neuquén,2009,14.55,-38.9516,-68.0591
Neuquén,2010,13.87,-38.9516,-68.0591
Neuquén,2011,14.53,-38.9516,-68.0591
Neuquén,2012,14.57,-38.9516,-68.0591
Neuquén,2013,15.15,-38.9516,-68.0591
Neuquén,2014,13.55,-38.9516,-68.0591
Neuquén,2015,14.4,-38.9516,-68.0591
Neuquén,2016,13.9,-38.9516,-68.0591
Neuquén,2017,14.69,-38.9516,-68.0591
Neuquén,2018,14.16,-38.9516,-68.0591
Neuquén,2019,14.58,-38.9516,-68.0591
Neuquén,2020,13.73,-38.9516,-68.0591
Neuquén,2021,14.94,-38.9516,-68.0591
Neuquén,2022,14.18,-38.9516,-68.0591
Neuquén,2023,14.89,-38.9516,-68.0591
Neuquén,2024,14.61,-38.9516,-68.0591
Neuquén,2025,15.01,-38.9516,-68.0591
Río Negro,1981,14.57,-40.8135,-62.9967
Río Negro,1982,14.76,-40.8135,-62.9967
Río Negro,1983,14.47,-40.8135,-62.9967
Río Negro,1984,13.48,-40.8135,-62.9967
Río Negro,1985,14.5,-40.8135,-62.9967
Río Negro,1986,14.23,-40.8135,-62.9967
Río Negro,1987,14.49,-40.8135,-62.9967
Río Negro,1988,14.28,-40.8135,-62.9967
Río Negro,1989,15.24,-40.8135,-62.9967
Río Negro,1990,14.62,-40.8135,-62.9967
Río Negro,1991,14.71,-40.8135,-62.9967
Río Negro,1992,14.08,-40.8135,-62.9967
Río Negro,1993,14.2,-40.8135,-62.9967
Río Negro,1994,14.5,-40.8135,-62.9967
Río Negro,1995,13.73,-40.8135,-62.9967
Río Negro,1996,14.0,-40.8135,-62.9967
Río Negro,1997,13.98,-40.8135,-62.9967
Río Negro,1998,14.81,-40.8135,-62.9967
Río Negro,1999,14.37,-40.8135,-62.9967
Río Negro,2000,13.66,-40.8135,-62.9967
Río Negro,2001,14.21,-40.8135,-62.9967
Río Negro,2002,14.2,-40.8135,-62.9967
Río Negro,2003,14.37,-40.8135,-62.9967
Río Negro,2004,14.5,-40.8135,-62.9967
Río Negro,2005,14.1,-40.8135,-62.9967
Río Negro,2006,14.34,-40.8135,-62.9967
Río Negro,2007,13.67,-40.8135,-62.9967
Río Negro,2008,14.84,-40.8135,-62.9967
Río Negro,2009,14.98,-40.8135,-62.9967
Río Negro,2010,14.03,-40.8135,-62.9967
Río Negro,2011,14.58,-40.8135,-62.9967
Río Negro,2012,14.24,-40.8135,-62.9967
Río Negro,2013,14.28,-40.8135,-62.9967
Río Negro,2014,13.94,-40.8135,-62.9967
Río Negro,2015,14.24,-40.8135,-62.9967
Río Negro,2016,14.1,-40.8135,-62.9967
Río Negro,2017,14.75,-40.8135,-62.9967
Río Negro,2018,14.46,-40.8135,-62.9967
Río Negro,2019,14.17,-40.8135,-62.9967
Río Negro,2020,14.39,-40.8135,-62.9967
Río Negro,2021,15.05,-40.8135,-62.9967
Río Negro,2022,14.05,-40.8135,-62.9967
Río Negro,2023,14.39,-40.8135,-62.9967
Río Negro,2024,14.01,-40.8135,-62.9967
Río Negro,2025,14.34,-40.8135,-62.9967
Salta,1981,13.81,-24.7859,-65.4117
Salta,1982,14.18,-24.7859,-65.4117
Salta,1983,13.85,-24.7859,-65.4117
Salta,1984,14.01,-24.7859,-65.4117
Salta,1985,14.06,-24.7859,-65.4117
Salta,1986,14.61,-24.7859,-65.4117
Salta,1987,13.94,-24.7859,-65.4117
Salta,1988,13.65,-24.7859,-65.4117
Salta,1989,13.88,-24.7859,-65.4117
Salta,1990,13.92,-24.7859,-65.4117
Salta,1991,14.31,-24.7859,-65.4117
Salta,1992,13.57,-24.7859,-65.4117
Salta,1993,13.71,-24.7859,-65.4117
Salta,1994,14.36,-24.7859,-65.4117
Salta,1995,13.89,-24.7859,-65.4117
Salta,1996,13.43,-24.7859,-65.4117
Salta,1997,14.54,-24.7859,-65.4117
Salta,1998,13.7,-24.7859,-65.4117
Salta,1999,13.1,-24.7859,-65.4117
Salta,2000,13.33,-24.7859,-65.4117
Salta,2001,13.8,-24.7859,-65.4117
Salta,2002,14.21,-24.7859,-65.4117
Salta,2003,14.18,-24.7859,-65.4117
Salta,2004,13.72,-24.7859,-65.4117
Salta,2005,13.82,-24.7859,-65.4117
Salta,2006,14.44,-24.7859,-65.4117
Salta,2007,13.47,-24.7859,-65.4117
Salta,2008,13.12,-24.7859,-65.4117
Salta,2009,13.95,-24.7859,-65.4117
Salta,2010,13.27,-24.7859,-65.4117
Salta,2011,13.35,-24.7859,-65.4117
Salta,2012,14.2,-24.7859,-65.4117
Salta,2013,13.82,-24.7859,-65.4117
Salta,2014,14.17,-24.7859,-65.4117
Salta,2015,14.33,-24.7859,-65.4117
Salta,2016,13.55,-24.7859,-65.4117
Salta,2017,14.32,-24.7859,-65.4117
Salta,2018,13.96,-24.7859,-65.4117
Salta,2019,14.27,-24.7859,-65.4117
Salta,2020,14.46,-24.7859,-65.4117
Salta,2021,13.79,-24.7859,-65.4117
Salta,2022,13.44,-24.7859,-65.4117
Salta,2023,15.41,-24.7859,-65.4117
Salta,2024,14.89,-24.7859,-65.4117
Salta,2025,14.23,-24.7859,-65.4117
San Juan,1981,17.23,-31.5375,-68.5364
San Juan,1982,17.44,-31.5375,-68.5364
San Juan,1983,16.69,-31.5375,-68.5364
San Juan,1984,16.75,-31.5375,-68.5364
San Juan,1985,17.64,-31.5375,-68.5364
San Juan,1986,18.05,-31.5375,-68.5364
San Juan,1987,16.93,-31.5375,-68.5364
San Juan,1988,16.87,-31.5375,-68.5364
San Juan,1989,17.51,-31.5375,-68.5364
San Juan,1990,17.07,-31.5375,-68.5364
San Juan,1991,17.28,-31.5375,-68.5364
San Juan,1992,16.5,-31.5375,-68.5364
San Juan,1993,16.79,-31.5375,-68.5364
San Juan,1994,17.7,-31.5375,-68.5364
San Juan,1995,17.33,-31.5375,-68.5364
San Juan,1996,16.66,-31.5375,-68.5364
San Juan,1997,17.6,-31.5375,-68.5364
San Juan,1998,16.71,-31.5375,-68.5364
San Juan,1999,16.16,-31.5375,-68.5364
San Juan,2000,15.93,-31.5375,-68.5364
San Juan,2001,16.82,-31.5375,-68.5364
San Juan,2002,16.92,-31.5375,-68.5364
San Juan,2003,17.53,-31.5375,-68.5364
San Juan,2004,16.89,-31.5375,-68.5364
San Juan,2005,16.35,-31.5375,-68.5364
San Juan,2006,17.75,-31.5375,-68.5364
San Juan,2007,15.88,-31.5375,-68.5364
San Juan,2008,16.45,-31.5375,-68.5364
San Juan,2009,17.35,-31.5375,-68.5364
San Juan,2010,16.37,-31.5375,-68.5364
San Juan,2011,16.35,-31.5375,-68.5364
San Juan,2012,17.23,-31.5375,-68.5364
San Juan,2013,16.96,-31.5375,-68.5364
San Juan,2014,16.89,-31.5375,-68.5364
San Juan,2015,17.28,-31.5375,-68.5364
San Juan,2016,16.57,-31.5375,-68.5364
San Juan,2017,17.11,-31.5375,-68.5364
San Juan,2018,16.82,-31.5375,-68.5364
San Juan,2019,17.16,-31.5375,-68.5364
San Juan,2020,17.6,-31.5375,-68.5364
San Juan,2021,17.01,-31.5375,-68.5364
San Juan,2022,16.64,-31.5375,-68.5364
San Juan,2023,18.44,-31.5375,-68.5364
San Juan,2024,17.86,-31.5375,-68.5364
San Juan,2025,17.39,-31.5375,-68.5364
San Luis,1981,16.78,-33.295,-66.3356
San Luis,1982,17.07,-33.295,-66.3356
San Luis,1983,16.5,-33.295,-66.3356
San Luis,1984,15.83,-33.295,-66.3356
San Luis,1985,16.88,-33.295,-66.3356
San Luis,1986,17.51,-33.295,-66.3356
San Luis,1987,16.98,-33.295,-66.3356
San Luis,1988,16.88,-33.295,-66.3356
San Luis,1989,17.25,-33.295,-66.3356
San Luis,1990,16.63,-33.295,-66.3356
San Luis,1991,16.42,-33.295,-66.3356
San Luis,1992,16.18,-33.295,-66.3356
San Luis,1993,16.52,-33.295,-66.3356
San Luis,1994,17.1,-33.295,-66.3356
San Luis,1995,16.94,-33.295,-66.3356
San Luis,1996,16.62,-33.295,-66.3356
San Luis,1997,17.39,-33.295,-66.3356
San Luis,1998,16.1,-33.295,-66.3356
San Luis,1999,16.03,-33.295,-66.3356
San Luis,2000,15.58,-33.295,-66.3356
San Luis,2001,16.48,-33.295,-66.3356
San Luis,2002,16.56,-33.295,-66.3356
San Luis,2003,17.22,-33.295,-66.3356
San Luis,2004,16.67,-33.295,-66.3356
San Luis,2005,16.38,-33.295,-66.3356
San Luis,2006,17.24,-33.295,-66.3356
San Luis,2007,15.05,-33.295,-66.3356
San Luis,2008,16.12,-33.295,-66.3356
San Luis,2009,17.03,-33.295,-66.3356
San Luis,2010,16.13,-33.295,-66.3356
San Luis,2011,16.25,-33.295,-66.3356
San Luis,2012,16.81,-33.295,-66.3356
San Luis,2013,16.74,-33.295,-66.3356
San Luis,2014,16.62,-33.295,-66.3356
San Luis,2015,16.32,-33.295,-66.3356
San Luis,2016,16.0,-33.295,-66.3356
San Luis,2017,16.53,-33.295,-66.3356
San Luis,2018,16.98,-33.295,-66.3356
San Luis,2019,17.15,-33.295,-66.3356
San Luis,2020,17.83,-33.295,-66.3356
San Luis,2021,16.71,-33.295,-66.3356
San Luis,2022,17.04,-33.295,-66.3356
San Luis,2023,18.11,-33.295,-66.3356
San Luis,2024,17.4,-33.295,-66.3356
San Luis,2025,17.41,-33.295,-66.3356
Santa Cruz,1981,6.99,-51.623,-69.2168
Santa Cruz,1982,7.08,-51.623,-69.2168
Santa Cruz,1983,7.35,-51.623,-69.2168
Santa Cruz,1984,6.46,-51.623,-69.2168
Santa Cruz,1985,7.52,-51.623,-69.2168
Santa Cruz,1986,6.75,-51.623,-69.2168
Santa Cruz,1987,7.46,-51.623,-69.2168
Santa Cruz,1988,7.25,-51.623,-69.2168
Santa Cruz,1989,7.42,-51.623,-69.2168
Santa Cruz,1990,6.81,-51.623,-69.2168
Santa Cruz,1991,6.15,-51.623,-69.2168
Santa Cruz,1992,6.18,-51.623,-69.2168
Santa Cruz,1993,6.76,-51.623,-69.2168
Santa Cruz,1994,6.45,-51.623,-69.2168
Santa Cruz,1995,6.55,-51.623,-69.2168
Santa Cruz,1996,6.68,-51.623,-69.2168
Santa Cruz,1997,6.18,-51.623,-69.2168
Santa Cruz,1998,7.43,-51.623,-69.2168
Santa Cruz,1999,6.97,-51.623,-69.2168
Santa Cruz,2000,6.05,-51.623,-69.2168
Santa Cruz,2001,6.25,-51.623,-69.2168
Santa Cruz,2002,5.81,-51.623,-69.2168
Santa Cruz,2003,6.76,-51.623,-69.2168
Santa Cruz,2004,7.52,-51.623,-69.2168
Santa Cruz,2005,6.58,-51.623,-69.2168
Santa Cruz,2006,6.98,-51.623,-69.2168
Santa Cruz,2007,6.73,-51.623,-69.2168
Santa Cruz,2008,7.26,-51.623,-69.2168
Santa Cruz,2009,6.6,-51.623,-69.2168
Santa Cruz,2010,6.45,-51.623,-69.2168
Santa Cruz,2011,7.13,-51.623,-69.2168
Santa Cruz,2012,6.8,-51.623,-69.2168
Santa Cruz,2013,7.24,-51.623,-69.2168
Santa Cruz,2014,6.42,-51.623,-69.2168
Santa Cruz,2015,6.62,-51.623,-69.2168
Santa Cruz,2016,7.46,-51.623,-69.2168
Santa Cruz,2017,6.91,-51.623,-69.2168
Santa Cruz,2018,6.77,-51.623,-69.2168
Santa Cruz,2019,6.87,-51.623,-69.2168
Santa Cruz,2020,6.98,-51.623,-69.2168
Santa Cruz,2021,7.68,-51.623,-69.2168
Santa Cruz,2022,7.05,-51.623,-69.2168
Santa Cruz,2023,6.69,-51.623,-69.2168
Santa Cruz,2024,6.76,-51.623,-69.2168
Santa Cruz,2025,7.04,-51.623,-69.2168
Santa Fe,1981,19.33,-31.6333,-60.7
Santa Fe,1982,19.93,-31.6333,-60.7
Santa Fe,1983,18.85,-31.6333,-60.7
Santa Fe,1984,18.51,-31.6333,-60.7
Santa Fe,1985,19.8,-31.6333,-60.7
Santa Fe,1986,19.86,-31.6333,-60.7
Santa Fe,1987,19.35,-31.6333,-60.7
Santa Fe,1988,19.2,-31.6333,-60.7
Santa Fe,1989,20.27,-31.6333,-60.7
Santa Fe,1990,19.28,-31.6333,-60.7
Santa Fe,1991,19.75,-31.6333,-60.7
Santa Fe,1992,18.86,-31.6333,-60.7
Santa Fe,1993,18.99,-31.6333,-60.7
Santa Fe,1994,19.94,-31.6333,-60.7
Santa Fe,1995,19.35,-31.6333,-60.7
Santa Fe,1996,19.26,-31.6333,-60.7
Santa Fe,1997,20.36,-31.6333,-60.7
Santa Fe,1998,18.85,-31.6333,-60.7
Santa Fe,1999,19.32,-31.6333,-60.7
Santa Fe,2000,18.36,-31.6333,-60.7
Santa Fe,2001,19.3,-31.6333,-60.7
Santa Fe,2002,19.07,-31.6333,-60.7
Santa Fe,2003,18.66,-31.6333,-60.7
Santa Fe,2004,19.59,-31.6333,-60.7
Santa Fe,2005,18.76,-31.6333,-60.7
Santa Fe,2006,19.87,-31.6333,-60.7
Santa Fe,2007,17.92,-31.6333,-60.7
Santa Fe,2008,20.08,-31.6333,-60.7
Santa Fe,2009,19.45,-31.6333,-60.7
Santa Fe,2010,18.39,-31.6333,-60.7
Santa Fe,2011,18.85,-31.6333,-60.7
Santa Fe,2012,19.31,-31.6333,-60.7
Santa Fe,2013,19.15,-31.6333,-60.7
Santa Fe,2014,19.16,-31.6333,-60.7
Santa Fe,2015,19.59,-31.6333,-60.7
Santa Fe,2016,18.62,-31.6333,-60.7
Santa Fe,2017,19.5,-31.6333,-60.7
Santa Fe,2018,19.71,-31.6333,-60.7
Santa Fe,2019,18.99,-31.6333,-60.7
Santa Fe,2020,19.5,-31.6333,-60.7
Santa Fe,2021,19.56,-31.6333,-60.7
Santa Fe,2022,19.36,-31.6333,-60.7
Santa Fe,2023,20.9,-31.6333,-60.7
Santa Fe,2024,19.78,-31.6333,-60.7
Santa Fe,2025,19.94,-31.6333,-60.7
Santiago del Estero,1981,21.89,-27.7834,-64.2642
Santiago del Estero,1982,22.0,-27.7834,-64.2642
Santiago del Estero,1983,21.09,-27.7834,-64.2642
Santiago del Estero,1984,21.49,-27.7834,-64.2642
Santiago del Estero,1985,22.56,-27.7834,-64.2642
Santiago del Estero,1986,23.16,-27.7834,-64.2642
Santiago del Estero,1987,21.9,-27.7834,-64.2642
Santiago del Estero,1988,21.97,-27.7834,-64.2642
Santiago del Estero,1989,22.46,-27.7834,-64.2642
Santiago del Estero,1990,21.61,-27.7834,-64.2642
Santiago del Estero,1991,22.21,-27.7834,-64.2642
Santiago del Estero,1992,20.71,-27.7834,-64.2642
Santiago del Estero,1993,21.63,-27.7834,-64.2642
Santiago del Estero,1994,22.67,-27.7834,-64.2642
Santiago del Estero,1995,22.14,-27.7834,-64.2642
Santiago del Estero,1996,21.13,-27.7834,-64.2642
Santiago del Estero,1997,22.68,-27.7834,-64.2642
Santiago del Estero,1998,21.45,-27.7834,-64.2642
Santiago del Estero,1999,20.68,-27.7834,-64.2642
Santiago del Estero,2000,20.41,-27.7834,-64.2642
Santiago del Estero,2001,21.46,-27.7834,-64.2642
Santiago del Estero,2002,21.32,-27.7834,-64.2642
Santiago del Estero,2003,22.2,-27.7834,-64.2642
Santiago del Estero,2004,22.21,-27.7834,-64.2642
Santiago del Estero,2005,21.17,-27.7834,-64.2642
Santiago del Estero,2006,22.6,-27.7834,-64.2642
Santiago del Estero,2007,20.68,-27.7834,-64.2642
Santiago del Estero,2008,21.12,-27.7834,-64.2642
Santiago del Estero,2009,21.92,-27.7834,-64.2642
Santiago del Estero,2010,20.45,-27.7834,-64.2642
Santiago del Estero,2011,20.81,-27.7834,-64.2642
Santiago del Estero,2012,21.97,-27.7834,-64.2642
Santiago del Estero,2013,21.91,-27.7834,-64.2642
Santiago del Estero,2014,21.57,-27.7834,-64.2642
Santiago del Estero,2015,21.8,-27.7834,-64.2642
Santiago del Estero,2016,20.66,-27.7834,-64.2642
Santiago del Estero,2017,22.12,-27.7834,-64.2642
Santiago del Estero,2018,21.49,-27.7834,-64.2642
Santiago del Estero,2019,20.94,-27.7834,-64.2642
Santiago del Estero,2020,21.89,-27.7834,-64.2642
Santiago del Estero,2021,21.07,-27.7834,-64.2642
Santiago del Estero,2022,21.12,-27.7834,-64.2642
Santiago del Estero,2023,23.04,-27.7834,-64.2642
Santiago del Estero,2024,22.36,-27.7834,-64.2642
Santiago del Estero,2025,22.31,-27.7834,-64.2642
"Tierra del Fuego, Antártida e Islas del Atlántico Sur",1981,3.4,-54.8019,-68.303
"Tierra del Fuego, Antártida e Islas del Atlántico Sur",1982,3.65,-54.8019,-68.303
"Tierra del Fuego, Antártida e Islas del Atlántico Sur",1983,3.81,-54.8019,-68.303
"Tierra del Fuego, Antártida e Islas del Atlántico Sur",1984,3.25,-54.8019,-68.303
"Tierra del Fuego, Antártida e Islas del Atlántico Sur",1985,3.98,-54.8019,-68.303
"Tierra del Fuego, Antártida e Islas del Atlántico Sur",1986,2.98,-54.8019,-68.303
"Tierra del Fuego, Antártida e Islas del Atlántico Sur",1987,3.63,-54.8019,-68.303
"Tierra del Fuego, Antártida e Islas del Atlántico Sur",1988,3.74,-54.8019,-68.303
"Tierra del Fuego, Antártida e Islas del Atlántico Sur",1989,4.11,-54.8019,-68.303
"Tierra del Fuego, Antártida e Islas del Atlántico Sur",1990,3.46,-54.8019,-68.303
"Tierra del Fuego, Antártida e Islas del Atlántico Sur",1991,2.75,-54.8019,-68.303
"Tierra del Fuego, Antártida e Islas del Atlántico Sur",1992,3.0,-54.8019,-68.303
"Tierra del Fuego, Antártida e Islas del Atlántico Sur",1993,3.52,-54.8019,-68.303
"Tierra del Fuego, Antártida e Islas del Atlántico Sur",1994,3.37,-54.8019,-68.303
"Tierra del Fuego, Antártida e Islas del Atlántico Sur",1995,3.06,-54.8019,-68.303
"Tierra del Fuego, Antártida e Islas del Atlántico Sur",1996,3.59,-54.8019,-68.303
"Tierra del Fuego, Antártida e Islas del Atlántico Sur",1997,3.0,-54.8019,-68.303
"Tierra del Fuego, Antártida e Islas del Atlántico Sur",1998,4.3,-54.8019,-68.303
"Tierra del Fuego, Antártida e Islas del Atlántico Sur",1999,3.7,-54.8019,-68.303
"Tierra del Fuego, Antártida e Islas del Atlántico Sur",2000,2.92,-54.8019,-68.303
"Tierra del Fuego, Antártida e Islas del Atlántico Sur",2001,3.23,-54.8019,-68.303
"Tierra del Fuego, Antártida e Islas del Atlántico Sur",2002,2.85,-54.8019,-68.303
"Tierra del Fuego, Antártida e Islas del Atlántico Sur",2003,3.78,-54.8019,-68.303
"Tierra del Fuego, Antártida e Islas del Atlántico Sur",2004,4.25,-54.8019,-68.303
"Tierra del Fuego, Antártida e Islas del Atlántico Sur",2005,3.63,-54.8019,-68.303
"Tierra del Fuego, Antártida e Islas del Atlántico Sur",2006,3.84,-54.8019,-68.303
"Tierra del Fuego, Antártida e Islas del Atlántico Sur",2007,3.34,-54.8019,-68.303
"Tierra del Fuego, Antártida e Islas del Atlántico Sur",2008,3.87,-54.8019,-68.303
"Tierra del Fuego, Antártida e Islas del Atlántico Sur",2009,3.1,-54.8019,-68.303
"Tierra del Fuego, Antártida e Islas del Atlántico Sur",2010,3.39,-54.8019,-68.303
"Tierra del Fuego, Antártida e Islas del Atlántico Sur",2011,3.59,-54.8019,-68.303
"Tierra del Fuego, Antártida e Islas del Atlántico Sur",2012,3.08,-54.8019,-68.303
"Tierra del Fuego, Antártida e Islas del Atlántico Sur",2013,3.64,-54.8019,-68.303
"Tierra del Fuego, Antártida e Islas del Atlántico Sur",2014,3.09,-54.8019,-68.303
"Tierra del Fuego, Antártida e Islas del Atlántico Sur",2015,2.85,-54.8019,-68.303
"Tierra del Fuego, Antártida e Islas del Atlántico Sur",2016,3.97,-54.8019,-68.303
"Tierra del Fuego, Antártida e Islas del Atlántico Sur",2017,3.88,-54.8019,-68.303
"Tierra del Fuego, Antártida e Islas del Atlántico Sur",2018,3.57,-54.8019,-68.303
"Tierra del Fuego, Antártida e Islas del Atlántico Sur",2019,3.51,-54.8019,-68.303
"Tierra del Fuego, Antártida e Islas del Atlántico Sur",2020,3.94,-54.8019,-68.303
"Tierra del Fuego, Antártida e Islas del Atlántico Sur",2021,4.15,-54.8019,-68.303
"Tierra del Fuego, Antártida e Islas del Atlántico Sur",2022,3.85,-54.8019,-68.303
"Tierra del Fuego, Antártida e Islas del Atlántico Sur",2023,3.28,-54.8019,-68.303
"Tierra del Fuego, Antártida e Islas del Atlántico Sur",2024,3.37,-54.8019,-68.303
"Tierra del Fuego, Antártida e Islas del Atlántico Sur",2025,3.79,-54.8019,-68.303
Tucumán,1981,22.19,-26.8241,-65.2226
Tucumán,1982,22.16,-26.8241,-65.2226
Tucumán,1983,21.31,-26.8241,-65.2226
Tucumán,1984,21.46,-26.8241,-65.2226
Tucumán,1985,22.59,-26.8241,-65.2226
Tucumán,1986,23.07,-26.8241,-65.2226
Tucumán,1987,22.2,-26.8241,-65.2226
Tucumán,1988,22.0,-26.8241,-65.2226
Tucumán,1989,23.03,-26.8241,-65.2226
Tucumán,1990,21.95,-26.8241,-65.2226
Tucumán,1991,22.4,-26.8241,-65.2226
Tucumán,1992,21.1,-26.8241,-65.2226
Tucumán,1993,22.04,-26.8241,-65.2226
Tucumán,1994,22.89,-26.8241,-65.2226
Tucumán,1995,22.74,-26.8241,-65.2226
Tucumán,1996,21.64,-26.8241,-65.2226
Tucumán,1997,23.0,-26.8241,-65.2226
Tucumán,1998,21.52,-26.8241,-65.2226
Tucumán,1999,21.13,-26.8241,-65.2226
Tucumán,2000,20.66,-26.8241,-65.2226
Tucumán,2001,21.39,-26.8241,-65.2226
Tucumán,2002,21.76,-26.8241,-65.2226
Tucumán,2003,22.67,-26.8241,-65.2226
Tucumán,2004,22.06,-26.8241,-65.2226
Tucumán,2005,21.53,-26.8241,-65.2226
Tucumán,2006,22.46,-26.8241,-65.2226
Tucumán,2007,20.6,-26.8241,-65.2226
Tucumán,2008,21.27,-26.8241,-65.2226
Tucumán,2009,22.4,-26.8241,-65.2226
Tucumán,2010,20.93,-26.8241,-65.2226
Tucumán,2011,20.93,-26.8241,-65.2226
Tucumán,2012,22.42,-26.8241,-65.2226
Tucumán,2013,21.95,-26.8241,-65.2226
Tucumán,2014,22.11,-26.8241,-65.2226
Tucumán,2015,22.17,-26.8241,-65.2226
Tucumán,2016,21.03,-26.8241,-65.2226
Tucumán,2017,22.0,-26.8241,-65.2226
Tucumán,2018,21.83,-26.8241,-65.2226
Tucumán,2019,21.36,-26.8241,-65.2226
Tucumán,2020,22.2,-26.8241,-65.2226
Tucumán,2021,21.57,-26.8241,-65.2226
Tucumán,2022,21.73,-26.8241,-65.2226
Tucumán,2023,23.49,-26.8241,-65.2226
Tucumán,2024,22.76,-26.8241,-65.2226
Tucumán,2025,22.82,-26.8241,-65.2226
